Owner,n_plants,total_capacity_ttpa,mean_capacity_ttpa,max_capacity_ttpa,n_countries,n_regions,mean_plant_age,mean_nearest_exposure_usd,mean_local_exposure_usd,max_local_exposure_usd,capacity_weighted_exposure_usd,countries,centroid_lat,centroid_lon,largest_plant,largest_plant_lat,largest_plant_lon,largest_plant_ttpa,rep_lat,rep_lon,rep_source
Nippon Steel Corp,10,44423.0,5552.875,10001.0,1,1,79.346,13035898661.493433,257528786379.0857,1460925597281.7454,319517129600.1745,Japan,35.35515368114211,135.3228946901898,Nippon East Japan Works (Kimitsu) steel plant,35.360912,139.881953,10001.0,35.360912,139.881953,largest plant
Angang Steel Co Ltd,3,30250.0,10083.333333333334,20650.0,1,1,22.006666666666664,17992253793.146187,74041047571.84369,177246047307.24884,128072046899.5572,China,41.000325847048245,121.8320735115647,Angang Steel Co Ltd,41.148267,122.983054,20650.0,41.148267,122.983054,largest plant
JFE Steel Corp,5,28768.0,7192.0,13002.0,1,1,62.49400000000001,78559959627.55774,890055524489.1858,3249420497681.8906,206868809109.7699,Japan,35.70407961888031,137.5557365364583,JFE West Japan Works (Fukuyama) steel plant,34.465222,133.431205,13002.0,34.465222,133.431205,largest plant
JSW Steel Ltd,5,28359.0,7089.75,11899.0,1,1,28.25,390503654.86848414,4461305434.650757,8198798360.952456,4412760509.52387,India,17.560645749801473,78.29256965382291,JSW Steel Vijayanagar steel plant,15.180423,76.663134,11899.0,15.180423,76.663134,largest plant
Tata Steel Ltd,5,25710.0,6427.5,11000.0,1,1,49.5,1952889413.1808407,15876852892.778143,22259605542.9267,13955362893.056187,India,23.7078079282903,84.03465673104749,Tata Steel Jamshedpur steel plant,22.788598,86.1996,11000.0,22.788598,86.1996,largest plant
Steel Authority of India Ltd,8,21350.0,3558.3333333333335,6999.0,1,1,70.68833333333333,3249196970.62921,23408073014.266884,61839620752.38252,24605050712.24434,India,22.69369291945575,85.70987538814069,SAIL Bhilai steel plant,21.185157,81.394207,6999.0,21.185157,81.394207,largest plant
Baoshan Iron & Steel Co Ltd,1,19800.0,19800.0,19800.0,1,1,49.0,72345769161.90762,1390784081982.4404,1390784081982.4404,1390784081982.4404,China,31.416229999999995,121.44008700000002,Baoshan Iron and Steel Co Ltd Headquarters,31.41623,121.440087,19800.0,31.41623,121.440087,largest plant
Maanshan Iron & Steel Co Ltd,1,17340.0,17340.0,17340.0,1,1,73.0,14161932205.740225,67473115662.355225,67473115662.355225,67473115662.35522,China,31.698884000000003,118.468194,Maanshan Iron and Steel Co Ltd,31.698884,118.468194,17340.0,31.698884,118.468194,largest plant
Jiangsu Shagang Iron & Steel Co Ltd,1,17305.0,17305.0,17305.0,1,1,23.6,5778523153.580064,157366677006.8745,157366677006.8745,157366677006.8745,China,31.983146000000005,120.63899200000002,Jiangsu Shagang Iron & Steel Co Ltd,31.983146,120.638992,17305.0,31.983146,120.638992,largest plant
Inner Mongolia BaoTou Steel Union Co Ltd,1,16760.0,16760.0,16760.0,1,1,26.64,563557793.4713724,145202593779.9198,145202593779.9198,145202593779.9198,China,40.647997,109.740898,Inner Mongolia BaoTou Steel Union Co Ltd,40.647997,109.740898,16760.0,40.647997,109.740898,largest plant
Hunan Valin Lianyuan Iron and Steel Co Ltd,2,16250.0,8125.0,9000.0,1,1,68.0,4608518568.66061,59052718337.73063,104565786450.4516,54151311002.514534,China,27.781734179312004,112.43221815561266,Hunan Valin Lianyuan Iron and Steel Co Ltd,27.747782,111.967343,9000.0,27.747782,111.967343,largest plant
Wuhan Iron and Steel Co Ltd,1,15907.0,15907.0,15907.0,1,1,67.44,13274108766.720098,792587500359.3319,792587500359.3319,792587500359.3319,China,30.616221999999993,114.444975,Wuhan Iron and Steel Co Ltd,30.616222,114.444975,15907.0,30.616222,114.444975,largest plant
Baosteel Zhanjiang Iron & Steel Co Ltd,1,14328.0,14328.0,14328.0,1,1,15.0,1178377706.3453572,17735392319.65234,17735392319.65234,17735392319.65234,China,21.056035000000005,110.48657,Baosteel Zhanjiang Iron and Steel Co Ltd,21.056035,110.48657,14328.0,21.056035,110.48657,largest plant
Shougang Jingtang United Iron & Steel Co Ltd,1,13700.0,13700.0,13700.0,1,1,21.0,102371633.8710309,409257805.6214824,409257805.6214824,409257805.6214824,China,38.953663999999996,118.50339,Shougang Jingtang United Iron and Steel Co Ltd,38.953664,118.50339,13700.0,38.953664,118.50339,largest plant
Bengang Steel Plates Co Ltd,1,13440.0,13440.0,13440.0,1,1,28.65,10302505895.931911,41341080042.015594,41341080042.015594,41341080042.015594,China,41.27413200000001,123.722099,Bengang Steel Plates Co Ltd,41.274132,123.722099,13440.0,41.274132,123.722099,largest plant
Shanxi Taigang Stainless Steel Co Ltd,1,12460.0,12460.0,12460.0,1,1,27.69,24668432523.352684,350657524309.16284,350657524309.16284,350657524309.16284,China,37.931488,112.53932100000002,Shanxi Taigang Stainless Steel Co Ltd,37.931488,112.539321,12460.0,37.931488,112.539321,largest plant
Rizhao Steel Holding Group Co Ltd,1,11300.0,11300.0,11300.0,1,1,22.77,784949051.4879102,17666682118.644394,17666682118.644394,17666682118.644394,China,35.16535,119.366672,Rizhao Steel Holding Group Co Ltd,35.16535,119.366672,11300.0,35.16535,119.366672,largest plant
Xinyu Iron & Steel Corp Ltd,1,11001.0,11001.0,11001.0,1,1,68.0,7022275672.93845,15455467882.228136,15455467882.228136,15455467882.228136,China,27.786859000000003,114.921595,Xinyu Iron and Steel Group Co Ltd,27.786859,114.921595,11001.0,27.786859,114.921595,largest plant
Hebei Donghai SPECIAL Steel Group Co Ltd,1,10001.0,10001.0,10001.0,1,1,17.0,1222250055.6719754,75657011830.70213,75657011830.70213,75657011830.70213,China,39.610605,118.474722,Hebei Donghai Special Steel Co Ltd,39.610605,118.474722,10001.0,39.610605,118.474722,largest plant
Nanjing Iron & Steel Co Ltd,1,10000.0,10000.0,10000.0,1,1,68.0,11508667093.45597,555278339183.4592,555278339183.4592,555278339183.4592,China,32.200797,118.746315,Nanjing Iron and Steel Co Ltd,32.200797,118.746315,10000.0,32.200797,118.746315,largest plant
Hebei Yanshan Iron and Steel Group Co Ltd,1,9990.0,9990.0,9990.0,1,1,24.0,4245679723.9297485,30114152964.391434,30114152964.391434,30114152964.391434,China,39.925508,118.672757,Hebei Yanshan Iron and Steel Group Co Ltd,39.925508,118.672757,9990.0,39.925508,118.672757,largest plant
Guangxi Shenglong Metallurgical Co Ltd,1,9783.0,9783.0,9783.0,1,1,23.0,954514098.9683073,3098704254.237641,3098704254.237641,3098704254.237641,China,21.687637000000002,108.412344,Guangxi Shenglong Metallurgical Co Ltd,21.687637,108.412344,9783.0,21.687637,108.412344,largest plant
Jindal Steel Limited Ltd,5,9600.0,4800.0,6000.0,1,1,25.0,374314226.8259558,7117483337.8468275,17502840108.21367,6360486113.389303,India,20.98547247701317,84.19386131039222,Jindal Steel Angul steel plant,20.884896,84.991539,6000.0,20.884896,84.991539,largest plant
ArcelorMittal Nippon Steel India Ltd,5,9600.0,9600.0,9600.0,1,1,31.0,1028284804.7500484,6416880978.998736,19900243936.643406,19900243936.643406,India,20.01008551102846,81.67559292360495,ArcelorMittal Nippon Steel Hazira plant,21.112377,72.647304,9600.0,21.112377,72.647304,largest plant
Liuzhou IRON&STEEL Co Ltd,1,9458.0,9458.0,9458.0,1,1,26.0,21236255107.045433,104398367841.42648,104398367841.42648,104398367841.42648,China,24.385304,109.37963,Liuzhou Iron and Steel Co Ltd Liuzhou Base,24.385304,109.37963,9458.0,24.385304,109.37963,largest plant
SGIS Songshan Co Ltd,1,8698.0,8698.0,8698.0,1,1,29.0,2904267538.2436757,29190692279.23758,29190692279.23758,29190692279.23758,China,24.708232,113.635898,Guangdong Zhongnan Iron & Steel Co Ltd,24.708232,113.635898,8698.0,24.708232,113.635898,largest plant
Shandong IRON&STEEL Group Rizhao Co Ltd,1,8500.0,8500.0,8500.0,1,1,17.0,784949051.4879102,17666682118.644394,17666682118.644394,17666682118.644394,China,35.188969,119.38372300000002,Shandong Iron and Steel Group Rizhao Co Ltd,35.188969,119.383723,8500.0,35.188969,119.383723,largest plant
Chongqing Iron & Steel Co Ltd,1,8400.0,8400.0,8400.0,1,1,29.0,3087923383.6047015,10693419120.529099,10693419120.529099,10693419120.529099,China,29.790253,107.040368,Chongqing Iron and Steel Co Ltd,29.790253,107.040368,8400.0,29.790253,107.040368,largest plant
Guangxi Iron and Steel Group Co Ltd,1,8400.0,8400.0,8400.0,1,1,6.0,226557645.65927386,2703849417.2216682,2703849417.2216682,2703849417.2216682,China,21.580723,108.400896,Guangxi Iron and Steel Group Co Ltd Fangchenggang Iron & Steel Base,21.580723,108.400896,8400.0,21.580723,108.400896,largest plant
Beijing Shougang Co Ltd,1,8300.0,8300.0,8300.0,1,1,24.0,1205952791.2560177,24484405433.029182,24484405433.029182,24484405433.029182,China,39.97670200000001,118.55878800000002,Shougang Qian an Iron and Steel Co Ltd,39.976702,118.558788,8300.0,39.976702,118.558788,largest plant
Lianfeng Steel (Zhangjiagang) Co Ltd,1,8240.0,8240.0,8240.0,1,1,23.65,3289812339.6058364,175228176979.22415,175228176979.22415,175228176979.22415,China,31.855204999999998,120.73050500000001,Lianfeng Steel Zhangjiagang Co Ltd,31.855205,120.730505,8240.0,31.855205,120.730505,largest plant
Chengde Street Ltd,1,8000.0,8000.0,8000.0,1,1,72.0,896245650.7992102,16077296505.116661,16077296505.116661,16077296505.116661,China,40.947707,117.719747,Chengde Iron and Steel Group Co Ltd,40.947707,117.719747,8000.0,40.947707,117.719747,largest plant
Hebei Zongheng Group Fengnan Iron & Steel Co Ltd,1,7700.0,7700.0,7700.0,1,1,7.0,452880777.8970651,7927572715.797209,7927572715.797209,7927572715.797209,China,39.22256599999999,118.094201,Hebei Zongheng Group Fengnan Iron and Steel Co Ltd,39.222566,118.094201,7700.0,39.222566,118.094201,largest plant
Gansu Jiu Steel Group Hongxing Iron and Steel Co Ltd,1,7650.0,7650.0,7650.0,1,1,27.0,7871975322.062651,18033979039.417233,18033979039.417233,18033979039.417233,China,39.812121,98.295555,Gansu Jiu Steel Group Hongxing Iron and Steel Co Ltd,39.812121,98.295555,7650.0,39.812121,98.295555,largest plant
Shanghai Meishan Iron & Steel Co Ltd,1,7600.0,7600.0,7600.0,1,1,57.0,3051454698.510215,433566185514.9951,433566185514.9951,433566185514.9951,China,31.902969000000002,118.61667000000001,Shanghai Meishan Iron and Steel Co Ltd,31.902969,118.61667,7600.0,31.902969,118.61667,largest plant
Cangzhou China Railway Equipment Manufacturing Materials Co Ltd,1,7500.0,7500.0,7500.0,1,1,20.0,477468708.0493724,5678661164.6290045,5678661164.6290045,5678661164.6290045,China,38.289221,117.81436700000002,Cangzhou China Railway Equipment Manufacture Material Co Ltd,38.289221,117.814367,7500.0,38.289221,117.814367,largest plant
HBIS Laoting Steel Co Ltd,1,7450.0,7450.0,7450.0,1,1,6.0,658638310.9064554,4478050340.044113,4478050340.044113,4478050340.044113,China,39.25782300000001,119.033567,Hbis Laoting Steel Co Ltd,39.257823,119.033567,7450.0,39.257823,119.033567,largest plant
Rashtriya Ispat Nigam Ltd,1,7300.0,7300.0,7300.0,1,1,37.0,4255549611.1018696,27847472746.96944,27847472746.96944,27847472746.96944,India,17.612846000000005,83.191918,RINL Vizag Steel plant,17.612846,83.191918,7300.0,17.612846,83.191918,largest plant
Baosteel Group Xinjiang Bayi Iron & Steel Co Ltd,1,7300.0,7300.0,7300.0,1,1,30.34,931469524.817334,166883618017.15344,166883618017.15344,166883618017.15347,China,43.852147,87.304639,Baosteel Group Xinjiang Bayi Iron and Steel Co Ltd,43.852147,87.304639,7300.0,43.852147,87.304639,largest plant
Shaanxi LONG MEN IRON&STEEL Co Ltd,1,7200.0,7200.0,7200.0,1,1,18.66,1050556946.8883605,14744904558.483444,14744904558.483444,14744904558.483444,China,35.618466,110.575788,Shaanxi Longmen Steel Co Ltd,35.618466,110.575788,7200.0,35.618466,110.575788,largest plant
Hebei Anfeng Iron & Steel Co Ltd,1,7100.0,7100.0,7100.0,1,1,24.0,301142693.52749974,17169324513.485844,17169324513.485844,17169324513.485844,China,39.65849,118.894804,Hebei Anfeng Iron and Steel Co Ltd,39.65849,118.894804,7100.0,39.65849,118.894804,largest plant
Qian'an City Jiujiang Wire Co Ltd,1,7079.0,7079.0,7079.0,1,1,24.0,1205952791.2560177,26184257508.520584,26184257508.520584,26184257508.520584,China,39.952209,118.559444,Qian an Jiujiang Wire Co Ltd,39.952209,118.559444,7079.0,39.952209,118.559444,largest plant
Yunnan Yuxi Iron and Steel Group Yukun Iron and Steel Co Ltd,1,7042.0,7042.0,7042.0,1,1,12.09,932314590.9645125,19905614083.66219,19905614083.66219,19905614083.66219,China,24.465884,102.543682,Yunnan Yuxi Iron and Steel Group Yukun Iron and Steel Co Ltd,24.465884,102.543682,7042.0,24.465884,102.543682,largest plant
Sansteel Minguang Co Ltd Fujian,1,6799.0,6799.0,6799.0,1,1,25.0,3154692864.404899,8440845980.47614,8440845980.47614,8440845980.47614,China,26.261108999999998,117.614709,Sansteel Minguang Co Ltd Fujian plant,26.261109,117.614709,6799.0,26.261109,117.614709,largest plant
Jiangyin Xingcheng SPECIAL Steel Works Co Ltd,1,6797.0,6797.0,6797.0,1,1,33.0,4429745806.121701,146594289861.64615,146594289861.64615,146594289861.64615,China,31.950190999999997,120.32844900000002,Jiangyin Xingcheng Special Steel Works Co Ltd,31.950191,120.328449,6797.0,31.950191,120.328449,largest plant
Tianjin Iron and Steel Group Co Ltd,1,6650.0,6650.0,6650.0,1,1,91.0,7120436820.791538,420171486451.82947,420171486451.82947,420171486451.82947,China,39.03108300000001,117.49924599999999,Tianjin Iron and Steel Group Co Ltd,39.031083,117.499246,6650.0,39.031083,117.499246,largest plant
Kobe Steel Ltd,2,6591.0,6591.0,6591.0,1,1,57.0,34081805321.518963,843773610371.6077,1432850429467.6409,254696791275.5746,Japan,34.71212694819567,135.03676217678785,Kobe Kakogawa Works steel plant,34.720268,134.826275,6591.0,34.720268,134.826275,largest plant
Jingye Iron and Steel Co Ltd,1,6400.0,6400.0,6400.0,1,1,30.0,310050323.594974,4617509693.497881,4617509693.497881,4617509693.497881,China,38.391372,114.139998,Jingye Iron and Steel Co Ltd,38.391372,114.139998,6400.0,38.391372,114.139998,largest plant
Jindal Steel Odisha Ltd,1,6300.0,6300.0,6300.0,1,1,0.47,322827125.6345241,4860049580.14285,4860049580.14285,4860049580.14285,India,20.874713,84.944082,JSOL Angul steel plant,20.874713,84.944082,6300.0,20.874713,84.944082,largest plant
Fujian Sanbao Steel Co Ltd,1,6196.0,6196.0,6196.0,1,1,27.0,1437201755.3926136,56119285310.91528,56119285310.91528,56119285310.91529,China,24.635769000000007,117.603677,Fujian Sanbao Steel Co Ltd,24.635769,117.603677,6196.0,24.635769,117.603677,largest plant
Chengyu Vanadium & Titanium Technology Co Ltd,1,6050.0,6050.0,6050.0,1,1,19.46,69319122.10205877,1434232054.946687,1434232054.946687,1434232054.946687,China,29.732143,104.504339,Chengyu Vanadium and Titanium Technology Co Ltd,29.732143,104.504339,6050.0,29.732143,104.504339,largest plant
Guangxi Guixin Steel Group Co Ltd,1,6050.0,6050.0,6050.0,1,1,33.0,90031801.82740928,476301192.8009216,476301192.8009216,476301192.8009216,China,23.978962,111.735523,Guangxi Guixin Iron and Steel Group Co Ltd,23.978962,111.735523,6050.0,23.978962,111.735523,largest plant
Lingyuan Iron & Steel Co Ltd,1,5994.0,5994.0,5994.0,1,1,31.8,1351875952.0510519,5426297115.734424,5426297115.734424,5426297115.734424,China,41.271048,119.41374,Lingyuan Iron and Steel Co Ltd,41.271048,119.41374,5994.0,41.271048,119.41374,largest plant
Panzhihua Steel Group Panzhihua Steel Vanadium Co Ltd,1,5900.0,5900.0,5900.0,1,1,61.0,9319315191.657978,21065171303.13643,21065171303.13643,21065171303.13643,China,26.565265000000004,101.673737,Pangang Group Panzhihua Steel Vanadium Co Ltd,26.565265,101.673737,5900.0,26.565265,101.673737,largest plant
Zenith Steel Group (Nantong) Co Ltd,1,5850.0,5850.0,5850.0,1,1,4.0,1230988127.1191046,5264441163.741128,5264441163.741128,5264441163.741128,China,32.133954,121.513173,Zenith Steel Group Nantong Co Ltd,32.133954,121.513173,5850.0,32.133954,121.513173,largest plant
Tangshan Ganglu Iron & Steel Co Ltd,1,5614.0,5614.0,5614.0,1,1,24.0,392661136.5966965,7991515748.939623,7991515748.939623,7991515748.939622,China,40.183913,118.073913,Tangshan Ganglu Iron and Steel Co Ltd,40.183913,118.073913,5614.0,40.183913,118.073913,largest plant
Laiwu Steel Yinshan Section Co Ltd,1,5600.0,5600.0,5600.0,1,1,22.15,1723461254.4344203,22364899706.994682,22364899706.994682,22364899706.994682,China,36.106143,117.82010800000002,Laiwu Iron and Steel Group Yinshan Section Steel Co Ltd,36.106143,117.820108,5600.0,36.106143,117.820108,largest plant
Hebei Puyang Iron and Steel Co Ltd,1,5567.0,5567.0,5567.0,1,1,34.0,313791587.31473416,9183725242.049364,9183725242.049364,9183725242.049364,China,36.733675000000005,113.925995,Hebei Puyang Iron and Steel Co Ltd,36.733675,113.925995,5567.0,36.733675,113.925995,largest plant
Jingye (Yingkou) Medium Plate Co Ltd,1,5500.0,5500.0,5500.0,1,1,23.67,1444886964.8755352,50661923556.03532,50661923556.03532,50661923556.03532,China,40.671136,122.395441,Jingye (Yingkou) Medium Plate Co Ltd,40.671136,122.395441,5500.0,40.671136,122.395441,largest plant
Tangshan Donghai Iron and Steel Group Co Ltd,1,5499.0,5499.0,5499.0,1,1,23.0,770999040.1643324,37003524212.31657,37003524212.31657,37003524212.31657,China,39.748373,118.624794,Tangshan Donghai Iron and Steel Group Co Ltd,39.748373,118.624794,5499.0,39.748373,118.624794,largest plant
Zhongxin Iron and Steel Group Co Ltd,1,5400.0,5400.0,5400.0,1,1,22.34,2852869883.3872247,11632354500.728123,11632354500.728123,11632354500.728123,China,34.368618,118.31555999999999,Zhongxin Iron and Steel Group Co Ltd,34.368618,118.31556,5400.0,34.368618,118.31556,largest plant
Shandong Iron & Steel Group Yongfeng Lingang Corp,1,5400.0,5400.0,5400.0,1,1,4.69,238915176.01580334,9753154820.245314,9753154820.245314,9753154820.245314,China,35.137060999999996,119.06831899999999,Shandong Iron and Steel Group Yongfeng Lingang Co Ltd,35.137061,119.068319,5400.0,35.137061,119.068319,largest plant
Jiangsu Province Binxin Steel Group Co Ltd,1,5400.0,5400.0,5400.0,1,1,18.05,3627723888.232499,8546404266.794768,8546404266.794768,8546404266.794768,China,35.09556,119.27998899999999,Jiangsu Binxin Steel Group Co Ltd,35.09556,119.279989,5400.0,35.09556,119.279989,largest plant
Jinan Iron & Steel Group Co Ltd,1,5200.0,5200.0,5200.0,1,1,4.0,2791499561.2492723,23800884801.555416,23800884801.555416,23800884801.555416,China,36.718952,114.111677,Jinan Iron and Steel Group Co Ltd,36.718952,114.111677,5200.0,36.718952,114.111677,largest plant
Fujian Great Dong Hai Industrial Group Co Ltd,1,5128.0,5128.0,5128.0,1,1,8.0,548350467.9412751,33788256338.78718,33788256338.78718,33788256338.787178,China,25.737777,119.59223900000002,Fujian Dadonghai Industrial Group Co Ltd plant,25.737777,119.592239,5128.0,25.737777,119.592239,largest plant
Wuyang Iron and Steel Co Ltd,1,5040.0,5040.0,5040.0,1,1,56.0,642394331.888709,5845812635.478317,5845812635.478317,5845812635.478317,China,33.287536,113.474328,Wuyang Iron and Steel Co Ltd,33.287536,113.474328,5040.0,33.287536,113.474328,largest plant
Henan Jiyuan Iron & Steel (Group) Co Ltd,1,5038.0,5038.0,5038.0,1,1,68.0,3421395276.0751696,17284831673.71445,17284831673.71445,17284831673.71445,China,35.08639600000001,112.553774,Henan Jiyuan Iron and Steel Group Co Ltd,35.086396,112.553774,5038.0,35.086396,112.553774,largest plant
Hebei Jinxi Iron & Steel Group Co Ltd,1,5000.0,5000.0,5000.0,1,1,40.0,251849587.08247745,7634982789.476139,7634982789.476139,7634982789.476139,China,40.209844,118.220547,Hebei Jinxi Iron and Steel Group Co Ltd,40.209844,118.220547,5000.0,40.209844,118.220547,largest plant
JSW Vijayanagar Metallics Ltd,1,5000.0,5000.0,5000.0,1,1,2.0,334841572.46645224,4521383673.340231,4521383673.340231,4521383673.340231,India,15.203176000000001,76.65912200000001,JSW Vijayanagar Metallics steel plant,15.203176,76.659122,5000.0,15.203176,76.659122,largest plant
Tangshan Songting IRON&STEEL Co Ltd,1,5000.0,5000.0,5000.0,1,1,57.0,1205952791.2560177,26468652953.4664,26468652953.4664,26468652953.4664,China,39.938866,118.576678,Tangshan Songting Iron and Steel Co Ltd,39.938866,118.576678,5000.0,39.938866,118.576678,largest plant
Hebei Xinda Iron and Steel Co Ltd,1,5000.0,5000.0,5000.0,1,1,24.0,796505445.106471,32052499729.969208,32052499729.969208,32052499729.969208,China,39.898362,118.57936400000001,Hebei Xinda Iron and Steel Group Co Ltd,39.898362,118.579364,5000.0,39.898362,118.579364,largest plant
Quzhou Yuanli METAL Products Co Ltd,1,5000.0,5000.0,5000.0,1,1,35.0,1274727897.9611301,18757567892.70513,18757567892.70513,18757567892.70513,China,28.893407000000007,118.86712500000002,Quzhou Yuanli Metal Products Co Ltd,28.893407,118.867125,5000.0,28.893407,118.867125,largest plant
Baowu Group Echeng Iron & Steel Co Ltd,1,4971.0,4971.0,4971.0,1,1,68.0,14250230836.869875,49134741626.088264,49134741626.088264,49134741626.088264,China,30.39574,114.86131300000001,Baowu Group Echeng Iron and Steel Co Ltd,30.39574,114.861313,4971.0,30.39574,114.861313,largest plant
Tianjin Iron PLANT Co Ltd,1,4870.0,4870.0,4870.0,1,1,57.0,1279452525.6709294,5117323771.138807,5117323771.138807,5117323771.138807,China,36.58967,113.745792,Tianjin Iron Plant,36.58967,113.745792,4870.0,36.58967,113.745792,largest plant
Guangxi Chiji Iron and Steel Co Ltd,1,4800.0,4800.0,4800.0,1,1,7.0,105313275.99139243,17527437342.038837,17527437342.038837,17527437342.038837,China,23.402120999999998,111.134606,Guangxi Chiji Iron and Steel Co Ltd,23.402121,111.134606,4800.0,23.402121,111.134606,largest plant
Shanxi Jinnan Iron and Steel Group Co Ltd,1,4800.0,4800.0,4800.0,1,1,12.0,162446633.34105244,11181969511.28716,11181969511.28716,11181969511.28716,China,35.678541,111.51465,Shanxi Jinnan Iron and Steel Group Co Ltd,35.678541,111.51465,4800.0,35.678541,111.51465,largest plant
Tokyo Steel Manufacturing Co Ltd,4,4786.0,1196.5,2600.0,1,1,40.9275,18429753186.74529,149765178573.4288,219232791699.09634,149183166332.31525,Japan,34.95958003621748,135.39754426104196,Tokyo Steel Tahara plant,34.702012,137.249114,2600.0,34.702012,137.249114,largest plant
Shanxi Jianlong Industrial Co Ltd,1,4750.0,4750.0,4750.0,1,1,25.91,384406160.84900844,10420441282.326838,10420441282.326838,10420441282.326838,China,35.417405,111.303919,Shanxi Jianlong Industrial Co Ltd,35.417405,111.303919,4750.0,35.417405,111.303919,largest plant
Tangshan Donghua Iron & Steel Enterprise Group Co Ltd,1,4750.0,4750.0,4750.0,1,1,17.0,438464931.03294915,104601089880.18478,104601089880.18478,104601089880.18478,China,39.468366,118.256774,Tangshan Donghua Iron and Steel Enterprise Group Co Ltd,39.468366,118.256774,4750.0,39.468366,118.256774,largest plant
JiuJiang PXSteel Co Ltd,1,4700.0,4700.0,4700.0,1,1,14.09,478146017.5263399,13143784792.108128,13143784792.108128,13143784792.108128,China,29.778431000000005,116.27527000000002,Jiujiang Pinggang Iron and Steel Co Ltd,29.778431,116.27527,4700.0,29.778431,116.27527,largest plant
Shiheng SPECIAL Steel Group Co Ltd,1,4650.0,4650.0,4650.0,1,1,25.15,1341653440.6361408,11922002893.391815,11922002893.391815,11922002893.391815,China,36.229201,116.533981,Shiheng Special Steel Group Co Ltd,36.229201,116.533981,4650.0,36.229201,116.533981,largest plant
Osaka Steel Co Ltd,1,4650.0,4650.0,4650.0,1,1,76.0,254812052510.10464,2963446320044.215,2963446320044.215,2963446320044.215,Japan,34.598220000000005,135.45439,Osaka Steel Sakai Works,34.59822,135.45439,4650.0,34.59822,135.45439,largest plant
Jincheng FUSHENG Iron & Steel Co Ltd,1,4600.0,4600.0,4600.0,1,1,23.2,981005265.3164757,30493439287.24221,30493439287.24221,30493439287.24221,China,35.662985,112.882395,Jincheng Fusheng Iron and Steel Co Ltd,35.662985,112.882395,4600.0,35.662985,112.882395,largest plant
Tonghua Iron & Steel Co Ltd,1,4590.0,4590.0,4590.0,1,1,19.53,601217158.3271072,6291983075.240689,6291983075.240689,6291983075.240689,China,41.779125,126.022349,Tonghua Iron and Steel Co Ltd,41.779125,126.022349,4590.0,41.779125,126.022349,largest plant
Rockcheck Steel Group Co Ltd,1,4500.0,4500.0,4500.0,1,1,23.08,8170303829.634859,422293657920.1426,422293657920.1426,422293657920.1426,China,38.97063800000001,117.495794,Tianjin Rockcheck Steel Group Co Ltd,38.970638,117.495794,4500.0,38.970638,117.495794,largest plant
Tangshan RUIFENG Steel and Iron (GROUP) Co Ltd,1,4500.0,4500.0,4500.0,1,1,24.0,438464931.03294915,126068925193.7959,126068925193.7959,126068925193.79588,China,39.497472,118.272056,Tangshan Ruifeng Iron and Steel Group Co Ltd,39.497472,118.272056,4500.0,39.497472,118.272056,largest plant
Tianjin Tiangang UNITED SPECIAL Steel Co Ltd,1,4500.0,4500.0,4500.0,1,1,16.66,10311114379.091043,77802195078.26004,77802195078.26004,77802195078.26004,China,39.300258,117.800231,Tianjin New Tiangang United Special Steel Co Ltd,39.300258,117.800231,4500.0,39.300258,117.800231,largest plant
Hanshan Iron and Steel Co Ltd,1,4488.0,4488.0,4488.0,1,1,4.0,296202759.7826058,6090170495.254465,6090170495.254465,6090170495.254465,China,36.68588100000001,113.837073,Handan Steel Group Handan Bao Steel Co Ltd,36.685881,113.837073,4488.0,36.685881,113.837073,largest plant
Chengde Jianlong SPECIAL Steel Co Ltd,1,4400.0,4400.0,4400.0,1,1,25.0,277866579.7444777,960037253.5921401,960037253.5921401,960037253.5921401,China,40.515035,117.596071,Chengde Jianlong Special Steel Co Ltd,40.515035,117.596071,4400.0,40.515035,117.596071,largest plant
Jianlong Xilin Iron and Steel Co Ltd,1,4200.0,4200.0,4200.0,1,1,60.0,10642384.938641924,64650969.46595778,64650969.46595778,64650969.46595778,China,47.495036,129.287919,Jianlong Xilin Iron and Steel Co Ltd,47.495036,129.287919,4200.0,47.495036,129.287919,largest plant
Tangshan Heavy Plate Co Ltd,1,4200.0,4200.0,4200.0,1,1,20.0,658638310.9064554,5574342695.914176,5574342695.914176,5574342695.914176,China,39.268452,119.024819,Tangshan Medium Thick Plate Co Ltd,39.268452,119.024819,4200.0,39.268452,119.024819,largest plant
Qingdao Special Iron and Steel Co Ltd,1,4170.0,4170.0,4170.0,1,1,13.0,431849713.01466113,3766118251.1097937,3766118251.1097937,3766118251.1097937,China,35.62960000000001,119.722335,Qingdao Special Iron and Steel Co Ltd,35.6296,119.722335,4170.0,35.6296,119.722335,largest plant
Tangshan Fengnan District Jing'an Iron and Steel Co Ltd,1,4125.0,4125.0,4125.0,1,1,24.0,1597397963.2435653,141866314043.75967,141866314043.75967,141866314043.75967,China,39.600956000000004,118.35872600000002,Tangshan Fengnan District Jing an Iron and Steel Co Ltd,39.600956,118.358726,4125.0,39.600956,118.358726,largest plant
Jiugang Group Yuzhong Iron & Steel Co Ltd,1,4000.0,4000.0,4000.0,1,1,23.0,167993672.70306432,116008672656.27937,116008672656.27937,116008672656.27937,China,36.033646,104.035535,Jiugang Group Yuzhong Iron and Steel Co Ltd,36.033646,104.035535,4000.0,36.033646,104.035535,largest plant
Ningbo Iron & Steel Co Ltd,1,3999.0,3999.0,3999.0,1,1,23.1,7787131930.195617,106590839861.33577,106590839861.33577,106590839861.33577,China,29.918776000000005,121.876423,Ningbo Iron and Steel Co Ltd,29.918776,121.876423,3999.0,29.918776,121.876423,largest plant
Hebei Taihang Iron and Steel Group Co Ltd,1,3950.0,3950.0,3950.0,1,1,5.0,383769388.9911753,28412442185.711792,28412442185.711792,28412442185.711792,China,36.613716,114.082349,Hebei Taihang Iron and Steel Group Co Ltd,36.613716,114.082349,3950.0,36.613716,114.082349,largest plant
Pangang Group Xichang Steel and Vanadium Co Ltd,1,3900.0,3900.0,3900.0,1,1,14.66,146825967.31663737,13271250192.453789,13271250192.453789,13271250192.453789,China,27.74799,102.20517,Pangang Group Xichang Steel and Vanadium Co Ltd,27.74799,102.20517,3900.0,27.74799,102.20517,largest plant
Shandong Iron and Steel Co Ltd,2,3850.0,3850.0,3850.0,1,1,7.375,1184398291.2950804,23223586351.664314,23382751704.847744,23064420998.48088,China,36.088111028160085,117.83920294355286,Shandong Iron and Steel Co Ltd Laiwu Branch Aishan Street,36.087717,117.827927,3850.0,36.087717,117.827927,largest plant
Anhui Changjiang Steel Co Ltd,1,3800.0,3800.0,3800.0,1,1,23.0,2369022303.7466125,144195323545.10645,144195323545.10645,144195323545.10645,China,31.502272,118.46516200000002,Anhui Changjiang Steel Co Ltd,31.502272,118.465162,3800.0,31.502272,118.465162,largest plant
Zenith Steel Group Co Ltd,1,3700.0,3700.0,3700.0,1,1,24.39,18149919723.49238,439851361202.70654,439851361202.70654,439851361202.70654,China,31.707656,120.079591,Zenith Steel Group Co Ltd,31.707656,120.079591,3700.0,31.707656,120.079591,largest plant
Shanxi Zhongyang Iron & Steel Co Ltd,1,3600.0,3600.0,3600.0,1,1,20.28,320338051.3482251,10953516151.292587,10953516151.292587,10953516151.292587,China,37.370796000000006,111.161118,Shanxi Zhongyang Iron and Steel Co Ltd,37.370796,111.161118,3600.0,37.370796,111.161118,largest plant
Guangdong Jinshenglan Metallurgical Technology Co Ltd,1,3600.0,3600.0,3600.0,1,1,5.0,288572450.6037076,17537360291.947075,17537360291.947075,17537360291.947075,China,22.888728999999998,112.263081,Guangdong Jinshenglan Metallurgical Technology Co Ltd,22.888729,112.263081,3600.0,22.888729,112.263081,largest plant
Shougang Changzhi IRON& Steel Co Ltd,1,3600.0,3600.0,3600.0,1,1,29.94,2449438562.2978115,46912539143.715645,46912539143.715645,46912539143.715645,China,36.356404000000005,113.060809,Shougang Changzhi Iron and Steel Co Ltd,36.356404,113.060809,3600.0,36.356404,113.060809,largest plant
Xinji AOSEN Steel Group Co Ltd,1,3600.0,3600.0,3600.0,1,1,24.0,215529762.4241828,13574145863.527412,13574145863.527412,13574145863.527412,China,37.752351,115.184798,Xinji Aosen Iron and Steel Group Co Ltd,37.752351,115.184798,3600.0,37.752351,115.184798,largest plant
"Xinyang Iron & Steel Co.,ltd of Angang Group",1,3600.0,3600.0,3600.0,1,1,55.0,382250327.83036226,823121774.5842192,823121774.5842192,823121774.5842191,China,32.488704,114.038243,Angang Group Xinyang Iron and Steel Co Ltd,32.488704,114.038243,3600.0,32.488704,114.038243,largest plant
Shougang Shuicheng Iron & Steel (Group) Co Ltd,1,3501.0,3501.0,3501.0,1,1,60.0,2917021785.146939,15938825236.627527,15938825236.627527,15938825236.62753,China,26.595229000000003,104.877413,Shougang Shuicheng Iron and Steel Group Co Ltd,26.595229,104.877413,3501.0,26.595229,104.877413,largest plant
Ningxia Jianlong Special Steel Co Ltd,1,3500.0,3500.0,3500.0,1,1,13.84,698923464.9402945,4869267356.41133,4869267356.41133,4869267356.41133,China,39.215452,106.688294,Ningxia Jianlong Special Steel Co Ltd,39.215452,106.688294,3500.0,39.215452,106.688294,largest plant
Qinhuangdao Hongxing Iron & Steel Co Ltd,1,3450.0,3450.0,3450.0,1,1,24.0,853581286.6142415,17701261726.720314,17701261726.720314,17701261726.720314,China,39.700721,118.871477,Qinhuangdao Hongxing Iron and Steel Co Ltd,39.700721,118.871477,3450.0,39.700721,118.871477,largest plant
Daye SPECIAL Steel Co Ltd,1,3420.0,3420.0,3420.0,1,1,19.0,5065987125.999837,49895458985.18517,49895458985.18517,49895458985.18517,China,30.204603,115.125838,Daye Special Steel Co Ltd,30.204603,115.125838,3420.0,30.204603,115.125838,largest plant
Guangxi BG New Materials Co Ltd,1,3400.0,3400.0,3400.0,1,1,17.0,490660026.3866026,1644528946.308654,1644528946.308654,1644528946.308654,China,21.519924,109.506427,Guangxi Beigang New Material Co Ltd,21.519924,109.506427,3400.0,21.519924,109.506427,largest plant
Jiangsu Shagang Group Huaigang SPECIAL Steel Co Ltd,1,3364.0,3364.0,3364.0,1,1,56.0,4165354036.0691886,93327286956.40509,93327286956.40509,93327286956.4051,China,33.566039,118.988442,Jiangsu Shagang Group Huaigang Special Steel Co Ltd,33.566039,118.988442,3364.0,33.566039,118.988442,largest plant
Changzhou Dongfang Special Steel Co Ltd,1,3300.0,3300.0,3300.0,1,1,16.09,1518567272.309646,75968188617.05792,75968188617.05792,75968188617.05792,China,31.60255400000001,119.724256,Changzhou Eastern Special Steel Co Ltd,31.602554,119.724256,3300.0,31.602554,119.724256,largest plant
JiLin Province Xinda Steel Co Ltd,1,3300.0,3300.0,3300.0,1,1,18.27,15053158.02973983,184765893.4979925,184765893.4979925,184765893.4979925,China,42.3249,125.246892,Jilin Xinda Iron and Steel Co Ltd,42.3249,125.246892,3300.0,42.3249,125.246892,largest plant
Yangzhou Hengrun Ocean Heavy Industry Co Ltd,1,3300.0,3300.0,3300.0,1,1,13.36,1835372768.9161925,161364871737.22955,161364871737.22955,161364871737.22955,China,32.249602,119.620438,Yangzhou Hengrun Ocean Heavy Industry Co Ltd,32.249602,119.620438,3300.0,32.249602,119.620438,largest plant
Hubei Jinshenglan Metallurgical Technology Co Ltd,1,3250.0,3250.0,3250.0,1,1,10.0,96700424.06712171,3817974765.9364986,3817974765.9364986,3817974765.9364986,China,29.916729,113.822921,Hubei Jinshenglan Metallurgical Technology Co Ltd,29.916729,113.822921,3250.0,29.916729,113.822921,largest plant
Baosteel Desheng Stainless Steel Co Ltd,1,3220.0,3220.0,3220.0,1,1,15.0,53661889.35483706,5593875427.628956,5593875427.628956,5593875427.628956,China,26.48747,119.654461,Baosteel Desheng Stainless Steel Co Ltd,26.48747,119.654461,3220.0,26.48747,119.654461,largest plant
Changshu Longteng Special Steel Co Ltd,1,3203.0,3203.0,3203.0,1,1,31.75,9736930825.62187,146741063498.04495,146741063498.04495,146741063498.04495,China,31.723833000000003,120.835685,Changshu Longteng Special Steel Co Ltd,31.723833,120.835685,3203.0,31.723833,120.835685,largest plant
Yancheng Lianxin Steel Co Ltd,1,3200.0,3200.0,3200.0,1,1,68.0,47191425.791021824,1209931655.8535104,1209931655.8535104,1209931655.8535104,China,33.211332,120.774892,Yancheng Lianxin Iron and Steel Co Ltd,33.211332,120.774892,3200.0,33.211332,120.774892,largest plant
Xingtai Iron and Steel Co Ltd,2,3060.0,3060.0,3060.0,1,1,68.0,11288701979.281197,40486535598.71355,74501064540.9767,74501064540.9767,China,37.03772084968637,114.90926061712092,Xingtai Iron and Steel Co Ltd,37.041601,114.452352,3060.0,37.041601,114.452352,largest plant
Zhuhai Yueyufeng IRON&STEEL Co Ltd,1,3051.0,3051.0,3051.0,1,1,24.0,2524762539.6796427,4503349087.958043,4503349087.958043,4503349087.958043,China,21.96092,113.198718,Zhuhai Yueyufeng Iron and Steel Co Ltd,21.96092,113.198718,3051.0,21.96092,113.198718,largest plant
Jiangsu Xusteel Group Co Ltd,1,3050.0,3050.0,3050.0,1,1,22.46,536146471.99254227,15167643065.542015,15167643065.542015,15167643065.542015,China,34.57701600000001,117.339638,Jiangsu Xugang Iron and Steel Group Co Ltd,34.577016,117.339638,3050.0,34.577016,117.339638,largest plant
Hebei Tianzhu Iron and Steel Group Special Steel Co Ltd,1,3034.0,3034.0,3034.0,1,1,4.0,658638310.9064554,5574342695.914176,5574342695.914176,5574342695.914176,China,39.270032,119.01376,Hebei Tianzhu Iron and Steel Group Co Ltd,39.270032,119.01376,3034.0,39.270032,119.01376,largest plant
Jiangsu Jingye Iron and Steel Co Ltd,1,3000.0,3000.0,3000.0,1,1,22.31,1557019273.7154286,5950833178.656118,5950833178.656118,5950833178.656118,China,34.383810000000004,119.786878,Jiangsu Jingye Iron and Steel Co Ltd,34.38381,119.786878,3000.0,34.38381,119.786878,largest plant
Tangshan Guotang Steel Co Ltd,1,3000.0,3000.0,3000.0,1,1,4.0,658638310.9064554,5582819191.222353,5582819191.222353,5582819191.222353,China,39.293147,119.04697200000001,Tangshan Guotang Steel Co Ltd,39.293147,119.046972,3000.0,39.293147,119.046972,largest plant
Nanyang Hanye SPECIAL STREET Co Ltd,1,3000.0,3000.0,3000.0,1,1,23.0,313551485.3556643,2467774146.9469643,2467774146.9469643,2467774146.9469643,China,33.269324,111.534635,Nanyang Hanye Special Steel Co Ltd,33.269324,111.534635,3000.0,33.269324,111.534635,largest plant
Weifang SPECIAL Steel Group Co Ltd,1,3000.0,3000.0,3000.0,1,1,32.28,3368126297.6347632,114727029898.5694,114727029898.5694,114727029898.5694,China,36.644469,119.238427,Weifang Special Steel Group Co Ltd,36.644469,119.238427,3000.0,36.644469,119.238427,largest plant
Fujian Tsingtuo Nickel Industry Co Ltd,1,3000.0,3000.0,3000.0,1,1,15.0,11794218.386546498,3604288971.2299767,3604288971.2299767,3604288971.2299767,China,26.768925,119.765203,Fujian Tsingtuo Nickel Industry Co Ltd,26.768925,119.765203,3000.0,26.768925,119.765203,largest plant
Lianyungang Yaxin Iron and Steel Co Ltd,1,3000.0,3000.0,3000.0,1,1,16.51,890142435.6329616,5141910390.156073,5141910390.156073,5141910390.156073,China,34.423786,119.77831099999999,Lianyungang Yaxin Iron and Steel Co Ltd,34.423786,119.778311,3000.0,34.423786,119.778311,largest plant
NMDC Steel Ltd,2,3000.0,3000.0,3000.0,1,1,2.47,166213907.73032075,2351594293.743137,4010884320.256967,692304267.2293067,India,17.156706569592448,79.51564661959178,NMDC Nagarnar steel plant,19.0931901,82.17,3000.0,19.0931901,82.17,largest plant
Jindal Stainless Ltd,3,3000.0,1500.0,2200.0,1,1,35.5,3568032814.4749894,65488759992.613464,186212019362.64368,6341762090.795901,India,23.231326187000025,78.29781687103916,Jindal Stainless Jajpur steel plant,20.954939,86.051986,2200.0,20.954939,86.051986,largest plant
Anhui Shoukuang Dachang Metal Material Co Ltd,1,3000.0,3000.0,3000.0,1,1,16.0,26192474.427464876,877711306.2331542,877711306.2331542,877711306.2331542,China,32.329171,115.95496300000002,Anhui Shoukuang Dachang Metal Material Co Ltd,32.329171,115.954963,3000.0,32.329171,115.954963,largest plant
Shanxi Xintai Iron & Steel Co Ltd,1,3000.0,3000.0,3000.0,1,1,20.73,4334687658.950084,34995575833.858185,34995575833.858185,34995575833.858185,China,37.075017,111.985148,Shanxi Xintai Iron and Steel Co Ltd,37.075017,111.985148,3000.0,37.075017,111.985148,largest plant
Tianjin Pipe Corp,1,3000.0,3000.0,3000.0,1,1,15.2,7120436820.791538,479048193622.63153,479048193622.63153,479048193622.6315,China,39.034002,117.48679800000001,Tianjin Pipe Corporation,39.034002,117.486798,3000.0,39.034002,117.486798,largest plant
Lengshuijiang Iron and Steel Co Ltd,1,3000.0,3000.0,3000.0,1,1,68.0,982323572.5654914,6211984233.032597,6211984233.032597,6211984233.032597,China,27.690401,111.43728800000001,Lengshuijiang Steel Co Ltd,27.690401,111.437288,3000.0,27.690401,111.437288,largest plant
DELONG Steel Ltd,1,3000.0,3000.0,3000.0,1,1,26.0,676290293.567939,66640415292.63745,66640415292.63745,66640415292.63745,China,37.086116,114.384832,Delong Steel Co Ltd,37.086116,114.384832,3000.0,37.086116,114.384832,largest plant
"Sichuan De Sheng Group, Vanadium and Titanium Co Ltd",1,3000.0,3000.0,3000.0,1,1,29.0,181895609.9521647,10461070700.557838,10461070700.557838,10461070700.557838,China,29.39798,103.542532,Sichuan Desheng Group Vanadium and Titanium Co Ltd,29.39798,103.542532,3000.0,29.39798,103.542532,largest plant
Shangang Group Hanzhong Iron & Steel Co Ltd,1,3000.0,3000.0,3000.0,1,1,16.65,686629951.6960833,2225382733.2569275,2225382733.2569275,2225382733.2569275,China,33.133191999999994,106.671859,Shaanxi Steel Group Hanzhong Iron and Steel Co Ltd,33.133192,106.671859,3000.0,33.133192,106.671859,largest plant
Jinding Heavy Industries Co Ltd,1,3000.0,3000.0,3000.0,1,1,31.0,2791499561.2492723,23800884801.555416,23800884801.555416,23800884801.555416,China,36.718952,114.111677,Jinding Heavy Industry Co Ltd,36.718952,114.111677,3000.0,36.718952,114.111677,largest plant
Yunnan Yuxi Xianfu Iron and Steel (Group) Co Ltd,1,2980.0,2980.0,2980.0,1,1,24.53,20949106.01836089,477546589.2204616,477546589.2204616,477546589.2204616,China,24.012309,102.186364,Yunnan Yuxi Xianfu Iron and Steel Group Co Ltd,24.012309,102.186364,2980.0,24.012309,102.186364,largest plant
Shandong Shouguang Juneng SPECIAL Steel Co Ltd,1,2850.0,2850.0,2850.0,1,1,23.21,1440684200.7685635,32050209982.774624,32050209982.774624,32050209982.77462,China,36.939125000000004,118.785598,Shandong Shouguang Juneng Special Steel Co Ltd,36.939125,118.785598,2850.0,36.939125,118.785598,largest plant
Shandong Jinguan Metallurgical Technology Co Ltd,1,2810.0,2810.0,2810.0,1,1,22.79,9904946687.227655,43214153692.66725,43214153692.66725,43214153692.66725,China,37.44912600000001,116.396787,Shandong Jinguan Metallurgical Technology Co Ltd,37.449126,116.396787,2810.0,37.449126,116.396787,largest plant
Yingkou Iron & Steel Co Ltd,1,2800.0,2800.0,2800.0,1,1,15.23,758099574.9849542,50632408986.63063,50632408986.63063,50632408986.63062,China,40.664651,122.41505700000002,Yingkou Iron and Steel Co Ltd,40.664651,122.415057,2800.0,40.664651,122.415057,largest plant
Fangda Special Steel Technology Co Ltd,1,2800.0,2800.0,2800.0,1,1,67.55,30850521591.191532,287519023382.4145,287519023382.4145,287519023382.4145,China,28.645441000000005,115.99204000000002,Fangda Special Steel Technology Co Ltd,28.645441,115.99204,2800.0,28.645441,115.99204,largest plant
ShanXi TongCai Industry and Trade Co Ltd,1,2780.0,2780.0,2780.0,1,1,24.0,747390169.8949468,12480281378.560802,12480281378.560802,12480281378.560802,China,35.694321,111.429381,Shanxi Tongcai Industry and Trade Co Ltd,35.694321,111.429381,2780.0,35.694321,111.429381,largest plant
Liyang Baorun Steel Co Ltd,1,2760.0,2760.0,2760.0,1,1,2.58,5294448729.56292,24809379172.701572,24809379172.701572,24809379172.701572,China,31.471123000000002,119.485941,Liyang Baorun Steel Co Ltd,31.471123,119.485941,2760.0,31.471123,119.485941,largest plant
Shyam Metalics and Energy Ltd,2,2750.0,1375.0,1606.0,1,1,16.5,508460503.06881213,23077254315.418316,38667748156.27931,20458051350.15367,India,22.69441713103995,85.57093171395037,Shyam Metalics Sambalpur steel plant,21.680344,84.04179,1606.0,21.680344,84.04179,largest plant
Chifeng Zhongtang Special Steel Co Ltd,1,2700.0,2700.0,2700.0,1,1,4.0,14520160.651008502,2567485426.0806546,2567485426.0806546,2567485426.0806546,China,41.834064,119.281883,Chifeng Zhongtang Special Steel Co Ltd,41.834064,119.281883,2700.0,41.834064,119.281883,largest plant
Hebei Xinjin Iron and Steel Co Ltd,1,2700.0,2700.0,2700.0,1,1,33.0,6917400988.421546,69987899829.69107,69987899829.69107,69987899829.69107,China,36.715632,114.208992,Hebei Xinjin Iron and Steel Co Ltd,36.715632,114.208992,2700.0,36.715632,114.208992,largest plant
Anhui Guihang Special Steel Co Ltd,1,2700.0,2700.0,2700.0,1,1,15.89,189683194.67400867,33326954857.278305,33326954857.278305,33326954857.278305,China,30.531068,117.25114700000002,Anhui Guihang Special Steel Co Ltd,30.531068,117.251147,2700.0,30.531068,117.251147,largest plant
Shanxi Gaoyi Steel Co Ltd,1,2700.0,2700.0,2700.0,1,1,29.0,2190467911.060826,12910462547.39323,12910462547.39323,12910462547.39323,China,35.586841,111.258436,Shanxi Gaoyi Steel Co Ltd,35.586841,111.258436,2700.0,35.586841,111.258436,largest plant
Minyuan Iron and Steel Group Co Ltd,1,2700.0,2700.0,2700.0,1,1,23.0,258770067.85181326,11259126508.714981,11259126508.714981,11259126508.714981,China,34.013369,116.422599,Minyuan Iron and Steel Group Co Ltd,34.013369,116.422599,2700.0,34.013369,116.422599,largest plant
Fushun New Steel Corp Ltd,1,2700.0,2700.0,2700.0,1,1,20.36,8540543698.927486,147904763037.43344,147904763037.43344,147904763037.43344,China,41.841223,123.753895,Fushun New Steel Co Ltd,41.841223,123.753895,2700.0,41.841223,123.753895,largest plant
Wuan Yuhua Steel Co Ltd,1,2700.0,2700.0,2700.0,1,1,38.0,2791499561.2492723,23436220267.451225,23436220267.451225,23436220267.451225,China,36.731752,114.098377,Wu an Yuhua Iron and Steel Co Ltd,36.731752,114.098377,2700.0,36.731752,114.098377,largest plant
Fulun Iron & Steel Co Ltd,1,2700.0,2700.0,2700.0,1,1,22.63,792299266.5563575,19264789088.982098,19264789088.982098,19264789088.982098,China,36.308447,117.540425,Shandong Fulun Iron and Steel Co Ltd,36.308447,117.540425,2700.0,36.308447,117.540425,largest plant
Jilin Jianlong Steel Co Ltd,1,2700.0,2700.0,2700.0,1,1,24.8,133726064.71790448,117693890056.63948,117693890056.63948,117693890056.6395,China,44.011951,126.537086,Jilin Jianlong Steel Co Ltd,44.011951,126.537086,2700.0,44.011951,126.537086,largest plant
Tongling City Xuanli Special Steel Co Ltd,1,2700.0,2700.0,2700.0,1,1,17.0,322755495.5135918,21605735396.12543,21605735396.12543,21605735396.12543,China,31.062807,117.95601499999998,Tongling Xuanli Special Steel Co Ltd,31.062807,117.956015,2700.0,31.062807,117.956015,largest plant
Linyi Iron and Steel Investment Group Co Ltd,1,2700.0,2700.0,2700.0,1,1,6.92,212520272.51501238,10483126410.178162,10483126410.178162,10483126410.178162,China,35.15735,119.133999,Linyi Iron and Steel Investment Group Special Steel Co Ltd,35.15735,119.133999,2700.0,35.15735,119.133999,largest plant
Dongbei Special Steel Group Dalian Special Steel Co Ltd,1,2695.0,2695.0,2695.0,1,1,57.0,278283618.2820494,14378633962.089565,14378633962.089565,14378633962.089563,China,39.193697,122.057788,Dongbei Special Steel Group Dalian Special Steel Co Ltd,39.193697,122.057788,2695.0,39.193697,122.057788,largest plant
Anyuan Iron & Steel Co Ltd,1,2650.0,2650.0,2650.0,1,1,72.0,7940031421.185044,13162070817.857666,13162070817.857666,13162070817.857666,China,27.64555,113.902126,Pingxiang Pinggang Anyuan Iron and Steel Co Ltd,27.64555,113.902126,2650.0,27.64555,113.902126,largest plant
Fujian Luoyuan Minguang Iron & Steel Co Ltd,1,2650.0,2650.0,2650.0,1,1,12.0,53661889.35483706,5418403103.357185,5418403103.357185,5418403103.357185,China,26.483814999999996,119.67105,Fujian Luoyuan Minguang Iron and Steel Co Ltd,26.483815,119.67105,2650.0,26.483815,119.67105,largest plant
Kyoei Steel Ltd,3,2645.0,881.6666666666666,1265.0,1,1,53.333333333333336,33170209963.181366,1353184680023.0298,2648118423890.36,1472531591936.4473,Japan,34.64360399216555,134.54209575143932,Kyoei Steel Nagoya Division (Tokai),35.065055,136.815384,1265.0,35.065055,136.815384,largest plant
Yunnan Qujing Iron and Steel Group Chenggang Iron and Steel Co Ltd,1,2600.0,2600.0,2600.0,1,1,12.5,240153183.6302977,11180249599.132427,11180249599.132427,11180249599.132427,China,25.45543,103.547242,Yunnan Qujing Iron and Steel Group Chenggang Iron and Steel Co Ltd,25.45543,103.547242,2600.0,25.45543,103.547242,largest plant
Houying Group Haicheng Iron and Steel Co Ltd,1,2600.0,2600.0,2600.0,1,1,19.58,563518410.1278985,130848494741.63087,130848494741.63087,130848494741.63086,China,40.981855,122.94864300000002,Houying Group Haicheng Iron and Steel Co Ltd Datun Branch,40.981855,122.948643,2600.0,40.981855,122.948643,largest plant
Benxi Beiying Iron & Steel (GROUP) Co Ltd,1,2600.0,2600.0,2600.0,1,1,23.88,423489077.5911907,41288019014.13897,41288019014.13897,41288019014.13897,China,41.22481400000001,123.608374,Benxi Beiying Iron and Steel Group Co Ltd Beitai Town,41.224814,123.608374,2600.0,41.224814,123.608374,largest plant
Shagang Group Anyang Yongxing Iron & Steel Co Ltd,1,2600.0,2600.0,2600.0,1,1,33.0,3691623504.775808,76441400310.91841,76441400310.91841,76441400310.91841,China,36.143572999999996,114.149964,Shagang Group Anyang Yongxing Special Steel Co Ltd,36.143573,114.149964,2600.0,36.143573,114.149964,largest plant
Jianlong Beiman SPECIAL Steel Co Ltd,1,2570.0,2570.0,2570.0,1,1,69.0,3437488269.916678,6289331059.282051,6289331059.282051,6289331059.282051,China,47.191285,123.616512,Jianlong Beiman Special Steel Co Ltd,47.191285,123.616512,2570.0,47.191285,123.616512,largest plant
Shanxi Tongde Xinghua Special Steel Co Ltd,1,2500.0,2500.0,2500.0,1,1,20.21,353310074.948443,103394504652.0815,103394504652.0815,103394504652.0815,China,40.183517,113.305462,Shanxi Tongde Xinghua Special Steel Co Ltd,40.183517,113.305462,2500.0,40.183517,113.305462,largest plant
Hebei Xinxing Ductile Iron Pipes Co Ltd,1,2500.0,2500.0,2500.0,1,1,33.0,1570133414.6514165,33584625095.21064,33584625095.21064,33584625095.210636,China,36.621504,114.128189,Hebei Xinxing Ductile Iron Pipes Co Ltd,36.621504,114.128189,2500.0,36.621504,114.128189,largest plant
Guangdong Guoxin Industrial Co Ltd,1,2500.0,2500.0,2500.0,1,1,24.0,4977101905.5661955,385244145928.6803,385244145928.6803,385244145928.6803,China,23.407415,116.570818,"Guangdong Guoxin Industrial Co., Ltd.",23.407415,116.570818,2500.0,23.407415,116.570818,largest plant
Chifeng Yuanlian Steel Co Ltd,1,2450.0,2450.0,2450.0,1,1,23.53,1995635766.3421109,37540157912.30756,37540157912.30756,37540157912.30756,China,42.278115,119.015289,Chifeng Yuanlian Steel Co Ltd,42.278115,119.015289,2450.0,42.278115,119.015289,largest plant
Tangshan Zhengfeng Steel Co Ltd,1,2439.0,2439.0,2439.0,1,1,22.0,2256673828.2882605,55350743231.762314,55350743231.762314,55350743231.762314,China,39.85271,118.18127899999999,Tangshan Zhengfeng Steel Co Ltd,39.85271,118.181279,2439.0,39.85271,118.181279,largest plant
Yangzhou Qinyou Special Metal Materials Co Ltd,1,2400.0,2400.0,2400.0,1,1,24.7,361408387.5824465,12183217479.764217,12183217479.764217,12183217479.764217,China,32.83870300000001,119.425236,Yangzhou Qinyou Special Metal Materials Co Ltd,32.838703,119.425236,2400.0,32.838703,119.425236,largest plant
Yangchun New Iron & Steel Co Ltd,1,2400.0,2400.0,2400.0,1,1,19.0,126961940.125218,3221363170.291931,3221363170.291931,3221363170.291931,China,22.084903999999998,111.642187,Yangchun New Steel Co Ltd,22.084904,111.642187,2400.0,22.084904,111.642187,largest plant
Guangdong Nanfang Donghai Iron and Steel Co Ltd,1,2400.0,2400.0,2400.0,1,1,3.0,194781090.93254027,18466041820.838684,18466041820.838684,18466041820.838684,China,22.907613999999995,112.224952,Guangdong Nanfang Donghai Iron and Steel Co Ltd,22.907614,112.224952,2400.0,22.907614,112.224952,largest plant
Tangshan Chunxing Special Steel Co Ltd,1,2400.0,2400.0,2400.0,1,1,23.5,1872854078.2187674,92559277497.56479,92559277497.56479,92559277497.56479,China,39.676326,118.427914,Tangshan Chunxing Special Steel Co Ltd,39.676326,118.427914,2400.0,39.676326,118.427914,largest plant
Liaoyang United Steel Co Ltd,1,2300.0,2300.0,2300.0,1,1,6.17,1281795295.850902,145469805968.16263,145469805968.16263,145469805968.16263,China,41.19138,122.87731100000002,Liaoyang United Steel Co Ltd,41.19138,122.877311,2300.0,41.19138,122.877311,largest plant
Fujian San'an Iron & Steel Co Ltd,1,2300.0,2300.0,2300.0,1,1,25.0,1080493062.2097301,9718651806.530079,9718651806.530079,9718651806.530079,China,25.244396,118.029905,Fujian Quanzhou Minguang Iron and Steel Co Ltd,25.244396,118.029905,2300.0,25.244396,118.029905,largest plant
Hebei Rongxin Iron & Steel Co Ltd,1,2300.0,2300.0,2300.0,1,1,24.0,796505445.106471,37676094217.01762,37676094217.01762,37676094217.01762,China,39.88066100000001,118.55875500000002,Hebei Rongxin Steel Co Ltd,39.880661,118.558755,2300.0,39.880661,118.558755,largest plant
Shanxi HONGDA Iron and Steel Group Co Ltd,1,2300.0,2300.0,2300.0,1,1,26.81,250634379.58227268,11052557794.235443,11052557794.235443,11052557794.235443,China,35.701895,110.786826,Shanxi Hongda Iron and Steel Group Co Ltd,35.701895,110.786826,2300.0,35.701895,110.786826,largest plant
Hebei Tangyin IRON&STEEL Co Ltd,2,2300.0,2300.0,2300.0,1,1,17.0,6582094224.79956,83780785508.97923,162141110789.83765,5420460228.12082,China,39.42992772025323,118.32191587824676,Hebei Tangyin Iron and Steel Co Ltd Caofeidian base,39.160401,118.429806,2300.0,39.160401,118.429806,largest plant
Sichuan Dazhou Iron & Steel Group Co Ltd,1,2300.0,2300.0,2300.0,1,1,28.89,10197981456.470524,16472287883.06964,16472287883.06964,16472287883.06964,China,31.18945,107.453099,Sichuan Dazhou Iron and Steel Group Co Ltd,31.18945,107.453099,2300.0,31.18945,107.453099,largest plant
WISCO Group Kunming Steel Co Ltd,2,2276.0,2276.0,2276.0,1,1,11.77,401331048.2710037,16013837263.227238,18309452908.09807,18309452908.09807,China,24.95047409531761,102.37273787905929,WISCO Group Kunming Steel Co Ltd New District Branch,24.953261,102.378082,2276.0,24.953261,102.378082,largest plant
Qinhuangdao Baigong Steel Co Ltd,1,2260.0,2260.0,2260.0,1,1,20.0,1644959560.7920702,18213193280.37356,18213193280.37356,18213193280.37356,China,39.74877299999999,118.81947200000002,Qinhuangdao Baigong Steel Co Ltd,39.748773,118.819472,2260.0,39.748773,118.819472,largest plant
Zhongpu (Handan) Iron and Steel Co Ltd,1,2250.0,2250.0,2250.0,1,1,23.0,296202759.7826058,9064068513.111492,9064068513.111492,9064068513.111492,China,36.721376,113.910271,Zhongpu Handan Iron and Steel Co Ltd,36.721376,113.910271,2250.0,36.721376,113.910271,largest plant
JFE Bars & Shapes Corp,3,2220.0,740.0,900.0,1,1,80.33333333333333,10166868071.82332,90803702125.44609,143476292065.90747,95015461029.15079,Japan,35.09620558203824,136.3430490123603,JFE Bars & Shapes Himeji Works steel plant,34.784113,134.658493,900.0,34.784113,134.658493,largest plant
BMM Ispat Ltd,1,2208.0,2208.0,2208.0,1,1,20.0,326466748.184155,3195093655.9004097,3195093655.9004097,3195093655.9004097,India,15.16972,76.37971,BMM Ispat Danapur steel plant,15.16972,76.37971,2208.0,15.16972,76.37971,largest plant
Guangdong Yuebei United Steel Co Ltd,1,2055.0,2055.0,2055.0,1,1,16.0,114780320.39245096,1125333997.9230347,1125333997.9230347,1125333997.9230347,China,24.262452,113.728198,Guangdong Yuebei United Steel Co Ltd,24.262452,113.728198,2055.0,24.262452,113.728198,largest plant
Orissa Metaliks Pvt Ltd,3,2050.0,683.3333333333334,900.0,1,1,10.666666666666666,2205613025.7592883,11647420002.710455,14646256806.974564,11937673818.653208,India,22.20731743498461,86.18312528426843,Orissa Metaliks Kharagpur steel plant,22.378355,87.281773,900.0,22.378355,87.281773,largest plant
Xining Special Steel Co Ltd,1,2040.0,2040.0,2040.0,1,1,28.37,3718700727.8378444,78026869502.55952,78026869502.55952,78026869502.55952,China,36.66856,101.671414,Xining Special Steel Co Ltd,36.66856,101.671414,2040.0,36.66856,101.671414,largest plant
Guangdong Guangqing METAL Technology Co Ltd,1,2040.0,2040.0,2040.0,1,1,16.0,546325381.749661,8965655529.844511,8965655529.844511,8965655529.844511,China,21.697069,111.848841,Guangdong Guangqing Metal Technology Co Ltd,21.697069,111.848841,2040.0,21.697069,111.848841,largest plant
Heilongjiang Jianlong Iron and Steel Co Ltd,1,2001.0,2001.0,2001.0,1,1,23.0,125175844.19061546,5871935016.85296,5871935016.85296,5871935016.85296,China,46.602297,131.071877,Heilongjiang Jianlong Iron and Steel Co Ltd,46.602297,131.071877,2001.0,46.602297,131.071877,largest plant
Xinxing Ductile Iron Pipes Xinjiang Co Ltd,1,2000.0,2000.0,2000.0,1,1,15.46,31013010.919899933,271826943.1926223,271826943.1926223,271826943.1926223,China,42.333321000000005,86.302481,Xinjiang Tianshan Iron and Steel Bazhou Co Ltd,42.333321,86.302481,2000.0,42.333321,86.302481,largest plant
Hubei Lijin Steel Group Co Ltd,1,2000.0,2000.0,2000.0,1,1,24.0,728653447.9992169,3421129107.261907,3421129107.261907,3421129107.261907,China,32.127263,112.715688,Hubei Lijin Steel Group Co Ltd,32.127263,112.715688,2000.0,32.127263,112.715688,largest plant
Guangdong Jingye Iron and Steel Co Ltd,1,2000.0,2000.0,2000.0,1,1,6.0,7797595936.055308,345789484427.8733,345789484427.8733,345789484427.8733,China,23.454666,116.498483,Guangdong Jingye Iron and Steel Co Ltd,23.454666,116.498483,2000.0,23.454666,116.498483,largest plant
Wuhai Baogang Wanteng Iron and Steel Co Ltd,1,2000.0,2000.0,2000.0,1,1,15.0,111523145.34028804,4238109972.7364726,4238109972.7364726,4238109972.7364726,China,39.855971000000004,106.88664700000001,Wuhai Baogang Wanteng Iron and Steel Co Ltd,39.855971,106.886647,2000.0,39.855971,106.886647,largest plant
Wuhu Fuxin Iron & Steel Co Ltd,1,2000.0,2000.0,2000.0,1,1,23.0,203072621.1319695,14988877836.50761,14988877836.50761,14988877836.50761,China,31.194505000000003,118.067833,Wuhu Fuxin Iron and Steel Co Ltd,31.194505,118.067833,2000.0,31.194505,118.067833,largest plant
Fuzhou Wuhang Steel Products Co Ltd,1,2000.0,2000.0,2000.0,1,1,5.0,6512786661.363352,122602138013.36754,122602138013.36754,122602138013.36754,China,25.995101000000002,119.495725,Fuzhou Wuhang Steel Products Co Ltd,25.995101,119.495725,2000.0,25.995101,119.495725,largest plant
Wuhu Xinxing Ductile Iron Pipes Co Ltd,1,2000.0,2000.0,2000.0,1,1,23.0,1042494789.8844099,47168529761.85726,47168529761.85726,47168529761.857254,China,31.229893,118.15086699999999,Wuhu Xinxing Ductile Iron Pipes Co Ltd,31.229893,118.150867,2000.0,31.229893,118.150867,largest plant
Fujian Wuhang Stainless Steel Products Co Ltd,1,2000.0,2000.0,2000.0,1,1,33.0,6512786661.363352,121317464955.75764,121317464955.75764,121317464955.75764,China,25.95923,119.452018,Fujian Wuhang Stainless Steel Products Co Ltd,25.95923,119.452018,2000.0,25.95923,119.452018,largest plant
Inner Mongolia Yaxinlongshun Special Steel Co Ltd,1,2000.0,2000.0,2000.0,1,1,20.3,2337622.9703656165,43882319875.08874,43882319875.08874,43882319875.08874,China,40.689778000000004,110.214707,Inner Mongolia Yaxin Longshun Special Steel Co Ltd,40.689778,110.214707,2000.0,40.689778,110.214707,largest plant
Hubei Shunle Iron and Steel Co Ltd,1,2000.0,2000.0,2000.0,1,1,5.0,96700424.06712171,3896296123.857641,3896296123.857641,3896296123.857641,China,29.925025999999995,113.826118,Hubei Shunle Steel Co Ltd plant,29.925026,113.826118,2000.0,29.925026,113.826118,largest plant
Jiangsu Changqiang Iron & Steel Co Ltd,1,2000.0,2000.0,2000.0,1,1,22.42,5149260849.902505,141261220919.20892,141261220919.20892,141261220919.20892,China,31.952064000000004,120.189749,Jiangsu Changqiang Iron and Steel Co Ltd,31.952064,120.189749,2000.0,31.952064,120.189749,largest plant
Shijiazhuang Iron and Steel Co Ltd,2,2000.0,2000.0,2000.0,1,1,34.5,41715661516.27928,170201054489.40945,330660223500.23596,9741885478.582943,China,38.06816598221893,114.29672622028465,Shijiazhuang Iron and Steel Co Ltd Special Steel Branch,38.075008,114.033043,2000.0,38.075008,114.033043,largest plant
BERIS Jiangsu Heavy Industry Co Ltd,1,2000.0,2000.0,2000.0,1,1,16.33,178113102.28059617,67465694863.543724,67465694863.543724,67465694863.543724,China,32.104319,119.79212599999998,Zhongye Dongfang Jiangsu Heavy Industry Co Ltd,32.104319,119.792126,2000.0,32.104319,119.792126,largest plant
Luzhou Xinyang Vanadium Titanium Steel Co Ltd,1,2000.0,2000.0,2000.0,1,1,6.12,20271489.796361625,14827483803.874836,14827483803.874836,14827483803.874836,China,28.851779000000004,105.70509,Luzhou Xinyang Vanadium Titanium Steel Co Ltd,28.851779,105.70509,2000.0,28.851779,105.70509,largest plant
Tangshan Wenfeng Special Steel Co Ltd,1,2000.0,2000.0,2000.0,1,1,18.47,146526011.7107865,4822170639.785444,4822170639.785444,4822170639.785444,China,39.146541,118.432261,Tangshan Wenfeng Special Steel Co Ltd,39.146541,118.432261,2000.0,39.146541,118.432261,largest plant
Henan YAXIN Steel Industry Co Ltd,1,2000.0,2000.0,2000.0,1,1,23.0,1630271672.3960836,46949897947.47487,46949897947.47487,46949897947.47487,China,35.87995600000001,114.334825,Henan Yaxin Iron and Steel Group Co Ltd,35.879956,114.334825,2000.0,35.879956,114.334825,largest plant
Guizhou United Steel (Group) Co Ltd,1,1990.0,1990.0,1990.0,1,1,12.0,288427354.33009654,39984761441.50749,39984761441.50749,39984761441.50749,China,27.591691,106.814024,Guizhou United Iron and Steel Group Co Ltd,27.591691,106.814024,1990.0,27.591691,106.814024,largest plant
ShiGangJingCheng Equipment Development and Manufacturing Co Ltd,1,1900.0,1900.0,1900.0,1,1,20.0,758099574.9849542,50793015085.371735,50793015085.371735,50793015085.371735,China,40.626396,122.38884000000002,ShiGangJingCheng Equipment Development and Manufacturing Co Ltd,40.626396,122.38884,1900.0,40.626396,122.38884,largest plant
Lucheng Xingbao Iron & Steel Co Ltd,1,1900.0,1900.0,1900.0,1,1,22.85,2719454994.077153,51965769924.3065,51965769924.3065,51965769924.3065,China,36.332449,113.15509000000002,Changzhi Xingbao Steel Co Ltd,36.332449,113.15509,1900.0,36.332449,113.15509,largest plant
Angang Lianzhong Stainless Steel Corp,1,1900.0,1900.0,1900.0,1,1,25.0,23605391215.706425,860628677784.8787,860628677784.8787,860628677784.8787,China,23.126822000000004,113.505817,Angang Lianzhong Stainless Steel Co Ltd,23.126822,113.505817,1900.0,23.126822,113.505817,largest plant
Shaanxi Lueyang Iron and Steel Co Ltd,1,1900.0,1900.0,1900.0,1,1,22.29,32314098.785076372,235071813.06369317,235071813.06369317,235071813.06369317,China,33.323678,106.167206,Shaanxi Lueyang Iron and Steel Co Ltd,33.323678,106.167206,1900.0,33.323678,106.167206,largest plant
Shandong Taigang Xinhai Stainless Steel Co Ltd,1,1860.0,1860.0,1860.0,1,1,10.07,374021532.01611346,9458763157.781727,9458763157.781727,9458763157.781727,China,35.228556,119.08417800000001,Shandong Taigang Xinhai Stainless Steel Co Ltd,35.228556,119.084178,1860.0,35.228556,119.084178,largest plant
Wuzhou Yongda Steel Works Co Ltd,1,1851.0,1851.0,1851.0,1,1,17.0,607979569.3111423,17168553692.681128,17168553692.681128,17168553692.681128,China,23.524464999999996,111.2402,Wuzhou Yongda Iron and Steel Co Ltd,23.524465,111.2402,1851.0,23.524465,111.2402,largest plant
Hebei Huaxi Special Steel Co Ltd,1,1824.0,1824.0,1824.0,1,1,5.0,658638310.9064554,5574342695.914176,5574342695.914176,5574342695.914176,China,39.260784,119.00592499999999,Hebei Huaxi Special Steel Co Ltd,39.260784,119.005925,1824.0,39.260784,119.005925,largest plant
Hbzx HIGH Tech Co Ltd,1,1800.0,1800.0,1800.0,1,1,3.0,11073664760.627905,24373336350.227474,24373336350.227474,24373336350.227474,China,40.607977,115.067516,Hebei Zhangxuan High Tech Co Ltd,40.607977,115.067516,1800.0,40.607977,115.067516,largest plant
Anshan Baode Iron & Steel Co Ltd,1,1800.0,1800.0,1800.0,1,1,26.73,4381066890.384275,163827269958.9023,163827269958.9023,163827269958.9023,China,41.173613,122.94550100000001,Anshan Baode Iron and Steel Co Ltd,41.173613,122.945501,1800.0,41.173613,122.945501,largest plant
Ningxia Iron and Steel (Group) Co Ltd,1,1800.0,1800.0,1800.0,1,1,68.0,21396075.606333133,5611743146.297189,5611743146.297189,5611743146.297189,China,37.503054,105.078348,Ningxia Iron and Steel Group Co Ltd,37.503054,105.078348,1800.0,37.503054,105.078348,largest plant
Henan Angang Zhoukou Iron and Steel Co Ltd,1,1750.0,1750.0,1750.0,1,1,5.0,1216482444.7504897,9764326764.785652,9764326764.785652,9764326764.785652,China,33.364534,115.099661,Henan Angang Zhoukou Iron and Steel Co Ltd,33.364534,115.099661,1750.0,33.364534,115.099661,largest plant
Fujian Dingsheng Steel Co Ltd,1,1726.0,1726.0,1726.0,1,1,8.0,65973740.548705816,4145571679.748354,4145571679.748354,4145571679.748354,China,27.224477000000004,120.32882799999999,Fujian Dingsheng Iron and Steel Co Ltd,27.224477,120.328828,1726.0,27.224477,120.328828,largest plant
Guangxi Longzhou Zhongheng Wanhua Industrial Co Ltd,2,1725.0,862.5,1725.0,1,1,17.5,14775761.727532735,1219183267.8164568,1401279019.1171052,1401279019.1171052,China,23.176229161165118,109.41476993264988,Guangxi Guifeng Special Steel Co Ltd,23.987136,111.914197,1725.0,23.987136,111.914197,largest plant
Godo Steel Ltd,3,1700.0,566.6666666666666,700.0,1,1,62.666666666666664,176002564914.40576,2363553848858.4585,3812995185567.159,2534076359059.482,Japan,35.08022016005734,136.67417486511414,Godo Steel Funabashi Works,35.697541,139.964104,700.0,35.697541,139.964104,largest plant
Shanxi Meijin Iron and Steel Co Ltd,2,1700.0,1700.0,1700.0,1,1,22.32,2089291270.347642,10351724174.808672,15890424232.047594,15890424232.047594,China,38.15555056251446,112.45759948940074,Shanxi Meijin Iron and Steel Co Ltd Dongyu Town,37.571354,112.229791,1700.0,37.571354,112.229791,largest plant
Licheng Taihang Iron & Steel Co Ltd,1,1700.0,1700.0,1700.0,1,1,25.68,231213739.23506635,5164716713.87076,5164716713.87076,5164716713.87076,China,36.472303000000004,113.344155,Licheng Taihang Iron and Steel Co Ltd,36.472303,113.344155,1700.0,36.472303,113.344155,largest plant
Heyuan Derun Steel Co Ltd,2,1650.0,1650.0,1650.0,1,1,26.0,5199836757.785021,11378305158.915005,22529808471.8891,226801845.94090843,China,23.545723843616223,114.82093454460008,Heyuan Derun Steel Co Ltd LanTang Industrial Park,23.39775,114.898646,1650.0,23.39775,114.898646,largest plant
Hebei YongYang Special Steel Group Co Ltd,1,1610.0,1610.0,1610.0,1,1,33.0,364664534.1041899,105774755639.35507,105774755639.35507,105774755639.35507,China,36.786851,114.376132,Hebei Yongyang Special Steel Group Co Ltd,36.786851,114.376132,1610.0,36.786851,114.376132,largest plant
Guangxi Deyuan Metallurgy Co Ltd,2,1600.0,1600.0,1600.0,1,1,36.0,271821385.1967023,2050654951.2266204,3308487119.423714,3308487119.423714,China,22.785801191608208,109.11928616926107,Guangxi Deyuan Metallurgy Co Ltd (Nayangdaqiao),22.712996,109.33725,1600.0,22.712996,109.33725,largest plant
Jianglong Acheng Iron & Steel Co Ltd,1,1600.0,1600.0,1600.0,1,1,25.0,3851213851.5239058,22150430318.14087,22150430318.14087,22150430318.14087,China,45.562002,126.968128,Jianglong Acheng Iron and Steel Co Ltd,45.562002,126.968128,1600.0,45.562002,126.968128,largest plant
Sanyo Special Steel Co Ltd,1,1596.0,1596.0,1596.0,1,1,91.0,12333371034.581137,143476292065.90747,143476292065.90747,143476292065.90747,Japan,34.788074,134.672046,Nippon Sanyo Special Steel,34.788074,134.672046,1596.0,34.788074,134.672046,largest plant
Jiangsu HONGTAI Metals Ware Co Ltd,1,1576.0,1576.0,1576.0,1,1,25.68,3200493895.461697,126766002274.8766,126766002274.8766,126766002274.8766,China,32.138393,119.554693,Jiangsu Hongtai Iron and Steel Co Ltd,32.138393,119.554693,1576.0,32.138393,119.554693,largest plant
Hebei New Wuan Iron and Steel Group Xin Hui Metallurgy Co Ltd,1,1575.0,1575.0,1575.0,1,1,26.0,1570133414.6514165,32209850622.246315,32209850622.246315,32209850622.246315,China,36.664097,114.115263,Hebei Xinwuan Iron and Steel Group Xinhui Metallurgy Co Ltd,36.664097,114.115263,1575.0,36.664097,114.115263,largest plant
Shanxi Changxin Industry Co Ltd,1,1520.0,1520.0,1520.0,1,1,37.0,2719454994.077153,57194942525.12236,57194942525.12236,57194942525.12236,China,36.326589,113.11718100000002,Shanxi Changxin Industrial Co Ltd,36.326589,113.117181,1520.0,36.326589,113.117181,largest plant
Henan Fengbao SPECIAL Steel Co Ltd,1,1500.0,1500.0,1500.0,1,1,25.0,1250100343.4634068,12382607196.78423,12382607196.78423,12382607196.78423,China,36.131666,113.872158,Henan Fengbao Special Steel Co Ltd,36.131666,113.872158,1500.0,36.131666,113.872158,largest plant
Jiangyin Huaxi Steel Co Ltd,1,1500.0,1500.0,1500.0,1,1,23.39,10086515908.61508,305294826329.7832,305294826329.7832,305294826329.7832,China,31.816482,120.424347,Jiangyin Huaxi Iron and Steel Co Ltd,31.816482,120.424347,1500.0,31.816482,120.424347,largest plant
Daido Steel Co Ltd,1,1500.0,1500.0,1500.0,1,1,64.0,27104407629.54368,1439619650330.7676,1439619650330.7676,1439619650330.7676,Japan,35.016404,136.86474400000003,Daido Steel Chita plant (Tokai),35.016404,136.864744,1500.0,35.016404,136.864744,largest plant
Danyang Longjiang Steel Co Ltd,1,1500.0,1500.0,1500.0,1,1,22.59,5805245295.940704,102713030996.41045,102713030996.41045,102713030996.41043,China,32.027791,119.57705999999999,Danyang Longjiang Steel Co Ltd,32.027791,119.57706,1500.0,32.027791,119.57706,largest plant
ESL Steel Ltd,1,1500.0,1500.0,1500.0,1,1,20.0,1365011682.389793,43723661303.1137,43723661303.1137,43723661303.1137,India,23.632907,86.293671,Electrosteel Bokaro steel plant,23.632907,86.293671,1500.0,23.632907,86.293671,largest plant
Jilin Jingang Lron and Steel Co Ltd,1,1500.0,1500.0,1500.0,1,1,47.0,7056524178.650425,23181462756.71461,23181462756.71461,23181462756.71461,China,43.20023,124.33569700000001,Jilin Jingang Iron and Steel Co Ltd,43.20023,124.335697,1500.0,43.20023,124.335697,largest plant
Chengdu Changfeng Steel Group Co Ltd,1,1500.0,1500.0,1500.0,1,1,56.0,846260426.3465284,20216826188.210163,20216826188.210163,20216826188.210163,China,31.031921000000004,103.672956,Chengdu Changfeng Iron and Steel Group Co Ltd,31.031921,103.672956,1500.0,31.031921,103.672956,largest plant
Longnan Fuxin Steel Co Ltd,1,1500.0,1500.0,1500.0,1,1,20.91,85055828.36295038,2043486888.1904333,2043486888.1904333,2043486888.1904333,China,24.912904,114.844503,Longnan Fuxin Iron and Steel Co Ltd,24.912904,114.844503,1500.0,24.912904,114.844503,largest plant
Ningxia Xinghua Iron and Steel Co Ltd,1,1500.0,1500.0,1500.0,1,1,4.22,1044069289.8932406,7853591900.804574,7853591900.804574,7853591900.804574,China,39.309571,106.79093,Ningxia Xinghua Iron and Steel Co Ltd,39.309571,106.79093,1500.0,39.309571,106.79093,largest plant
Qian'an Zhayi Steel Group Co Ltd,1,1500.0,1500.0,1500.0,1,1,22.0,722897426.2393645,20922674707.457275,20922674707.457275,20922674707.457275,China,40.044026,118.552001,Qian an Zhayi Steel Group Co Ltd,40.044026,118.552001,1500.0,40.044026,118.552001,largest plant
Guangxi Wuzhou Jinhai Stainless Steel Co Ltd,1,1500.0,1500.0,1500.0,1,1,16.0,607979569.3111423,17160960324.747433,17160960324.747433,17160960324.747433,China,23.518229000000005,111.235509,Guangxi Wuzhou Jinhai Stainless Steel Co Ltd,23.518229,111.235509,1500.0,23.518229,111.235509,largest plant
Aichi Steel Corp,1,1495.0,1495.0,1495.0,1,1,83.0,110186877555.41345,1502462582382.9646,1502462582382.9646,1502462582382.9646,Japan,35.044557999999995,136.900772,Aichi Steel Chita plant (Tokai),35.044558,136.900772,1495.0,35.044558,136.900772,largest plant
Jishan Mingfu Steel Products Co Ltd,1,1433.0,1433.0,1433.0,1,1,12.44,245177255.62792537,6320653808.552563,6320653808.552563,6320653808.552563,China,35.665945,111.025976,Jishan Mingfu Steel Products Co Ltd,35.665945,111.025976,1433.0,35.665945,111.025976,largest plant
Heping Yueshen Steel Industrial Co Ltd,1,1400.0,1400.0,1400.0,1,1,15.0,922848789.0805657,1532221880.501906,1532221880.501906,1532221880.501906,China,24.49796,114.93888,Heping Yueshen Steel Industry Co Ltd,24.49796,114.93888,1400.0,24.49796,114.93888,largest plant
Shandong Luli Steel Co Ltd,1,1400.0,1400.0,1400.0,1,1,33.0,309288577.011094,35092020109.56995,35092020109.56995,35092020109.56995,China,36.970875,118.955444,Shandong Luli Steel Co Ltd,36.970875,118.955444,1400.0,36.970875,118.955444,largest plant
Yunnan Qujing Iron and Steel Group Co Ltd,1,1400.0,1400.0,1400.0,1,1,12.55,54580293.24053438,4352750659.950534,4352750659.950534,4352750659.950534,China,26.275341999999995,104.168311,Yunnan Qujing Iron and Steel Group Fenghuang Steel Co Ltd,26.275342,104.168311,1400.0,26.275342,104.168311,largest plant
Henan Xinjinhui Stainless Steel Industry Co Ltd,1,1400.0,1400.0,1400.0,1,1,21.0,797364861.8664675,45358896847.879585,45358896847.879585,45358896847.879585,China,34.263509,113.853979,Henan Jinhui Industrial Group,34.263509,113.853979,1400.0,34.263509,113.853979,largest plant
Lvliang Jianlong Industrial Co Ltd,1,1400.0,1400.0,1400.0,1,1,41.0,1570081181.240564,11016961277.147089,11016961277.147089,11016961277.147089,China,37.473110000000005,112.06093,Lvliang Jianlong Industrial Co Ltd,37.47311,112.06093,1400.0,37.47311,112.06093,largest plant
Hebei New Wuan Steel Group Wenan IRON&STEEL Co Ltd,2,1400.0,1400.0,1400.0,1,1,23.0,3553105312.443734,27746646097.323524,34265105010.563232,34265105010.563232,China,36.65550295804813,114.06879830672109,Hebei Xin Wuan Steel Group Wenan Iron and Steel Co Ltd,36.679431,114.169024,1400.0,36.679431,114.169024,largest plant
Guangxi Guigang Iron and Steel Group Co Ltd,1,1400.0,1400.0,1400.0,1,1,23.0,6503602261.824279,14448502391.134487,14448502391.134487,14448502391.134487,China,23.088181999999996,109.634638,Guangxi Guigang Iron and Steel Group Co Ltd,23.088182,109.634638,1400.0,23.088182,109.634638,largest plant
Yantai Walsin Stainless Steel Co Ltd,1,1400.0,1400.0,1400.0,1,1,18.92,18963550948.945488,84855701294.55832,84855701294.55832,84855701294.55832,China,37.548627,121.277488,Yantai Walsin Stainless Steel Co Ltd,37.548627,121.277488,1400.0,37.548627,121.277488,largest plant
Rungta Mines Ltd,5,1375.0,275.0,696.0,1,1,8.333333333333334,307628533.1210734,3635461575.022246,6293674654.628268,3199565402.2732677,India,21.91097049206941,85.45148572752068,Rungta Mines Chaliyama steel plant,22.588359,85.905724,696.0,22.588359,85.905724,largest plant
Nippon Steel Stainless Steel Corp,2,1366.0,683.0,866.0,1,1,69.5,1369220846.7925227,13080305967.0957,15748599333.946754,13795236693.499422,Japan,34.01186031103455,131.85635594287206,Nippon Stainless Steel Yamaguchi Works (Shunan Area) steel plant,34.059009,131.777221,866.0,34.059009,131.777221,largest plant
Fujian Yixin Steel & Iron Co Ltd,1,1360.0,1360.0,1360.0,1,1,20.0,136966250.464103,5593875427.628956,5593875427.628956,5593875427.628956,China,26.491308000000004,119.63624,Fujian Yixin Steel Co Ltd,26.491308,119.63624,1360.0,26.491308,119.63624,largest plant
Yunnan Desheng Steel Co Ltd,1,1350.0,1350.0,1350.0,1,1,25.47,179784996.6136446,661664933.6198207,661664933.6198207,661664933.6198207,China,25.142516,102.077727,Yunnan Desheng Iron and Steel Co Ltd,25.142516,102.077727,1350.0,25.142516,102.077727,largest plant
Inner Mongolia Desheng Metal Products Co Ltd,1,1350.0,1350.0,1350.0,1,1,14.3,111523145.34028804,4238333561.2372193,4238333561.2372193,4238333561.2372193,China,39.867014999999995,106.890377,Inner Mongolia Desheng Metal Products Co Ltd,39.867015,106.890377,1350.0,39.867015,106.890377,largest plant
Hebei New Wuan Lron and Steel Group Hong Rong Lron and Steel Co Ltd,1,1350.0,1350.0,1350.0,1,1,42.0,188809636.46592227,21197313218.73651,21197313218.73651,21197313218.73651,China,36.640411,113.981172,Hebei Xin Wuan Steel Group Hongrong Iron and Steel Co Ltd,36.640411,113.981172,1350.0,36.640411,113.981172,largest plant
Wulanhot Iron & Steel Co Ltd,1,1350.0,1350.0,1350.0,1,1,26.64,3362380016.537606,6821890942.147777,6821890942.147777,6821890942.147777,China,46.055685000000004,122.06328199999999,Wulanhot Steel Co Ltd,46.055685,122.063282,1350.0,46.055685,122.063282,largest plant
Hebei Huaxin Special Steel Co Ltd,1,1350.0,1350.0,1350.0,1,1,5.0,1439683054.8066726,91279583262.73259,91279583262.73259,91279583262.73259,China,36.530480000000004,114.245262,Hebei Huaxin Special Steel Co Ltd,36.53048,114.245262,1350.0,36.53048,114.245262,largest plant
Tongling Fuxin Iron & Steel Co Ltd,1,1350.0,1350.0,1350.0,1,1,56.0,6386761084.181079,25135376136.461826,25135376136.461826,25135376136.461826,China,30.907561000000005,117.772866,Tongling Fuxin Iron and Steel Co Ltd,30.907561,117.772866,1350.0,30.907561,117.772866,largest plant
Qinglong Manzhu Autonomous County Delong Casting Industry Development Co Ltd,1,1350.0,1350.0,1350.0,1,1,15.87,14286152.175898882,571913381.0871459,571913381.0871459,571913381.0871459,China,40.427008,119.219855,Qinglong Manchu Autonomous County Delong Foundry Development Co Ltd,40.427008,119.219855,1350.0,40.427008,119.219855,largest plant
Jiangsu Delong Nickel Industry Co Ltd,1,1350.0,1350.0,1350.0,1,1,15.55,890142435.6329616,4969373256.508394,4969373256.508394,4969373256.508394,China,34.44346900000001,119.81657399999999,Jiangsu Delong Nickel Industry Co Ltd,34.443469,119.816574,1350.0,34.443469,119.816574,largest plant
Xinjiang KingTec Steel Co Ltd,1,1334.0,1334.0,1334.0,1,1,22.28,93932.5409826021,6606673.245409169,6606673.245409169,6606673.245409169,China,42.67419199999999,86.280156,Xinjiang Kingtec Steel Co Ltd,42.674192,86.280156,1334.0,42.674192,86.280156,largest plant
Guizhou Ganglian Industrial Group Co Ltd,1,1325.0,1325.0,1325.0,1,1,12.0,3047624310.877063,43134590411.06217,43134590411.06217,43134590411.06217,China,27.615147000000004,106.949926,Guizhou Ganglian Industrial Group Co Ltd,27.615147,106.949926,1325.0,27.615147,106.949926,largest plant
Anyang Iron & Steel Co Ltd,1,1300.0,1300.0,1300.0,1,1,68.0,17037663839.757977,82619171295.84013,82619171295.84013,82619171295.84013,China,36.122129,114.283145,Anyang Iron and Steel Co Ltd,36.122129,114.283145,1300.0,36.122129,114.283145,largest plant
Hengyang Valin Steel Tube Co Ltd,1,1300.0,1300.0,1300.0,1,1,68.0,8841440925.872505,48574104907.651276,48574104907.651276,48574104907.651276,China,26.865484,112.576853,Hengyang Valin Steel Tube Co Ltd,26.865484,112.576853,1300.0,26.865484,112.576853,largest plant
Fujian Longgang New Materials Co Ltd,1,1210.0,1210.0,1210.0,1,1,,81212030.76822813,1035949679.3292078,1035949679.3292078,1035949679.3292077,China,25.357408,117.362096,Fujian Longgang New Materials Co Ltd,25.357408,117.362096,1210.0,25.357408,117.362096,largest plant
Shaanxi Huaxin Special Steel Group Co Ltd,1,1200.0,1200.0,1200.0,1,1,24.54,179102021.36746305,3967730209.0390596,3967730209.0390596,3967730209.039059,China,34.523278,109.986042,Shaanxi Huaxin Special Steel Group Co Ltd,34.523278,109.986042,1200.0,34.523278,109.986042,largest plant
Mesco Kalinga Steel Ltd,1,1200.0,1200.0,1200.0,1,1,21.0,864289310.3874147,7210393202.478255,7210393202.478255,7210393202.478255,India,20.976277,86.044419,Mesco Steel Kalinganagar plant,20.976277,86.044419,1200.0,20.976277,86.044419,largest plant
natural person(s); Hubei Xinxin Steel Group Co Ltd,1,1200.0,1200.0,1200.0,1,1,26.0,1002488417.5250294,45551188711.02555,45551188711.02555,45551188711.02555,China,30.067469,114.934091,Daye Xinye Special Steel Co Ltd,30.067469,114.934091,1200.0,30.067469,114.934091,largest plant
Guilin Pinggang Iron and Steel Co Ltd,1,1200.0,1200.0,1200.0,1,1,29.0,33714093.6953855,948243686.0750386,948243686.0750386,948243686.0750384,China,24.673567,110.78959000000002,Guilin Pinggang Iron and Steel Co Ltd,24.673567,110.78959,1200.0,24.673567,110.78959,largest plant
Zhejiang Wantai Special Steel Co Ltd,1,1200.0,1200.0,1200.0,1,1,22.54,3208888731.268896,182225850715.98544,182225850715.98544,182225850715.98544,China,30.944342000000002,120.97180299999998,Zhejiang Wantai Special Steel Co Ltd,30.944342,120.971803,1200.0,30.944342,120.971803,largest plant
Jayaswal Neco Industries Ltd,1,1200.0,1200.0,1200.0,1,1,30.0,1676028759.8407507,20742994968.86579,20742994968.86579,20742994968.86579,India,21.354495,81.676444,Jayaswal Neco Industries Raipur steel plant,21.354495,81.676444,1200.0,21.354495,81.676444,largest plant
Guangxi Guigang Iron and Steel Group Guigang Guibao SPECIAL Steel Co Ltd,1,1200.0,1200.0,1200.0,1,1,8.0,6503602261.824279,14468067641.863953,14468067641.863953,14468067641.863953,China,23.089502,109.63938,Guangxi Guigang Iron and Steel Group Guigang Guibao Special Steel Co Ltd,23.089502,109.63938,1200.0,23.089502,109.63938,largest plant
Huahong Iron and Steel Products Co Ltd,1,1200.0,1200.0,1200.0,1,1,23.39,468805622.32278705,978294970.4345801,978294970.4345801,978294970.4345801,China,28.090098,119.51950900000001,Lishui Huahong Iron and Steel Products Co Ltd,28.090098,119.519509,1200.0,28.090098,119.519509,largest plant
Henan Fuhua Iron & Steel Group Co Ltd,1,1200.0,1200.0,1200.0,1,1,26.47,3251997907.564753,69205884097.59297,69205884097.59297,69205884097.59297,China,34.462949,113.700844,Henan Fuhua Steel Group Co Ltd,34.462949,113.700844,1200.0,34.462949,113.700844,largest plant
Prakash Industries Ltd,1,1190.0,1190.0,1190.0,1,1,33.0,465552274.1725282,5599758531.761893,5599758531.761893,5599758531.761893,India,22.004694,82.671666,Prakash Industries Janjgir steel plant,22.004694,82.671666,1190.0,22.004694,82.671666,largest plant
Daye Huaxin Industrial Co Ltd,1,1150.0,1150.0,1150.0,1,1,23.0,1002488417.5250294,46273565195.00691,46273565195.00691,46273565195.00691,China,30.070219,114.92625099999998,Daye Huaxin Industrial Co Ltd,30.070219,114.926251,1150.0,30.070219,114.926251,largest plant
Zunyi County Fuxin Iron & Steel Product Co Ltd,1,1150.0,1150.0,1150.0,1,1,33.0,288427354.33009654,39984761441.50749,39984761441.50749,39984761441.50749,China,27.591696999999996,106.815453,Zunyi Fuxin Special Steel Equipment Manufacturing Co Ltd,27.591697,106.815453,1150.0,27.591697,106.815453,largest plant
Guangxi Hezhou Kexinda Metal Products Co Ltd,1,1150.0,1150.0,1150.0,1,1,22.0,90031801.82740928,508303102.5636294,508303102.5636294,508303102.5636294,China,23.979936999999993,111.745037,Guangxi Hezhou Kexinda Metal Products Co Ltd,23.979937,111.745037,1150.0,23.979937,111.745037,largest plant
Hejin Huaxinyuan Steel & Iron Co Ltd,1,1150.0,1150.0,1150.0,1,1,23.12,1208145259.4777637,15237950599.103107,15237950599.103107,15237950599.103107,China,35.605506,110.652056,Shanxi Huaxinyuan Steel and Iron Group Co Ltd,35.605506,110.652056,1150.0,35.605506,110.652056,largest plant
Xinjiang Minxin Iron and Steel (Group) Minhang Special Steel Co Ltd,1,1110.0,1110.0,1110.0,1,1,14.79,1337515.1727294303,59593299.33300615,59593299.33300615,59593299.33300615,China,44.080866,88.417209,Xinjiang Minxin Iron and Steel Group Minhang Special Steel Co Ltd,44.080866,88.417209,1110.0,44.080866,88.417209,largest plant
Zhejiang Yuxin Industrial Co Ltd,1,1100.0,1100.0,1100.0,1,1,25.24,511578477.6555888,16931017984.408175,16931017984.408175,16931017984.408175,China,28.787201999999997,120.248592,Zhejiang Yuxin Industrial Co Ltd,28.787202,120.248592,1100.0,28.787202,120.248592,largest plant
Jilinheng Precision Casting Technology Co Ltd,1,1100.0,1100.0,1100.0,1,1,15.96,10768816.011382872,183657169.55888024,183657169.55888024,183657169.55888024,China,43.196537,126.00063,Panshi Jianlong Iron and Steel Co Ltd,43.196537,126.00063,1100.0,43.196537,126.00063,largest plant
Gaolan County Lanxin Steel Co Ltd,1,1100.0,1100.0,1100.0,1,1,25.0,4705947.349746395,5541392267.555784,5541392267.555784,5541392267.555784,China,36.48886600000001,103.922,Lanxin Steel Group Co Ltd plant,36.488866,103.922,1100.0,36.488866,103.922,largest plant
Neelachal Ispat Nigam Ltd,1,1100.0,1100.0,1100.0,1,1,44.0,864289310.3874147,7084370398.155405,7084370398.155405,7084370398.155405,India,20.998641000000003,86.019102,Neelachal Ispat Nigam steel plant,20.998641,86.019102,1100.0,20.998641,86.019102,largest plant
Guangdong Guangqing Metal Technology Co Ltd,1,1100.0,1100.0,1100.0,1,1,19.59,5052871258.0219145,148182667214.4578,148182667214.4578,148182667214.4578,China,31.980237,120.57145500000001,Posco Zhangjiagang Stainless Steel Co Ltd,31.980237,120.571455,1100.0,31.980237,120.571455,largest plant
Evonith Metallics Ltd,2,1080.0,540.0,1080.0,1,1,44.0,428413959.05805874,1450575715.6315243,1496644980.6383405,1496644980.6383405,India,20.70050874040092,78.62942074660084,Evonith Value Steel Wardha steel plant,20.696412,78.638548,1080.0,20.696412,78.638548,largest plant
Guangdong Taidu Iron & Steel Co Ltd,1,1020.0,1020.0,1020.0,1,1,22.0,1746497357.0257854,54416334496.484634,54416334496.484634,54416334496.484634,China,23.504558,112.96269300000002,Guangdong Taidu Iron & Steel Co Ltd,23.504558,112.962693,1020.0,23.504558,112.962693,largest plant
Chongqing Zuhang Steel Co Ltd,1,1010.0,1010.0,1010.0,1,1,18.0,419108487.0652244,17484785855.890198,17484785855.890198,17484785855.890198,China,29.440056,105.74192900000001,Chongqing Zuhang Iron and Steel Co Ltd,29.440056,105.741929,1010.0,29.440056,105.741929,largest plant
Arjas Steel Pvt Ltd,1,1005.0,1005.0,1005.0,1,1,13.3,216622786.99645334,978513444.531417,978513444.531417,978513444.531417,India,14.873471,78.048425,Arjas Steel Tadipatri plant,14.873471,78.048425,1005.0,14.873471,78.048425,largest plant
Chizhou Guichi Guihang Metal Products Co Ltd,1,1000.0,1000.0,1000.0,1,1,26.0,189683194.67400867,33326954857.278305,33326954857.278305,33326954857.278305,China,30.532786,117.25166000000002,Chizhou Guichi Guihang Metal Products Co Ltd,30.532786,117.25166,1000.0,30.532786,117.25166,largest plant
Xinjiang Ka Steel Group Co,1,1000.0,1000.0,1000.0,1,1,4.25,4239302.117930701,1938076204.0944707,1938076204.0944707,1938076204.0944707,China,39.142997,76.161589,Xinjiang Ka Steel Group Co,39.142997,76.161589,1000.0,39.142997,76.161589,largest plant
Xinjiang Yili Iron and Steel Co Ltd,1,1000.0,1000.0,1000.0,1,1,68.0,36347068.67769812,168536163.50178665,168536163.50178665,168536163.50178665,China,43.526808,83.294323,Xinjiang Yili Iron and Steel Co Ltd,43.526808,83.294323,1000.0,43.526808,83.294323,largest plant
Shengli (Qingyuan) Steel Products Co Ltd,1,1000.0,1000.0,1000.0,1,1,22.0,1383225148.037752,108065596004.31471,108065596004.31471,108065596004.31471,China,23.553041000000004,113.119942,"Shengli (Qingyuan) Steel Products Co., Ltd.",23.553041,113.119942,1000.0,23.553041,113.119942,largest plant
Wuzhou Yongda Special Steel Co Ltd,1,1000.0,1000.0,1000.0,1,1,15.0,607979569.3111423,17160960324.747433,17160960324.747433,17160960324.747433,China,23.520306999999995,111.22998100000001,Wuzhou Yongda Special Steel Co Ltd,23.520307,111.229981,1000.0,23.520307,111.229981,largest plant
Jingzhou Qunli Metal Products Co Ltd,1,1000.0,1000.0,1000.0,1,1,27.0,118075214.85034539,33592944700.56656,33592944700.56656,33592944700.56656,China,30.3505,112.353782,Jingzhou Qunli Metal Products Co Ltd,30.3505,112.353782,1000.0,30.3505,112.353782,largest plant
Fujian Hongfeng Industrial Group Co Ltd,1,1000.0,1000.0,1000.0,1,1,26.5,29883675.310433295,547944854.753244,547944854.753244,547944854.753244,China,26.868423,117.776369,Fujian Hongfeng Industrial Group Co Ltd,26.868423,117.776369,1000.0,26.868423,117.776369,largest plant
Anhui Langxi County Fuhang Steel Co Ltd,1,1000.0,1000.0,1000.0,1,1,24.0,86904812.1034762,5559526379.370945,5559526379.370945,5559526379.370945,China,31.246635000000005,119.120443,Anhui Langxi Hongtai Iron and Steel Co Ltd,31.246635,119.120443,1000.0,31.246635,119.120443,largest plant
Jiangxi Taixin Iron & Steel Co Ltd,1,1000.0,1000.0,1000.0,1,1,22.62,24651705.83317486,5795252050.102982,5795252050.102982,5795252050.102982,China,28.604450000000003,118.163615,Jiangxi Taixin Iron and Steel Co Ltd,28.60445,118.163615,1000.0,28.60445,118.163615,largest plant
Xinjiang Da'an Special Steel Co Ltd,1,1000.0,1000.0,1000.0,1,1,14.86,21656190.748155303,9838831673.420708,9838831673.420708,9838831673.420708,China,42.70046500000001,93.542466,Xinjiang Daan Special Steel Co Ltd,42.700465,93.542466,1000.0,42.700465,93.542466,largest plant
Cangzhou Lingang Sanling Metal Co Ltd,1,1000.0,1000.0,1000.0,1,1,31.0,90759574.23978685,11494109048.720526,11494109048.720526,11494109048.720526,China,38.311738,117.45777899999999,Cangzhou Lingang Sanling Metal Co Ltd,38.311738,117.457779,1000.0,38.311738,117.457779,largest plant
Sichuan Shengquan Iron and Steel Group Co Ltd,1,1000.0,1000.0,1000.0,1,1,7.46,1180067619.3126886,29002625399.538162,29002625399.538162,29002625399.538162,China,31.255961,104.190612,Sichuan Shengquan Iron and Steel Group Co Ltd,31.255961,104.190612,1000.0,31.255961,104.190612,largest plant
Dazhou Hangda Steel Co Ltd,1,1000.0,1000.0,1000.0,1,1,22.31,49607605.43538932,1825142576.014901,1825142576.014901,1825142576.014901,China,31.435148999999996,107.685981,Hangda Steel Co Ltd,31.435149,107.685981,1000.0,31.435149,107.685981,largest plant
Xuzhou Jinhong Iron and Steel Group Co Ltd,1,1000.0,1000.0,1000.0,1,1,25.58,62626478.12289046,10422400731.94734,10422400731.94734,10422400731.94734,China,34.500122,116.908897,Xuzhou Jinhong Iron and Steel Group Co Ltd,34.500122,116.908897,1000.0,34.500122,116.908897,largest plant
Fushun Special Steel Co Ltd,1,999.0,999.0,999.0,1,1,89.0,8540543698.927486,92433376200.71225,92433376200.71225,92433376200.71225,China,41.838774,123.806586,Fushun Special Steel Co Ltd,41.838774,123.806586,999.0,41.838774,123.806586,largest plant
Topy Industries Ltd,1,960.0,960.0,960.0,1,1,68.0,6515425440.511312,158685074239.12527,158685074239.12527,158685074239.12527,Japan,34.71964400000001,137.322259,Topy Industries Toyohashi steel plant,34.719644,137.322259,960.0,34.719644,137.322259,largest plant
Fujian Qingtuo New Material Co Ltd,1,958.0,958.0,958.0,1,1,3.0,11794218.386546498,3897674158.2296243,3897674158.2296243,3897674158.2296243,China,26.779300999999997,119.76793500000001,Fujian Qingtuo New Material Co Ltd,26.779301,119.767935,958.0,26.779301,119.767935,largest plant
JSW Ispat Special Products Ltd,1,950.0,950.0,950.0,1,1,18.0,213067224.22470316,4467491446.835285,4467491446.835285,4467491446.835285,India,21.983709,83.238133,JSW Steel Raigarh steel plant,21.983709,83.238133,950.0,21.983709,83.238133,largest plant
Jinye Steel Group Co Ltd,1,950.0,950.0,950.0,1,1,22.79,1182364306.7889879,48082438631.23244,48082438631.23244,48082438631.23244,China,36.148131,113.209523,Jinye Iron and Steel Group Co Ltd,36.148131,113.209523,950.0,36.148131,113.209523,largest plant
Longchuan Hanghui Steel Co Ltd,1,930.0,930.0,930.0,1,1,22.39,1069393003.8951043,3198437989.6937556,3198437989.6937556,3198437989.6937556,China,24.113189,115.215068,Longchuan Hanghui Steel Co Ltd,24.113189,115.215068,930.0,24.113189,115.215068,largest plant
Fengshun County Dongfang Metal Casting Co Ltd,1,930.0,930.0,930.0,1,1,22.6,453215982.2079722,18595122169.250225,18595122169.250225,18595122169.250225,China,23.749104,116.138262,Fengshun County Dongfang Metal Continuous Casting Co Ltd,23.749104,116.138262,930.0,23.749104,116.138262,largest plant
Guangdong Taiye Hongda Steel Co Ltd,1,920.0,920.0,920.0,1,1,13.79,1746497357.0257854,70709810799.84492,70709810799.84492,70709810799.84492,China,23.543329287986026,112.9908240744354,"Guangdong Taiye Hongda Steel Co., Ltd.",23.54332928798603,112.9908240744354,920.0,23.54332928798603,112.9908240744354,largest plant
Guangdong Shengye Steel Co Ltd,1,920.0,920.0,920.0,1,1,21.97,106278554.73135719,1531296659.3671398,1531296659.3671398,1531296659.3671398,China,24.008563999999996,114.79732800000001,Guangdong Shengye Steel Co Ltd,24.008564,114.797328,920.0,24.008564,114.797328,largest plant
Guangdong Shiji Qingshan Nickel Industry Co Ltd,1,900.0,900.0,900.0,1,1,14.81,546325381.749661,8937090589.579496,8937090589.579496,8937090589.579496,China,21.687053,111.848893,Guangdong Shiji Qingshan Nickel Industry Co Ltd,21.687053,111.848893,900.0,21.687053,111.848893,largest plant
Guangshui Huaxin Smelt Industry Co Ltd,1,869.0,869.0,869.0,1,1,18.0,39099648.249599755,2510913507.983334,2510913507.983334,2510913507.983334,China,31.502210000000005,114.00814200000002,Guangshui Huaxin Metallurgical Industry Co Ltd,31.50221,114.008142,869.0,31.50221,114.008142,largest plant
Guangdong Hongde Steel Group Co Ltd,1,860.0,860.0,860.0,1,1,24.0,2371893017.6045723,29398577246.00148,29398577246.00148,29398577246.00148,China,24.672351,113.535574,Guangdong Hongde Steel Group Co Ltd,24.672351,113.535574,860.0,24.672351,113.535574,largest plant
Tangshan Shoutang Baosheng Functional Materials Co Ltd,1,860.0,860.0,860.0,1,1,19.19,1356006637.3997142,52795312774.227554,52795312774.227554,52795312774.227554,China,39.751793,118.490004,Tangshan Shoutang Baosheng Functional Materials Co Ltd,39.751793,118.490004,860.0,39.751793,118.490004,largest plant
Yunnan Muguang Industry and Trade Co Ltd,1,850.0,850.0,850.0,1,1,12.3,106654789.90736285,4794889713.000853,4794889713.000853,4794889713.000853,China,24.077078999999998,102.771634,Yunnan Muguang Industry and Trade Co Ltd,24.077079,102.771634,850.0,24.077079,102.771634,largest plant
Yuxi Huixi Metal Casting Products Co Ltd,1,850.0,850.0,850.0,1,1,19.71,1153461107.3559847,19337954883.57608,19337954883.57608,19337954883.57608,China,24.360481000000004,102.481118,Yuxi Huixi Metal Casting Products Co Ltd,24.360481,102.481118,850.0,24.360481,102.481118,largest plant
Sichuan Ya'an Anshan Iron and Steel Co Ltd,1,830.0,830.0,830.0,1,1,4.91,388037.3015476711,446411930.7011265,446411930.7011265,446411930.7011265,China,30.059133,102.625907,Sichuan Yaan Anshan Iron and Steel Co Ltd,30.059133,102.625907,830.0,30.059133,102.625907,largest plant
Tangshan Xinglong Steel Co Ltd,1,825.0,825.0,825.0,1,1,25.0,178134743.02966222,60926767373.43919,60926767373.43919,60926767373.43919,China,39.84761199999999,118.34844800000002,Tangshan Xinglong Iron and Steel Co Ltd,39.847612,118.348448,825.0,39.847612,118.348448,largest plant
Zunyi Changling Special Steel Co Ltd,1,825.0,825.0,825.0,1,1,22.0,3047624310.877063,43134590411.06217,43134590411.06217,43134590411.06217,China,27.614947000000004,106.949752,Zunyi Changling Special Steel Co Ltd,27.614947,106.949752,825.0,27.614947,106.949752,largest plant
Chubu Steel Plate Co Ltd,1,800.0,800.0,800.0,1,1,67.0,176716694372.9768,1773436100976.1323,1773436100976.1323,1773436100976.132,Japan,35.118836,136.867567,Chubu Steel Plate Nagoya plant,35.118836,136.867567,800.0,35.118836,136.867567,largest plant
Baicheng Fuda Bar Rolling Co Ltd,1,788.0,788.0,788.0,1,1,16.31,4030918213.477184,8548861930.695523,8548861930.695523,8548861930.695523,China,45.593303,122.895588,Baicheng Fuda Bar Rolling Co Ltd,45.593303,122.895588,788.0,45.593303,122.895588,largest plant
Hezhou Xindu Sanyuan Casting Co Ltd,1,780.0,780.0,780.0,1,1,10.0,90031801.82740928,477788284.15544564,477788284.15544564,477788284.1554457,China,23.987007,111.739775,Guangxi Hezhou Pengda New Materials Co Ltd,23.987007,111.739775,780.0,23.987007,111.739775,largest plant
Mono Steel (India) Ltd,1,770.0,770.0,770.0,1,1,36.0,31833855.18768871,1965650537.2451715,1965650537.2451715,1965650537.2451713,India,23.312264999999996,70.201953,Mono Steel Gandhidham plant,23.312265,70.201953,770.0,23.312265,70.201953,largest plant
Haicheng Hengsheng Casting Co Ltd,1,760.0,760.0,760.0,1,1,26.0,722648668.565372,141071950262.50342,141071950262.50342,141071950262.50342,China,41.057478,122.83279999999999,Haicheng Hengsheng Casting Co Ltd,41.057478,122.8328,760.0,41.057478,122.8328,largest plant
Hezhou Zhaoxin Hardware Products Co Ltd,1,750.0,750.0,750.0,1,1,26.0,90031801.82740928,476301192.8009216,476301192.8009216,476301192.8009216,China,23.978567,111.735529,Guangxi Guixin Iron and Steel Intelligent Manufacturing Co Ltd,23.978567,111.735529,750.0,23.978567,111.735529,largest plant
Fengshun County Hongbao Industrial Co Ltd,1,720.0,720.0,720.0,1,1,32.93,1404595.2279711333,2966919509.507821,2966919509.507821,2966919509.507821,China,23.720136,115.949449,Fengshun County Hongbao Industrial Co Ltd,23.720136,115.949449,720.0,23.720136,115.949449,largest plant
Fengshun Yongshun Continuous Casting Plant,1,720.0,720.0,720.0,1,1,19.27,453215982.2079722,18975260557.072334,18975260557.072334,18975260557.072334,China,23.747173000000004,116.126241,Fengshun Yongshun Continuous Casting Plant,23.747173,116.126241,720.0,23.747173,116.126241,largest plant
Jiangyin Xicheng Steel Co Ltd,1,720.0,720.0,720.0,1,1,28.37,8256028173.465794,195358769921.76007,195358769921.76007,195358769921.76007,China,31.89229900000001,120.198394,Jiangyin Xicheng Steel Co Ltd,31.892299,120.198394,720.0,31.892299,120.198394,largest plant
Fujian Fuxin Special Steel Co Ltd,1,720.0,720.0,720.0,1,1,19.0,17250077612.688942,185209231508.9667,185209231508.9667,185209231508.9667,China,24.472438999999998,117.94885,Fujian Fuxin Special Steel Co Ltd,24.472439,117.94885,720.0,24.472439,117.94885,largest plant
Guangdong Daxing Iron & Steel Industrial Co Ltd,1,720.0,720.0,720.0,1,1,26.52,13690835436.783312,164436051331.8476,164436051331.8476,164436051331.8476,China,23.529157999999995,116.329247,Guangdong Daxing Iron & Steel Industrial Co Ltd,23.529158,116.329247,720.0,23.529158,116.329247,largest plant
Fengshun County Agricultural Machinery Continuous Casting Co,1,720.0,720.0,720.0,1,1,22.85,453215982.2079722,18595122169.250225,18595122169.250225,18595122169.250225,China,23.748318000000005,116.13985,Fengshun County Agricultural Machinery Continuous Casting Co,23.748318,116.13985,720.0,23.748318,116.13985,largest plant
Zijin County Dongri Foundry Co Ltd,1,720.0,720.0,720.0,1,1,16.0,12925770.443472354,598060312.5693009,598060312.5693009,598060312.5693009,China,23.356612000000002,114.769565,Zijin County Dongri Casting Co Ltd,23.356612,114.769565,720.0,23.356612,114.769565,largest plant
Dongyuan Dongnan Industrial Co Ltd,1,720.0,720.0,720.0,1,1,16.89,24627219.044078365,930340871.9499532,930340871.9499532,930340871.9499532,China,24.038397,114.873435,Dongyuan Dongnan Industrial Co Ltd,24.038397,114.873435,720.0,24.038397,114.873435,largest plant
Guangdong Yuedong Steel Co Ltd,1,720.0,720.0,720.0,1,1,32.14,10381673523.067602,22746324411.70807,22746324411.70807,22746324411.70807,China,23.711585,114.68976100000002,Guangdong Yuedong Steel Co Ltd,23.711585,114.689761,720.0,23.711585,114.689761,largest plant
Lianping County Huafeng Steel Co Ltd,1,720.0,720.0,720.0,1,1,9.93,271704400.55409884,849099174.2109519,849099174.2109519,849099174.2109519,China,24.18435,114.72820200000001,Lianping Huafeng Steel Co Ltd,24.18435,114.728202,720.0,24.18435,114.728202,largest plant
Yamato Steel Co Ltd,1,700.0,700.0,700.0,1,1,65.0,11107163158.787853,115067025618.52832,115067025618.52832,115067025618.52832,Japan,34.783319,134.604616,Yamato Steel Himeji Plant,34.783319,134.604616,700.0,34.783319,134.604616,largest plant
Chongqing Yonghang Steel Group Co Ltd,1,700.0,700.0,700.0,1,1,23.0,476620864.0503676,9985471651.860994,9985471651.860994,9985471651.860994,China,29.836163000000003,106.988138,Chongqing Yonghang Steel Group Co Ltd,29.836163,106.988138,700.0,29.836163,106.988138,largest plant
Tangshan Yutian Jinzhou Industry Co Ltd,1,700.0,700.0,700.0,1,1,15.0,74159309.89730716,12222390049.413057,12222390049.413057,12222390049.413057,China,39.967373,117.857659,Tangshan Yutian Jinzhou Industrial Co Ltd,39.967373,117.857659,700.0,39.967373,117.857659,largest plant
Linyi Iron and Steel Investment Group Stainless Steel Co Ltd,1,700.0,700.0,700.0,1,1,6.0,238915176.01580334,9753154820.245314,9753154820.245314,9753154820.245314,China,35.148443,119.06801500000002,Linyi Iron and Steel Investment Group Stainless Steel Co Ltd,35.148443,119.068015,700.0,35.148443,119.068015,largest plant
Yun County Rongfeng Rolling Mill Factory,1,700.0,700.0,700.0,1,1,15.0,2868377109.874325,25029605516.576862,25029605516.576862,25029605516.576862,China,32.738598,110.793269,Shiyan Yunyang District Rongfeng Iron and Steel Co Ltd,32.738598,110.793269,700.0,32.738598,110.793269,largest plant
Zhenshi Group EASTERN SPECIAL Steel Co Ltd,1,700.0,700.0,700.0,1,1,54.0,2908351559.15047,143511638411.2139,143511638411.2139,143511638411.2139,China,30.720411000000002,120.89851800000001,Zhenshi Group Eastern Special Steel Co Ltd,30.720411,120.898518,700.0,30.720411,120.898518,largest plant
Shaanxi Hanzhong Iron & Steel Group Co,1,700.0,700.0,700.0,1,1,25.33,554486726.9337088,2225382733.2569275,2225382733.2569275,2225382733.2569275,China,33.132446,106.657646,Shaanxi Hanzhong Iron & Steel Group Company,33.132446,106.657646,700.0,33.132446,106.657646,largest plant
Pan Gang Group Sichuan Changcheng Special Steel Co Ltd,1,669.0,669.0,669.0,1,1,36.76,2578998262.3683743,9075142613.047802,9075142613.047802,9075142613.047802,China,31.763516999999997,104.761441,Pangang Group Jiangyou Changcheng Special Steel Co Ltd,31.763517,104.761441,669.0,31.763517,104.761441,largest plant
Shakambhari Ispat & Power Ltd,1,660.0,660.0,660.0,1,1,25.0,740366725.9212388,52368176028.56881,52368176028.56881,52368176028.56881,India,23.613860999999996,86.789527,Shakambhari Ispat and Power Purulia steel plant,23.613861,86.789527,660.0,23.613861,86.789527,largest plant
Godawari Power and Ispat Ltd,2,659.0,659.0,659.0,1,1,25.0,919900210.3246052,14634015006.135723,20895565574.58556,20895565574.58556,India,21.4706254620053,81.71064884829207,Godawari Power and Ispat Siltara steel plant,21.376214,81.681888,659.0,21.376214,81.681888,largest plant
Hospet Steels Ltd,1,650.0,650.0,650.0,1,1,28.0,204245873.82605147,2855801307.390391,2855801307.390391,2855801307.390391,India,15.339055,76.251696,Hospet Steels Hospet plant,15.339055,76.251696,650.0,15.339055,76.251696,largest plant
Guangdong Guixin Steel Co Ltd,1,630.0,630.0,630.0,1,1,22.0,1383225148.037752,116532803968.18135,116532803968.18135,116532803968.18135,China,23.517109,113.106865,Guangdong Guixin Steel Co Ltd,23.517109,113.106865,630.0,23.517109,113.106865,largest plant
Lianyungang Huale Alloy Group Co Ltd,1,621.0,621.0,621.0,1,1,15.94,175014771.30063456,31904257095.63041,31904257095.63041,31904257095.63041,China,34.607963999999996,119.447626,Lianyungang Huale Alloy Group Co Ltd,34.607964,119.447626,621.0,34.607964,119.447626,largest plant
Huizhou Jushun Iron and Steel Plant,1,620.0,620.0,620.0,1,1,33.26,5079645602.338191,145819956103.8072,145819956103.8072,145819956103.8072,China,23.178651999999996,114.279374,Huizhou Jushun Iron and Steel Plant,23.178652,114.279374,620.0,23.178652,114.279374,largest plant
Heyuan Huacheng Metal Products Co Ltd,1,620.0,620.0,620.0,1,1,21.89,661354659.4113086,20001035213.330936,20001035213.330936,20001035213.330936,China,23.56658,114.59899299999998,Heyuan Yuancheng Huafa Metal Products Co Ltd,23.56658,114.598993,620.0,23.56658,114.598993,largest plant
Fengshun Changsheng Precision Steel Casting Co Ltd,1,620.0,620.0,620.0,1,1,17.0,1746497357.0257854,54416334496.484634,54416334496.484634,54416334496.484634,China,23.507015000000003,112.953822,Fengshun Changsheng Special Steel Casting Co Ltd Qingyuan Branch,23.507015,112.953822,620.0,23.507015,112.953822,largest plant
Shiyan Fuyan Iron and Steel Co Ltd,1,600.0,600.0,600.0,1,1,23.0,111115982.9373292,24465181975.880474,24465181975.880474,24465181975.880474,China,32.650367,110.654794,Shiyan Fuyan Iron and Steel Co Ltd,32.650367,110.654794,600.0,32.650367,110.654794,largest plant
Sichuan Gangchen Stainless Steel Co Ltd,1,600.0,600.0,600.0,1,1,6.23,473439435.8729224,29940041899.692486,29940041899.692486,29940041899.692486,China,29.501044000000004,103.607365,Sichuan Gangchen Stainless Steel Co Ltd,29.501044,103.607365,600.0,29.501044,103.607365,largest plant
Shougang Guiyang SPECIAL Steel Co Ltd,1,600.0,600.0,600.0,1,1,68.0,264952407.92503846,12122176680.319387,12122176680.319387,12122176680.319387,China,26.873592,106.73215,Shougang Guiyang Special Steel Co Ltd,26.873592,106.73215,600.0,26.873592,106.73215,largest plant
Nakayama Steel Works Ltd,1,600.0,600.0,600.0,1,1,97.0,254812052510.10464,3288732618370.058,3288732618370.058,3288732618370.058,Japan,34.628161999999996,135.459688,Nakayama Steel Works Osaka,34.628162,135.459688,600.0,34.628162,135.459688,largest plant
Fujian Dingxin Industry Co Ltd,1,600.0,600.0,600.0,1,1,18.0,11794218.386546498,3897674158.2296243,3897674158.2296243,3897674158.229624,China,26.769499999999997,119.738519,Fujian Dingxin Industrial Co Ltd,26.7695,119.738519,600.0,26.7695,119.738519,largest plant
Nakayama Steel Products Co Ltd,1,600.0,600.0,600.0,1,1,75.81,324278211589.9782,3054389419876.448,3054389419876.448,3054389419876.448,Japan,34.69976199999999,135.430119,Nakayama Steel Products Osaka plant,34.699762,135.430119,600.0,34.699762,135.430119,largest plant
Fogang Dawei Special Steel Co Ltd,1,575.0,575.0,575.0,1,1,14.29,794462578.72561,3471012556.4293585,3471012556.4293585,3471012556.4293585,China,23.893972000000005,113.500829,"Fogang Dawei Special Steel Co., Ltd.",23.893972,113.500829,575.0,23.893972,113.500829,largest plant
Sichuan Shehong Chuanzhong Construction Materials Co Ltd,1,550.0,550.0,550.0,1,1,25.89,442654217.20127475,9349076971.864544,9349076971.864544,9349076971.864544,China,30.830726,105.36769500000001,Sichuan Shehong Chuanzhong Construction Materials Co Ltd,30.830726,105.367695,550.0,30.830726,105.367695,largest plant
Gallantt Ispat Ltd,1,528.0,528.0,528.0,1,1,32.0,881769082.2374166,22021940702.830807,22021940702.830807,22021940702.830807,India,26.757009,83.19908600000001,Gallantt Ispat Gorakhpur steel plant,26.757009,83.199086,528.0,26.757009,83.199086,largest plant
Sunflag Iron and Steel Co Ltd,1,525.0,525.0,525.0,1,1,37.0,158719364.06818208,1255507176.8616993,1255507176.8616993,1255507176.8616993,India,21.232929,79.632398,Sunflag Iron and Steel plant,21.232929,79.632398,525.0,21.232929,79.632398,largest plant
Guangdong Yuehua Iron & Steel Group Co Ltd,1,520.0,520.0,520.0,1,1,21.81,386008960.44992363,5328433569.140667,5328433569.140667,5328433569.140667,China,24.275783000000004,113.388896,Guangdong Yuehua Iron & Steel Group Co Ltd,24.275783,113.388896,520.0,24.275783,113.388896,largest plant
Chongqing Pengcheng Steel Co Ltd,1,520.0,520.0,520.0,1,1,27.67,3649329774.430953,22610249865.66703,22610249865.66703,22610249865.66703,China,29.259698999999998,106.214031,Chongqing Pengcheng Steel Co Ltd,29.259699,106.214031,520.0,29.259699,106.214031,largest plant
Taishan Baofeng Iron & Steel Co Ltd,1,520.0,520.0,520.0,1,1,23.0,4190029623.921236,43885101773.978195,43885101773.978195,43885101773.978195,China,22.425677,112.788855,Taishan Baofeng Iron & Steel Co Ltd,22.425677,112.788855,520.0,22.425677,112.788855,largest plant
Jilin Steel Group Taihua Metal Equipment Manufacture Co Ltd,1,500.0,500.0,500.0,1,1,17.58,912548532.864007,2233831629.032975,2233831629.032975,2233831629.032975,China,44.138825999999995,125.914941,Jilin Steel Group Taihua Metal Equipment Manufacture Co Ltd,44.138826,125.914941,500.0,44.138826,125.914941,largest plant
Anhui Jingxian Longxin Iron and Steel Co Ltd,1,500.0,500.0,500.0,1,1,18.0,271114715.91688704,2196595135.9770145,2196595135.9770145,2196595135.9770145,China,30.709058000000002,118.436638,Anhui Jingxian Longxin Iron and Steel Co Ltd,30.709058,118.436638,500.0,30.709058,118.436638,largest plant
Liaoyang Xinyi Special Steel Co Ltd,1,500.0,500.0,500.0,1,1,17.2,4381066890.384275,175839242653.0292,175839242653.0292,175839242653.0292,China,41.22500300000001,122.970488,Liaoyang Xinyi Special Steel Co Ltd,41.225003,122.970488,500.0,41.225003,122.970488,largest plant
Zhejiang TSINGSHAN IRON&STEEL Co Ltd,1,500.0,500.0,500.0,1,1,21.8,1195110580.909999,23408680120.06053,23408680120.06053,23408680120.06053,China,28.136095999999995,120.380401,Zhejiang Tsingshan Iron and Steel Co Ltd,28.136096,120.380401,500.0,28.136096,120.380401,largest plant
Hubei Dazhan Steel & Iron Co Ltd,1,500.0,500.0,500.0,1,1,33.0,600972460.8080096,20741116448.488346,20741116448.488346,20741116448.488346,China,31.006752,113.754995,Hubei Dazhan Iron and Steel Co Ltd,31.006752,113.754995,500.0,31.006752,113.754995,largest plant
Huainan Hongtai Steel Limited Liability Co,1,500.0,500.0,500.0,1,1,25.0,4888696838.2685,65476653284.12364,65476653284.12364,65476653284.12364,China,32.619248,116.90586900000001,Huainan Hongtai Iron and Steel Co Ltd,32.619248,116.905869,500.0,32.619248,116.905869,largest plant
Shri Bajrang Power and Ispat Ltd,1,500.0,500.0,500.0,1,1,13.0,450845929.98527956,12620353691.908892,12620353691.908892,12620353691.908892,India,21.48619,81.771697,Shri Bajrang Power & Ispat Tilda steel plant,21.48619,81.771697,500.0,21.48619,81.771697,largest plant
Mindong Saiqi Economic Development Zone Fuhua Steel Rolling Co Ltd,1,500.0,500.0,500.0,1,1,27.0,283759824.5657374,4080472207.121709,4080472207.121709,4080472207.121709,China,26.961516,119.654272,Fujian Fuhua New Materials Group Co Ltd,26.961516,119.654272,500.0,26.961516,119.654272,largest plant
Anhui Jin'an Stainless Steel Foundry Co Ltd,1,500.0,500.0,500.0,1,1,4.0,413630926.1177371,1767423389.3448305,1767423389.3448305,1767423389.3448305,China,31.763956000000004,115.924372,Anhui Jin an Stainless Steel Casting Co Ltd,31.763956,115.924372,500.0,31.763956,115.924372,largest plant
Linyi Meide Gengchen Metal Materials Co Ltd,1,500.0,500.0,500.0,1,1,8.55,374021532.01611346,9366600636.822313,9366600636.822313,9366600636.822313,China,35.188667,119.08704800000001,Linyi Meide Gengchen Metal Materials Co Ltd,35.188667,119.087048,500.0,35.188667,119.087048,largest plant
Kishiwada Steel Co Ltd,1,500.0,500.0,500.0,1,1,69.22,38442254742.5372,1130483222701.9727,1130483222701.9727,1130483222701.9727,Japan,34.477479,135.353918,Kishiwada Steel Osaka steel plant,34.477479,135.353918,500.0,34.477479,135.353918,largest plant
Ningbo Haoyang New MATERIALS Techonology Co Ltd,1,500.0,500.0,500.0,1,1,6.39,4420088191.603954,107505435767.9408,107505435767.9408,107505435767.9408,China,30.267113,121.052503,Ningbo Haoyang New Materials Techonology Co Ltd,30.267113,121.052503,500.0,30.267113,121.052503,largest plant
Guizhou Hexing Metal Products Co Ltd,1,500.0,500.0,500.0,1,1,14.0,30310794.301979743,3455499460.19621,3455499460.19621,3455499460.19621,China,26.509525,107.570458,Guizhou Hexing Steel Co Ltd,26.509525,107.570458,500.0,26.509525,107.570458,largest plant
Guangdong Zhanhong Steel Plant,1,500.0,500.0,500.0,1,1,23.0,33770610.58382256,3399610467.613826,3399610467.613826,3399610467.613826,China,23.037858,114.97059300000001,Guangdong Zhanhong Steel Plant,23.037858,114.970593,500.0,23.037858,114.970593,largest plant
Guangdong Yueshao Iron & Steel Co Ltd,1,500.0,500.0,500.0,1,1,12.48,2904267538.2436757,29193323470.92022,29193323470.92022,29193323470.92022,China,24.688355,113.657408,Guangdong Yueshao Iron & Steel Co Ltd,24.688355,113.657408,500.0,24.688355,113.657408,largest plant
Adhunik Metaliks Ltd,1,500.0,500.0,500.0,1,1,22.81,721177173.7528095,9523780056.89265,9523780056.89265,9523780056.89265,India,22.308371,84.763584,Adhunik Metaliks Kuanrmunda steel plant,22.308371,84.763584,500.0,22.308371,84.763584,largest plant
Qinyang Hongda Iron & Steel Co Ltd,1,500.0,500.0,500.0,1,1,23.0,514258504.00895184,18519740255.656933,18519740255.656933,18519740255.656933,China,35.184849,112.902248,Qinyang Hongda Iron & Steel Co Ltd,35.184849,112.902248,500.0,35.184849,112.902248,largest plant
YunNan Province Tiangao Nickel Alloy Co Ltd,1,500.0,500.0,500.0,1,1,16.16,229330969.90024498,1500009317.3442175,1500009317.3442175,1500009317.3442175,China,24.80128,104.063455,Yunnan Tiangao Nickel Alloy Co Ltd,24.80128,104.063455,500.0,24.80128,104.063455,largest plant
Guangdong Fogang Jincheng Metal Products Co Ltd,1,500.0,500.0,500.0,1,1,21.98,92889374.35438424,12746624223.972597,12746624223.972597,12746624223.972597,China,23.741965000000004,113.502168,Guangdong Fogang Jincheng Metal Products Co Ltd,23.741965,113.502168,500.0,23.741965,113.502168,largest plant
"Guangde Xinyuanda Metal Products Co., Ltd. Co Ltd",1,500.0,500.0,500.0,1,1,14.24,60598213.36689451,4215686167.3568387,4215686167.3568387,4215686167.3568387,China,31.0494162,119.5296269,Anhui Lixin Special Steel Co Ltd,31.0494162,119.5296269,500.0,31.0494162,119.5296269,largest plant
Rashmi Metaliks Ltd,2,498.0,498.0,498.0,1,1,22.0,2729308041.8371925,36894824742.62578,59632840138.32006,14156809346.931492,India,23.03354089803066,87.18738072306445,Rashmi Metaliks Kharagpur steel plant,22.360664,87.295932,498.0,22.360664,87.295932,largest plant
Qianxinan Prefecture Juxin Industry & Trade General Co,1,490.0,490.0,490.0,1,1,33.0,259782939.28469855,12506479309.22539,12506479309.22539,12506479309.22539,China,25.150857,105.041722,Guizhou Juxin Iron and Steel Group Co Ltd,25.150857,105.041722,490.0,25.150857,105.041722,largest plant
Mukand Sumi Special Steel Ltd,1,450.0,450.0,450.0,1,1,4.55,208281204.80950305,2855801307.390391,2855801307.390391,2855801307.3903904,India,15.328975999999997,76.258613,Mukand Sumi Special Steel Hospet steel plant,15.328976,76.258613,450.0,15.328976,76.258613,largest plant
Shyam Steel Industries Ltd,1,420.0,420.0,420.0,1,1,2.0,363171012.67553264,43308663375.96126,43308663375.96126,43308663375.96125,India,23.590211999999998,86.724603,Shyam Steel Raghunathpur steel plant,23.590212,86.724603,420.0,23.590212,86.724603,largest plant
Xinjiang Xin'an Special Steel Co Ltd,1,400.0,400.0,400.0,1,1,14.3,2447855.543441533,739642083.1246699,739642083.1246699,739642083.1246699,China,44.29029899999999,86.595826,Xinjiang Xinan Special Steel Co Ltd,44.290299,86.595826,400.0,44.290299,86.595826,largest plant
MSP Steel & Power Ltd,1,385.0,385.0,385.0,1,1,24.0,122199505.11316605,2274197610.781958,2274197610.781958,2274197610.781958,India,21.876729999999995,83.554495,MSP Steel & Power Raigarh plant,21.87673,83.554495,385.0,21.87673,83.554495,largest plant
Action Ispat and Power Pvt Ltd,1,375.0,375.0,375.0,1,1,,645075019.3542067,6421397393.391681,6421397393.391681,6421397393.391681,India,21.839759,83.982227,Action Ispat and Power Jharsuguda steel plant,21.839759,83.982227,375.0,21.839759,83.982227,largest plant
NR Ispat and Power Pvt Ltd,1,297.0,297.0,297.0,1,1,18.0,155299189.2988411,3861128082.648712,3861128082.648712,3861128082.648712,India,22.013086000000005,83.330372,N R Ispat and Power Raigarh steel plant,22.013086,83.330372,297.0,22.013086,83.330372,largest plant
Jai Balaji Industries Ltd,2,295.0,147.5,295.0,1,1,17.0,675745315.8269312,15079909300.596624,15432771688.12521,15432771688.125208,India,23.485257238791867,87.3608413568241,Jai Balaji Durgapur Unit IV steel plant,23.483075,87.352189,295.0,23.483075,87.352189,largest plant
Welspun Corp Ltd,1,288.0,288.0,288.0,1,1,22.0,786684238.6823866,5161848237.772778,5161848237.772778,5161848237.772778,India,23.112780999999995,70.08668850000001,Welspun Metallics Anjar Steel plant,23.112781,70.0866885,288.0,23.112781,70.0866885,largest plant
Chongqing Yuxi Iron & Steel (Group) Co Ltd,1,260.0,260.0,260.0,1,1,25.97,157576554.0679347,16288009217.619118,16288009217.619118,16288009217.619118,China,29.488759,105.862658,Chongqing Yuxi Iron & Steel (Group) Co Ltd,29.488759,105.862658,260.0,29.488759,105.862658,largest plant
Linzhou Hexin Foundry Co Ltd,1,240.0,240.0,240.0,1,1,20.47,1250100343.4634068,11509731857.480474,11509731857.480474,11509731857.480474,China,36.11274199999999,113.861135,Linzhou Hexin Foundry Co Ltd,36.112742,113.861135,240.0,36.112742,113.861135,largest plant
Captain Steel India Ltd,2,208.0,208.0,208.0,1,1,2.0,1860795451.2235923,30245863541.44293,57609016229.041954,57609016229.041954,India,23.319209856582475,87.09135217340092,Captain Steel Debipur steel plant,23.782149607591688,86.83591234561024,208.0,23.782149607591688,86.83591234561024,largest plant
Shyam Steel Manufacturing Ltd,1,126.0,126.0,126.0,1,1,,675556161.7232339,41512101570.62888,41512101570.62888,41512101570.62888,India,23.564157,87.089552,Shyam Steel Mejia steel plant,23.564157,87.089552,126.0,23.564157,87.089552,largest plant
Yazdani Steel and Power Ltd,1,110.0,110.0,110.0,1,1,23.0,864289310.3874147,7776768014.566373,7776768014.566373,7776768014.566373,India,20.928284999999995,86.036604,Yazdani Steel and Power Kalinganagar steel plant,20.928285,86.036604,110.0,20.928285,86.036604,largest plant
Orissa Sponge Iron and Steel Ltd,1,101.0,101.0,101.0,1,1,31.0,55597769.29395994,1302955103.9932196,1302955103.9932196,1302955103.9932196,India,21.801994,85.56751,Orissa Sponge Iron and Steel plant,21.801994,85.56751,101.0,21.801994,85.56751,largest plant
Nilachal Iron & Power Ltd,1,99.0,99.0,99.0,1,1,24.0,631216996.6196955,14655088141.728556,14655088141.728556,14655088141.728556,India,22.874862999999994,86.063646,Nilachal Iron & Power Gamharia steel plant,22.874863,86.063646,99.0,22.874863,86.063646,largest plant
Crest Steel and Power Pvt Ltd,1,96.0,96.0,96.0,1,1,21.13,1306781871.7744355,17090493954.363253,17090493954.363253,17090493954.363253,India,21.190313,81.19922,Crest Steel and Power Mangatta steel plant,21.190313,81.19922,96.0,21.190313,81.19922,largest plant
Jai Balaji Jyoti Steels Ltd,1,92.0,92.0,92.0,1,1,23.0,94945328.67570616,8894481787.265089,8894481787.265089,8894481787.265089,India,22.085338,84.86184,Jai Balaji Jyoti Steels Sundargarh plant,22.085338,84.86184,92.0,22.085338,84.86184,largest plant
Handan Iron and Steel Group Co Ltd,1,0.0,,,1,1,64.91,34430628965.986046,127456840399.39049,127456840399.39049,,China,36.601308,114.439889,Handan Iron and Steel Group Co Ltd,36.601308,114.439889,,36.601308,114.439889,largest plant
Xuzhou TaiFa Special Steel Technology Co Ltd,1,0.0,,,1,1,16.0,279149401.67212856,94087654447.62613,94087654447.62613,,China,34.448514,117.27187599999999,Xuzhou Taifa Special Steel Group Co Ltd,34.448514,117.271876,,34.448514,117.271876,largest plant
Hebei Baoxin Iron and Steel Group Co Ltd,1,0.0,,,1,1,19.0,1340340843.3454995,30115898352.913723,30115898352.913723,,China,36.555205,114.10827300000001,Hebei Baoxin Iron and Steel Group Co Ltd,36.555205,114.108273,,36.555205,114.108273,largest plant
Hebei PROVINCE Longfengshan Casting Industry Co Ltd,1,0.0,0.0,0.0,1,1,27.0,2791499561.2492723,22972835380.658302,22972835380.658302,,China,36.705105,114.105387,Hebei Longfengshan Casting Co Ltd,36.705105,114.105387,0.0,36.705105,114.105387,largest plant
Xuzhou Baofeng Special Steel Co Ltd,1,0.0,,,1,1,11.94,1369908468.9113462,121674889947.54335,121674889947.54335,,China,34.364872000000005,117.32263300000001,Xuzhou Baofeng Special Steel Co Ltd,34.364872,117.322633,,34.364872,117.322633,largest plant
Guangxi Liugang Zhongjin Stainless Steel Co Ltd,1,0.0,0.0,0.0,1,1,13.0,221366537.43015066,1530635759.3190029,1530635759.3190029,,China,21.67261,109.741866,Guangxi Liugang Zhongjin Stainless Steel Co Ltd,21.67261,109.741866,0.0,21.67261,109.741866,largest plant
Xuanhua Iron and Steel Group Co Ltd,1,0.0,,,1,1,102.0,1534319950.0774214,22606855032.389935,22606855032.389935,,China,40.589591000000006,115.09088899999999,Xuanhua Iron and Steel Group Co Ltd,40.589591,115.090889,,40.589591,115.090889,largest plant
Xiwang METAL Science Technology Co Ltd,1,0.0,,,1,1,14.01,1079457394.0062003,43933464738.779526,43933464738.779526,,China,36.928208,117.69465400000001,Xiwang Metal Science Technology Co Ltd,36.928208,117.694654,,36.928208,117.694654,largest plant
Hebei Guanfeng Metallurgical Industry Co Ltd,1,0.0,0.0,0.0,1,1,18.93,2791499561.2492723,23798191958.66988,23798191958.66988,,China,36.73422,114.111085,Hebei Guanfeng Metallurgical Industry Co Ltd,36.73422,114.111085,0.0,36.73422,114.111085,largest plant
Hebei Jingdong Pipe Industry Co Ltd,1,0.0,0.0,0.0,1,1,23.65,177055102.2953652,20955555398.84645,20955555398.84645,,China,39.932656,118.836844,Hebei Jingdong Pipe Industry Co Ltd,39.932656,118.836844,0.0,39.932656,118.836844,largest plant
Shijiazhuang Hongsen Melting & Casting Co Ltd,1,0.0,0.0,0.0,1,1,19.47,945492196.1136818,24891376304.058773,24891376304.058773,,China,38.021527,114.91695900000002,Shijiazhuang Hongsen Melting & Casting Co Ltd,38.021527,114.916959,0.0,38.021527,114.916959,largest plant
Hebei Tianzhu IRON&STEEL (GROUP) Co Ltd,1,0.0,,,1,1,19.5,4568324809.945682,144001359518.67667,144001359518.67667,,China,39.803523999999996,118.205663,Hebei Tianzhu Iron and Steel Group Co Ltd Fengrun Plant,39.803524,118.205663,,39.803524,118.205663,largest plant
Hebei Wenfeng STEEL&IRON Co Ltd,1,0.0,,,1,1,20.0,1570133414.6514165,31558009494.65103,31558009494.65103,,China,36.64577,114.12425800000001,Hebei Wenfeng Iron and Steel Co Ltd,36.64577,114.124258,,36.64577,114.124258,largest plant
Inner Mongolia Wanzhou Special Steel Co Ltd,1,0.0,,,1,1,,13833901.491643237,146736951.6373876,146736951.6373876,,China,40.977329,110.02292400000002,Inner Mongolia Wanzhou Special Steel Co Ltd,40.977329,110.022924,,40.977329,110.022924,largest plant
Inner Mongolia Mingtuo Ferrite New Material Co Ltd,1,0.0,,,1,1,3.0,563557793.4713724,144019208660.51328,144019208660.51328,,China,40.597557,109.683202,Inner Mongolia Mingtuo Ferrite New Material Co Ltd,40.597557,109.683202,,40.597557,109.683202,largest plant
Inner Mongolia (Naiman) Jingan Non-ferrous Metal Materials Co Ltd,1,0.0,,,1,1,,755333747.2342982,32032998550.44625,32032998550.44625,,China,43.696186,122.21943300000001,Hebei Bishi Inner Mongolia iron and steel plant,43.696186,122.219433,,43.696186,122.219433,largest plant
Xiangfen County XinJinShan Special Steel Co Ltd,1,0.0,,,1,1,23.06,517374334.2584018,35543973253.642296,35543973253.642296,,China,35.934831,111.49707,Xiangfen County Xinjinshan Special Steel Co Ltd,35.934831,111.49707,,35.934831,111.49707,largest plant
Xiangfen County Xingyuan Steel Group Co Ltd,1,0.0,,,1,1,20.2,643103075.7903618,19056212538.259308,19056212538.259308,,China,35.880324,111.387956,Xiangfen County Xingyuan Steel Group Co Ltd,35.880324,111.387956,,35.880324,111.387956,largest plant
Xindia Steels Ltd,1,0.0,,,1,1,,185356174.34875867,2889703798.4029384,2889703798.4029384,,India,15.293421,76.234947,Xindia Steels Koppal plant,15.293421,76.234947,,15.293421,76.234947,largest plant
Hubei Wucheng Iron and Steel Group Co Ltd,1,0.0,,,1,1,26.0,14250230836.869875,70133651025.46736,70133651025.46736,,China,30.341239,114.857744,Hubei Wucheng Iron and Steel Group Co Ltd,30.341239,114.857744,,30.341239,114.857744,largest plant
Huarui (Handan) Casting & Pipe Co Ltd,1,0.0,0.0,0.0,1,1,21.89,1340340843.3454995,30115898352.913723,30115898352.913723,,China,36.561049,114.102793,Huarui (Handan) Casting & Pipe Co Ltd,36.561049,114.102793,0.0,36.561049,114.102793,largest plant
Huangshi Xinxing Pipe Industry Co Ltd,1,0.0,0.0,0.0,1,1,17.64,4262753872.987659,65700134862.89568,65700134862.89568,,China,30.181392999999993,114.944879,"Huangshi Xinxing Pipe Industry Co., Ltd.",30.181393,114.944879,0.0,30.181393,114.944879,largest plant
Huangshi Xingang Heavy Industry Technology Co Ltd,1,0.0,,,1,1,2.0,69794425.23817413,10557078305.382196,10557078305.382196,,China,30.097108,115.28465200000001,Huangshi Xingang Heavy Industry Technology Co Ltd,30.097108,115.284652,,30.097108,115.284652,largest plant
Honghe Iron and Steel Co Ltd,1,0.0,,,1,1,17.92,1145833787.5269697,13576165467.68438,13576165467.68438,,China,23.470733000000003,103.272784,WISCO Group Kunming Steel Co Ltd Honghe Iron and Steel Company,23.470733,103.272784,,23.470733,103.272784,largest plant
Henan Changtai Stainless Steel Plate Co Ltd,1,0.0,,,1,1,14.0,3849360572.403314,29858396444.952557,29858396444.952557,,China,34.702951,112.955911,Henan Changtai Stainless Steel Plate Co Ltd,34.702951,112.955911,,34.702951,112.955911,largest plant
Xinjiang Kunyu Lron & Steel Co Ltd,1,0.0,,,1,1,14.72,499486217.0650745,11889550874.642717,11889550874.642717,,China,44.404189,84.966753,Xinjiang Kunyu Iron and Steel Co Ltd,44.404189,84.966753,,44.404189,84.966753,largest plant
Hebei Xinghua Iron and Steel Co Ltd,1,0.0,,,1,1,23.0,2791499561.2492723,23801981185.88884,23801981185.88884,,China,36.744936,114.11160200000002,Hebei Xinghua Iron and Steel Co Ltd,36.744936,114.111602,,36.744936,114.111602,largest plant
Fushun HANWANG Direct Reduced Iron Co Ltd,1,0.0,0.0,0.0,1,1,23.5,26636182.46122891,63997417266.03787,63997417266.03787,,China,41.670998,123.85142999999998,Fushun Hanking Direct Reduced Iron Co Ltd,41.670998,123.85143,0.0,41.670998,123.85143,largest plant
GuangDong Xinxing Ductile Iron Pipes Co Ltd,1,0.0,0.0,0.0,1,1,11.0,126961940.125218,3327734091.422327,3327734091.422327,,China,22.099140000000002,111.665479,GuangDong Xinxing Ductile Iron Pipes Co Ltd,22.09914,111.665479,0.0,22.09914,111.665479,largest plant
Yichang Fulong Iron & Steel Co Ltd,1,0.0,,,1,1,,3382709142.716387,40350607236.31745,40350607236.31745,,China,30.586332,111.398846,Yichang Fulong Iron and Steel Co Ltd,30.586332,111.398846,,30.586332,111.398846,largest plant
"Fugang METAL Manufacturing Co.ltd.,jilinjigang Steel Group",1,0.0,,,1,1,17.6,218005645.09942687,277790827277.3762,277790827277.3762,,China,44.022802,125.50562700000002,Jilin Steel Group Fugang Metal Manufacturing Co Ltd,44.022802,125.505627,,44.022802,125.505627,largest plant
Bhagyalaxmi Metals Pvt Ltd,1,0.0,,,1,1,,20100548.68457569,203318570.1716565,203318570.1716565,,India,20.088919,79.71792,Bhagyalaxmi Metals Mul steel plant,20.088919,79.71792,,20.088919,79.71792,largest plant
Anyang Huixin Special Steel Co Ltd,1,0.0,,,1,1,21.0,3691623504.775808,75964836221.13365,75964836221.13365,,China,36.152418,114.15839,Anyang Huixin Special Steel Co Ltd,36.152418,114.15839,,36.152418,114.15839,largest plant
Anyang Xinpu Steel Co Ltd,1,0.0,,,1,1,20.41,17037663839.757977,85188376036.4182,85188376036.4182,,China,36.163203,114.296223,Anyang Xinpu Steel Co Ltd,36.163203,114.296223,,36.163203,114.296223,largest plant
ArcelorMittal SA,1,0.0,,,1,1,,490816268.93993175,3857475973.8084636,3857475973.8084636,,India,15.139497999999996,76.918417,ArcelorMittal Bellary steel plant,15.139498,76.918417,,15.139498,76.918417,largest plant
Zibo Qilin Fushan Steel Co Ltd,1,0.0,,,1,1,18.33,5698841287.0221615,128050471588.71373,128050471588.71373,,China,36.887998,118.145416,Zibo Qilin Fushan Iron and Steel Co Ltd,36.887998,118.145416,,36.887998,118.145416,largest plant
Atibir Industries Co Ltd,1,0.0,0.0,0.0,1,1,17.0,510655890.86209947,4888810191.26004,4888810191.26004,,India,24.145239000000004,86.334999,Atibir Industries Bhorandiha steel plant,24.145239,86.334999,0.0,24.145239,86.334999,largest plant
BPA Metallics Pvt Ltd,1,0.0,,,1,1,,400367384.08294696,3990742828.780345,3990742828.780345,,India,21.926992999999996,83.374089,BPA Metallics Raigarh steel plant,21.926993,83.374089,,21.926993,83.374089,largest plant
Baldota Steel and Power Ltd,1,0.0,,,1,1,0.0,185356174.34875867,2334801913.519275,2334801913.519275,,India,15.332615999999998,76.206778,Baldota Koppal steel plant,15.332616,76.206778,,15.332616,76.206778,largest plant
Baosteel Special Metals Co Ltd,1,0.0,,,1,1,65.41,72345769161.90762,1589864409486.6626,1589864409486.6626,,China,31.379421999999998,121.484652,Baosteel Special Steel Co Ltd,31.379422,121.484652,,31.379422,121.484652,largest plant
Zhengzhou YONGTONG SPECIAL Steel Co Ltd,1,0.0,,,1,1,29.0,349309237.1561481,28438371237.697952,28438371237.697952,,China,34.64442999999999,112.937985,Zhengzhou Yongtong Special Steel Co Ltd,34.64443,112.937985,,34.64443,112.937985,largest plant
Baotou Baoxin Special Steel Co Ltd,1,0.0,,,1,1,17.39,883833.8895358075,14152901.698757257,14152901.698757257,,China,41.36292499999999,110.988771,Baotou Baoxin Special Steel Co Ltd,41.362925,110.988771,,41.362925,110.988771,largest plant
Baotou DA AN IRON&STEEL Co Ltd,2,0.0,,,1,1,22.81,8439898530.62294,148195927316.458,158554057260.1627,,China,40.68874740166284,109.75996858359335,Baotou Da'an Iron and Steel Co Ltd Kundulun District,40.715119,109.821653,,40.715119,109.821653,largest plant
Baotou Deshun Spec. Steel Co Ltd,1,0.0,,,1,1,18.9,1018690.4685914837,59390733.91234676,59390733.91234676,,China,40.9019,110.336253,Baotou Deshun Special Steel Co Ltd,40.9019,110.336253,,40.9019,110.336253,largest plant
Baotou Jiyu Steel Co Ltd,1,0.0,,,1,1,21.79,563557793.4713724,137837797372.7533,137837797372.7533,,China,40.662343,109.696243,Inner Mongolia Baotou Jiyu Iron and Steel Co Ltd Hondlon District,40.662343,109.696243,,40.662343,109.696243,largest plant
Yuxi Xinxing Iron & Steel Co Ltd,1,0.0,,,1,1,22.06,204193710.09956524,20694712598.90511,20694712598.90511,,China,24.249023999999995,102.521747,WISCO Group Kunming Steel Co Ltd Yuxi Xinxing Steel Company,24.249024,102.521747,,24.249024,102.521747,largest plant
Fangchenggang Jinxi Steel Technology Co Ltd,1,0.0,,,1,1,,954514098.9683073,2871373789.8433514,2871373789.8433514,,China,21.646525,108.369582,Fangchenggang Jinxi Steel Technology Co Ltd,21.646525,108.369582,,21.646525,108.369582,largest plant
Yuxi Iron and Steel Group Zhenfei Iron and Steel Co Ltd,1,0.0,,,1,1,6.46,106654789.90736285,4794889713.000853,4794889713.000853,,China,24.074756000000004,102.76598300000002,Yuxi Iron and Steel Group Zhenfei Iron and Steel Co Ltd,24.074756,102.765983,,24.074756,102.765983,largest plant
Bhushan Power & Steel Ltd,1,0.0,,,1,1,,113645399.55906004,1526996514.3658981,1526996514.3658981,,India,22.665526,85.64622,JSW BPSL Jharkhand steel plant,22.665526,85.64622,,22.665526,85.64622,largest plant
Changli Xingguo Precision Machinery Co Ltd,1,0.0,0.0,0.0,1,1,30.47,853581286.6142415,16624354555.063276,16624354555.063276,,China,39.704921,118.897417,Changli Xingguo Precision Machinery Co Ltd,39.704921,118.897417,0.0,39.704921,118.897417,largest plant
Yunnan Qujing Shuangyou Iron and Steel Co Ltd,1,0.0,0.0,0.0,1,1,14.0,7472321818.171346,22671464730.300274,22671464730.300274,,China,25.542180000000002,103.781041,Yunnan Qujing Shuangyou Iron and Steel Co Ltd,25.54218,103.781041,0.0,25.54218,103.781041,largest plant
Yunnan Qujing Iron and Steel Group Yanggang Iron and Steel Co Ltd,1,0.0,,,1,1,4.89,135064897.5047968,11143526487.144861,11143526487.144861,,China,25.308777,103.87639100000001,Yunnan Qujing Iron and Steel Group Yanggang Iron and Steel Co Ltd,25.308777,103.876391,,25.308777,103.876391,largest plant
Chengde Shengfeng Iron & Steel Co Ltd,1,0.0,,,1,1,17.0,714450516.0938448,1818916926.0753732,1818916926.0753732,,China,40.62246599999999,118.490845,Chengde Shengfeng Iron and Steel Co Ltd,40.622466,118.490845,,40.622466,118.490845,largest plant
Chengde Zhaofeng Steel Group Co Ltd,1,0.0,,,1,1,19.0,25938154.368309747,1836970558.2158616,1836970558.2158616,,China,40.593875,118.633334,Chengde Zhaofeng Steel Group Co Ltd,40.593875,118.633334,,40.593875,118.633334,largest plant
Yunnan Qujing Iron & Steel Group Yue Steel Iron & Steel Co Ltd,1,0.0,,,1,1,56.0,135064897.5047968,11173900847.72073,11173900847.72073,,China,25.304544,103.889418,Yunnan Qujing Iron & Steel Group Yue Steel Iron & Steel Co Ltd,25.304544,103.889418,,25.304544,103.889418,largest plant
Chongli Steel Manufacturing Co Ltd,1,0.0,,,1,1,14.0,475205331.7791578,5172621413.115469,5172621413.115469,,China,36.602468,113.755744,Chongli Steel Manufacturing Co Ltd,36.602468,113.755744,,36.602468,113.755744,largest plant
Yunnan Jingye Steel Co,1,0.0,,,1,1,2.5,59127258.8221577,9862079770.101097,9862079770.101097,,China,25.023852000000005,102.31208600000001,Yunnan Jingye Steel Co Ltd,25.023852,102.312086,,25.023852,102.312086,largest plant
Electrosteel Castings Ltd,1,0.0,0.0,0.0,1,1,32.0,142335900.08133274,3124759745.7270765,3124759745.7270765,,India,13.717188000000002,79.630588,Electrosteel Castings Srikalahasthi steel plant,13.717188,79.630588,0.0,13.717188,79.630588,largest plant
Ezhou Hongtai Steel Co Ltd,1,0.0,,,1,1,22.75,1723280956.9704273,50338083287.13734,50338083287.13734,,China,30.532352000000003,114.747597,Ezhou Hongtai Steel Co Ltd,30.532352,114.747597,,30.532352,114.747597,largest plant
JSW Bengal Steel Ltd,1,0.0,,,1,1,,178521520.3246137,8357910791.628129,8357910791.628129,,India,22.575726,87.310258,JSW Bengal Steel Salboni plant,22.575726,87.310258,,22.575726,87.310258,largest plant
Wuxi Xinsanzhou Special Steel Co Ltd,1,0.0,,,1,1,39.84,11935089663.247892,449267726416.3338,449267726416.3338,,China,31.681005,120.25178500000001,Wuxi Xinsanzhou Steel Co Ltd,31.681005,120.251785,,31.681005,120.251785,largest plant
JSW Rayalaseema Steel Limited,1,0.0,,,1,1,,45263087.15252942,1926752078.1611147,1926752078.1611147,,India,14.76855,78.403263,JSW Rayalseema steel plant,14.76855,78.403263,,14.76855,78.403263,largest plant
JSW Green Steel Ltd,1,0.0,0.0,0.0,1,1,33.0,5087801.004416001,1167834911.040693,1167834911.040693,,India,18.530853,72.947091,JSW Green Steel Salav plant,18.530853,72.947091,0.0,18.530853,72.947091,largest plant
JSW Jharkhand Steel Ltd,1,0.0,,,1,1,0.0,22085261.29316944,803772418.7710881,803772418.7710881,,India,23.188108,85.715097,JSW Steel Jharkhand steel plant,23.188108,85.715097,,23.188108,85.715097,largest plant
Luannan Huarui Steel Co Ltd,1,0.0,,,1,1,19.0,1572778754.3996863,14073015226.408812,14073015226.408812,,China,39.51832999999999,118.715766,Hebei Huaxi Iron and Steel Co Ltd,39.51833,118.715766,,39.51833,118.715766,largest plant
Tangshan Stainless Steel Co Ltd,2,0.0,,,1,1,23.0,1009690044.964777,28437464402.551094,51454468576.98137,,China,39.44559952955509,118.44862959395766,Tangshan Stainless Steel Co Ltd,39.160401,118.429806,,39.160401,118.429806,largest plant
Luoyang Luogang Group of Steel and Iron Co Ltd,1,0.0,,,1,1,19.0,898607349.1565193,105116210861.16835,105116210861.16835,,China,34.798477,112.580505,Luoyang Luogang Group of Steel and Iron Co Ltd,34.798477,112.580505,,34.798477,112.580505,largest plant
Mintal Group Co Ltd,1,0.0,,,1,1,,38453234.3149022,168370018.92432028,168370018.92432028,,China,41.7915,109.865367,Mintal Group DRI plant,41.7915,109.865367,,41.7915,109.865367,largest plant
Tangshan Jinma Iron & Steel Group Co Ltd,1,0.0,,,1,1,12.0,1872854078.2187674,91786528578.4662,91786528578.4662,,China,39.700499,118.45677500000001,Tangshan Jinma Steel Group Co Ltd,39.700499,118.456775,,39.700499,118.456775,largest plant
Tangshan Jianlong Steel SPECIAL Steel Co Ltd,1,0.0,,,1,1,20.0,3405149508.8777,6696341161.225805,6696341161.225805,,China,40.16768600000001,117.964004,Tangshan Jianlong Special Steel Co Ltd,40.167686,117.964004,,40.167686,117.964004,largest plant
Ningxia Boyu Hongxing Special Steel Group Co Ltd,1,0.0,,,1,1,19.14,1044069289.8932406,7539457044.554833,7539457044.554833,,China,39.273832000000006,106.75146,Ningxia Boyu Hongxing Special Steel Group Co,39.273832,106.75146,,39.273832,106.75146,largest plant
Tangshan GUOYI SPECIAL Steel Co Ltd,1,0.0,,,1,1,16.0,1597397963.2435653,125914337536.63997,125914337536.63997,,China,39.659153,118.41148800000002,Tangshan Guoyi Special Type Iron and Steel Co Ltd,39.659153,118.411488,,39.659153,118.411488,largest plant
Tangshan Fengnan Kaiheng Iron & Steel Co Ltd,1,0.0,,,1,1,21.0,307330756.7732362,103438117699.62515,103438117699.62515,,China,39.46320000000001,118.24719100000002,Tangshan Fengnan Kaiheng Iron and Steel Co Ltd,39.4632,118.247191,,39.4632,118.247191,largest plant
Orissa Steel & Power Pvt Ltd,1,0.0,,,1,1,,47335285.52206003,1748525921.9877195,1748525921.9877195,,India,22.359099999999998,87.017184,Orissa Steel and Power Jhargram steel plant,22.3591,87.017184,,22.3591,87.017184,largest plant
Prakash Sponge Iron and Power Pvt Ltd,1,0.0,0.0,0.0,1,1,,10655640.702493113,667891194.5738244,667891194.5738244,,India,14.152912000000002,76.665824,Prakash Sponge Iron and Power Challakere steel plant,14.152912,76.665824,0.0,14.152912,76.665824,largest plant
Ramsarup Industries Ltd,1,0.0,0.0,0.0,1,1,19.0,3789988245.8372393,56289587072.09856,56289587072.09856,,India,22.977477000000004,88.457443,Ramsarup Industries Kharagpur steel plant,22.977477,88.457443,0.0,22.977477,88.457443,largest plant
Tangshan DELONG Steel Co Ltd,1,0.0,,,1,1,23.67,218136816.73348233,4135555372.663854,4135555372.663854,,China,39.19255999999999,118.89953300000002,Tangshan Delong Iron and Steel Co Ltd,39.19256,118.899533,,39.19256,118.899533,largest plant
Rashmi Green Hydrogen Steel Pvt Ltd,1,0.0,,,1,1,,1986124537.7752411,15135404865.391726,15135404865.391726,,India,22.331489000000005,87.398085,Rashmi Green Hydrogen Steel Kharagpur steel plant,22.331489,87.398085,,22.331489,87.398085,largest plant
Shandong Chuanyang Group Co Ltd,1,0.0,,,1,1,19.69,3677756121.979178,132833631048.93161,132833631048.93161,,China,36.894784,117.88836599999999,Shandong Chuanyang Group Co Ltd,36.894784,117.888366,,36.894784,117.888366,largest plant
TANG Shan Iron and Steel Group Co Ltd,1,0.0,,,1,1,77.0,39795139194.13621,155462748201.50528,155462748201.50528,,China,39.648587,118.21248699999998,Tangshan Iron and Steel Group Co Ltd,39.648587,118.212487,,39.648587,118.212487,largest plant
Swadesh Metallics Pvt Ltd,1,0.0,,,1,1,,194558399.93739942,4377203761.590546,4377203761.590546,,India,21.625706,81.705254,Swadesh Metallics Simga steel plant,21.625706,81.705254,,21.625706,81.705254,largest plant
Surjagad Ispat Pvt Ltd,1,0.0,,,1,1,0.0,1744300.2223284245,38077949.28940603,38077949.28940603,,India,19.487201,79.968551,Surjagad Ispat Gadchiroli steel plant,19.487201,79.968551,,19.487201,79.968551,largest plant
Shandong Guangfu Group Co Ltd,1,0.0,,,1,1,39.0,833477595.0387985,55716060226.73611,55716060226.73611,,China,36.863145,117.61691799999998,Shandong Guangfu Group Co Ltd,36.863145,117.616918,,36.863145,117.616918,largest plant
Shandong Iron Steel Group Yongfeng Zibo Co Ltd,1,0.0,,,1,1,4.74,5698841287.0221615,136955660178.24161,136955660178.24161,,China,36.906036,118.111833,Shandong Iron and Steel Group Yongfeng Zibo Co Ltd,36.906036,118.111833,,36.906036,118.111833,largest plant
Shandong Laigang Yongfeng Steel Corp,1,0.0,,,1,1,19.55,2781115807.54017,195609506147.86755,195609506147.86755,,China,36.7993,116.80260000000001,Shandong Laigang Yongfeng Steel Co Ltd,36.7993,116.8026,,36.7993,116.8026,largest plant
Shandong Longsheng Iron and Steel Co Ltd,1,0.0,,,1,1,18.07,2852374041.5661826,127803991932.70581,127803991932.70581,,China,36.891189,118.18704100000001,Shandong Longsheng Iron and Steel Co Ltd,36.891189,118.187041,,36.891189,118.187041,largest plant
Shandong Minyuan Steel & Iron Co Ltd,1,0.0,,,1,1,19.7,5882085161.067249,57282828041.56949,57282828041.56949,,China,36.72840899999999,117.426582,Shandong Minyuan Iron and Steel Co Ltd,36.728409,117.426582,,36.728409,117.426582,largest plant
Shandong Taishan Steel Group Co Ltd,1,0.0,,,1,1,57.0,6228848405.062526,24084622143.53253,24084622143.53253,,China,36.22141,117.627728,Shandong Taishan Steel Group Co Ltd,36.22141,117.627728,,36.22141,117.627728,largest plant
Shandong Xinhua Special Steel Group Co Ltd,1,0.0,,,1,1,18.47,783615313.084411,11074777483.821833,11074777483.821833,,China,36.256175,116.179833,Shandong Xinhua Special Steel Group Co Ltd,36.256175,116.179833,,36.256175,116.179833,largest plant
Shanxi Dongfang Hengliu Precision Casting Co,1,0.0,,,1,1,16.04,586782703.6351858,41356599957.62777,41356599957.62777,,China,36.080051,111.64775400000002,Shanxi Dongfang Hengliu Precision Casting Co,36.080051,111.647754,,36.080051,111.647754,largest plant
Shanxi HUAQIANG Iron and Steel Co Ltd,1,0.0,0.0,0.0,1,1,22.84,402152281.1129497,13065059608.429657,13065059608.429657,,China,35.67084800000001,111.378887,Shanxi Huaqiang Iron and Steel Co Ltd,35.670848,111.378887,0.0,35.670848,111.378887,largest plant
Shanxi Liheng Iron and Steel Co Ltd,1,0.0,,,1,1,17.0,747390169.8949468,12388554602.370695,12388554602.370695,,China,35.701541,111.42671,Shanxi Liheng Steel Co Ltd,35.701541,111.42671,,35.701541,111.42671,largest plant
Shanxi Zhongsheng Iron and Steel Co Ltd,1,0.0,0.0,0.0,1,1,19.32,224177109.58702946,12388542669.833418,12388542669.833418,,China,35.727776,111.330122,Shanxi Zhongsheng Iron and Steel Co Ltd,35.727776,111.330122,0.0,35.727776,111.330122,largest plant
Tangshan Xinbaotai Iron & Steel Co Ltd,1,0.0,,,1,1,19.0,597616844.3023248,46917457212.68396,46917457212.68396,,China,39.861425000000004,118.03667,Tangshan Xinbaotai Iron and Steel Co Ltd,39.861425,118.03667,,39.861425,118.03667,largest plant
Lloyds Metals and Energy Ltd,2,0.0,0.0,0.0,1,1,17.0,124927907.9499686,1559187132.308942,3013580245.04738,,India,19.85045885073588,79.46664585187297,Lloyds Metals and Energy Ltd Konsari steel plant,19.770409,79.813599,0.0,19.770409,79.813599,largest plant
Linyi Jiangxin Steel Co Ltd,1,0.0,,,1,1,18.58,7972147725.823803,128106027383.46095,128106027383.46095,,China,34.951117,118.305389,Linyi Jiangxin Iron and Steel Co Ltd,34.951117,118.305389,,34.951117,118.305389,largest plant
Tongshan Liguo Iron and Steel Co Ltd,1,0.0,,,1,1,19.58,261090607.59518936,10876233654.99632,10876233654.99632,,China,34.55486,117.327039,Tongshan Liguo Iron and Steel Co Ltd,34.55486,117.327039,,34.55486,117.327039,largest plant
Wuhan Shunle Stainless Steel Co Ltd,1,0.0,,,1,1,27.0,11843724400.76606,500124516336.5328,500124516336.5328,,China,30.394434,114.257701,Wuhan Shunle Stainless Steel Co Ltd,30.394434,114.257701,,30.394434,114.257701,largest plant
Shougang Yili Iron & Steel Co Ltd,1,0.0,0.0,0.0,1,1,68.0,36347068.67769812,168536163.50178665,168536163.50178665,,China,43.528515999999996,83.276706,Shougang Yili Iron & Steel Co Ltd,43.528516,83.276706,0.0,43.528516,83.276706,largest plant
JSW Steel Ltd; POSCO Holdings Inc,1,0.0,,,1,1,,165319279.8517694,5832849600.810178,5832849600.810178,,India,20.248631999999997,86.156416,JSW POSCO Keonjhar steel plant,20.248632,86.156416,,20.248632,86.156416,largest plant
Wugang Zhongjia Iron & Steel Co Ltd,1,0.0,0.0,0.0,1,1,24.0,642394331.888709,5882609232.865211,5882609232.865211,,China,33.29175000000001,113.458011,Wugang Zhongjia Iron and Steel Co Ltd,33.29175,113.458011,0.0,33.29175,113.458011,largest plant
JSW Utkal Steel Ltd,1,0.0,,,1,1,0.0,105160684.6244372,2838087446.082791,2838087446.082791,,India,20.216667000000005,86.55,JSW Utkal Steel Rajnagar plant,20.216667,86.55,,20.216667,86.55,largest plant
Wuan Mingfang Iron & Steel Co Ltd,1,0.0,,,1,1,37.0,6917400988.421546,69987899829.69107,69987899829.69107,,China,36.710754,114.207855,Wu an Mingfang Iron and Steel Co Ltd,36.710754,114.207855,,36.710754,114.207855,largest plant
Wu'an Yongcheng Zhuye Co Ltd,1,0.0,,,1,1,19.0,188809636.46592227,20162046027.316326,20162046027.316326,,China,36.660278,113.993995,Wu'an Yongcheng Zhuye Co Ltd,36.660278,113.993995,,36.660278,113.993995,largest plant
Weining Hengchang Furnace Charge & Casting Co Ltd,1,0.0,0.0,0.0,1,1,21.69,21953226.651415624,1844144744.320357,1844144744.320357,,China,26.783556,104.394517,Weining Hengchang Furnace Charge & Casting Co Ltd,26.783556,104.394517,0.0,26.783556,104.394517,largest plant
WISCO Group Xiangyang Heavy Equipment MATERIALS Co Ltd,1,0.0,,,1,1,27.0,6115679576.442959,63284746767.76681,63284746767.76681,,China,32.10704,112.235621,WISCO Group Xiangyang Heavy Equipment Materials Co Ltd,32.10704,112.235621,,32.10704,112.235621,largest plant
Vedanta Iron and Steel Ltd,1,0.0,0.0,0.0,1,1,34.0,607137556.302787,8358368004.412622,8358368004.412622,,India,15.526866,73.986671,Vedanta Sesa Goa Pig Iron Plant,15.526866,73.986671,0.0,15.526866,73.986671,largest plant
Vardhman Special Steels Limited,1,0.0,,,1,1,,2490777403.6033077,25439001955.699738,25439001955.699738,,India,30.890103,75.908673,Vardhman Special Steels Ludhiana steel plant,30.890103,75.908673,,30.890103,75.908673,largest plant
Uttam Galva Ferous Ltd,1,0.0,,,1,1,,354990517.4078579,4519592959.189082,4519592959.189082,,India,15.184612999999997,76.824905,Uttam Galva Ferrous Bellary steel plant,15.184613,76.824905,,15.184613,76.824905,largest plant
Jiangsu Longyuan Steel Co Ltd,1,0.0,,,1,1,15.77,261090607.59518936,10876233654.99632,10876233654.99632,,China,34.538033,117.32958900000001,Jiangsu Longyuan Steel Co,34.538033,117.329589,,34.538033,117.329589,largest plant
Jiangsu Shente Steel Corp,1,0.0,,,1,1,18.43,5294448729.56292,24809379172.701572,24809379172.701572,,China,31.471123000000002,119.485941,Jiangsu Shente Steel Co Ltd,31.471123,119.485941,,31.471123,119.485941,largest plant
Tata Metaliks Ltd,1,0.0,0.0,0.0,1,1,36.0,2985882028.961829,14177735291.438112,14177735291.438112,,India,22.385611,87.287179,Tata Metaliks Kharagpur steel plant,22.385611,87.287179,0.0,22.385611,87.287179,largest plant
Jiangsu Suxin Special Steel Co Ltd,1,0.0,,,1,1,65.0,11475374812.138918,503385529607.3661,503385529607.3661,,China,31.400644000000003,120.47510300000002,Jiangsu Suxin Special Steel Group Co Ltd,31.400644,120.475103,,31.400644,120.475103,largest plant
Jiangsu Xingda Steel Group Co Ltd,1,0.0,,,1,1,22.96,261090607.59518936,20646884537.775814,20646884537.775814,,China,34.501981,117.316278,Jiangsu Xingda Steel Group,34.501981,117.316278,,34.501981,117.316278,largest plant
Jiangxi Yuanxing Iron and Steel Co Ltd,1,0.0,,,1,1,18.21,982532261.0660375,1708780484.085001,1708780484.085001,,China,24.881098,114.80283300000002,Jiangxi Yuanxing Iron and Steel Co Ltd,24.881098,114.802833,,24.881098,114.802833,largest plant
Tianjin Tianzhong Giant Heavy Industry Co Ltd,1,0.0,,,1,1,20.51,1572778754.3996863,14504012305.231407,14504012305.231407,,China,39.501442,118.71955400000002,Tianjin Tianzhong Giant Heavy Industry Co Ltd,39.501442,118.719554,,39.501442,118.719554,largest plant
Jindal Steel Chhattisgarh Ltd,1,0.0,,,1,1,,454682852.3366098,3957035516.4197297,3957035516.4197297,,India,21.895041,83.376759,Jindal Steel Chhattisgarh steel plant,21.895041,83.376759,,21.895041,83.376759,largest plant
Tianjin Tianfeng Steel Co Ltd,1,0.0,,,1,1,19.12,805190129.0529438,136245998263.05936,136245998263.05936,,China,38.83264200000001,117.102765,Tianjin Tianfeng Steel Co Ltd,38.832642,117.102765,,38.832642,117.102765,largest plant
Tianjin Rongcheng Group Tangshan Special Steel Co Ltd; Tangshan Zhengfeng Steel Co Ltd,1,0.0,,,1,1,2.2,2256673828.2882605,55350743231.762314,55350743231.762314,,China,39.85271,118.18127899999999,Tianjin Rongcheng Group Tangshan Fengrun Special Steel Co Ltd,39.85271,118.181279,,39.85271,118.181279,largest plant
Tianjin Rongcheng Group Tangshan Special Steel Co Ltd,1,0.0,,,1,1,21.0,9710283612.501226,134035400903.13374,134035400903.13374,,China,39.551552,118.13799300000001,Tianjin Rongcheng Group Tangshan Special Steel Co Ltd,39.551552,118.137993,,39.551552,118.137993,largest plant
Jinzhou Jinxing Special Steel Co Ltd,1,0.0,,,1,1,25.1,549095770.045926,51265446599.24432,51265446599.24432,,China,41.188888,121.22504300000001,Jinzhou Jinxing Special Steel Company,41.188888,121.225043,,41.188888,121.225043,largest plant
Tianjin Metallurgy Group Zhasan Steel Co Ltd,1,0.0,,,1,1,11.3,805190129.0529438,66353473243.63198,66353473243.63198,,China,38.825269,117.08849000000001,Tianjin Metallurgy Group Zhasan Steel Co Ltd,38.825269,117.08849,,38.825269,117.08849,largest plant
KIC Metaliks Ltd,1,0.0,0.0,0.0,1,1,28.05,1554639245.0040002,19864497189.311275,19864497189.311275,,India,23.507539,87.277914,KIC Metaliks Durgapur steel plant,23.507539,87.277914,0.0,23.507539,87.277914,largest plant
Kapila Metals Pvt Ltd,1,0.0,,,1,1,,100155279.26306468,2235353301.806718,2235353301.806718,,India,19.874223,75.817553,Kapila Metals Jalna steel plant,19.874223,75.817553,,19.874223,75.817553,largest plant
Langfang Guangyuan Metalwork Co Ltd,1,0.0,,,1,1,11.0,1533063394.1574883,155304705012.0103,155304705012.0103,,China,39.181466,116.838667,Langfang Guangyuan Metalwork Co Ltd,39.181466,116.838667,,39.181466,116.838667,largest plant
Kalyani Steels Ltd,1,0.0,,,1,1,0.0,319583186.94651854,3619712225.604027,3619712225.604027,,India,20.601819000000003,85.594653,Kalyani Steels Dhenkanal steel plant,20.601819,85.594653,,20.601819,85.594653,largest plant
