GEM plant ID,Plant name (English),Owner,Parent (English),Country/area,Region,iso3,Latitude,Longitude,Plant age (years),capacity_ttpa,n_operating_units,Main production equipment,litpop_value_usd,litpop_sum_25km_usd,litpop_ncells_25km,litpop_cell_lat,litpop_cell_lon,match_distance_km
P100001045296,Action Ispat and Power Jharsuguda steel plant,Action Ispat and Power Pvt Ltd,Action Ispat and Power Pvt Ltd [100.0%],India,Asia Pacific,IND,21.839759,83.982227,,375.0,1,DRI; IF; Steel other/unspecified,645075019.3542067,6421397393.391681,26,21.875,83.95833333,4.6299161934723285
P100001025815,Adhunik Metaliks Kuanrmunda steel plant,Adhunik Metaliks Ltd,natural person(s) [36.1%]; small shareholder(s) [28.8%]; Mahanada Suppliers Pvt Ltd [22.6%]; Sunrwoth Stocks Pvt Ltd [12.5%],India,Asia Pacific,IND,22.308371,84.763584,22.81,500.0,1,BF; DRI; EAF,721177173.7528095,9523780056.89265,25,22.29166667,84.79166667,3.434681647283486
P100000120644,Aichi Steel Chita plant (Tokai),Aichi Steel Corp,Aichi Steel Corp [100.0%],Japan,Asia Pacific,JPN,35.044558,136.900772,83.0,1495.0,1,EAF,110186877555.41345,1502462582382.9646,21,35.04166667,136.95833333,5.250101951390875
P100000120163,Angang Group Xinyang Iron and Steel Co Ltd,"Xinyang Iron & Steel Co.,ltd of Angang Group",natural person(s) [65.2%]; Henan PROVINCE HENGCHANG Trading Co Ltd [15.8%]; unknown [10.4%]; Henan State Owned Capital Operation Group Co Ltd [8.6%],China,Asia Pacific,CHN,32.488704,114.038243,55.0,3600.0,1,BF; BOF,382250327.83036226,823121774.5842192,28,32.45833333,114.04166667,3.392306817996281
P100000120089,Angang Lianzhong Stainless Steel Co Ltd,Angang Lianzhong Stainless Steel Corp,Ansteel Group Co Ltd [60.0%]; Lianzhong Co Ltd [18.2%]; power rich Co Ltd [17.4%]; unknown [4.4%],China,Asia Pacific,CHN,23.126822,113.505817,25.0,1900.0,1,EAF,23605391215.706425,860628677784.8787,25,23.125,113.54166667,3.6715770656067908
P100000120219,Angang Steel Co Ltd,Angang Steel Co Ltd,Angang Steel Co Ltd [100.0%],China,Asia Pacific,CHN,41.148267,122.983054,27.43,20650.0,1,BF; BOF; DRI,44422407772.444046,177246047307.24884,30,41.125,122.95833333,3.3135211511349896
P100000120220,Angang Steel Co Ltd Bayuquan branch,Angang Steel Co Ltd,Angang Steel Co Ltd [100.0%],China,Asia Pacific,CHN,40.308494,122.13079,20.0,7500.0,1,BF; BOF,6209926726.154055,22186415085.097157,16,40.29166667,122.125,1.9344707403498838
P100000120070,Anhui Changjiang Steel Co Ltd,Anhui Changjiang Steel Co Ltd,Maanshan Iron & Steel Co Ltd [55.0%]; natural person(s) [37.2%]; unknown [7.8%],China,Asia Pacific,CHN,31.502272,118.465162,23.0,3800.0,1,BF; BOF; EAF,2369022303.7466125,144195323545.10645,30,31.54166667,118.45833333,4.42805617440627
P100000120071,Anhui Guihang Special Steel Co Ltd,Anhui Guihang Special Steel Co Ltd,Anhui Guihang Special Steel Co Ltd [100.0%],China,Asia Pacific,CHN,30.531068,117.251147,15.89,2700.0,1,BF; BOF,189683194.67400867,33326954857.278305,26,30.54166667,117.29166667,4.055698798069162
P100000120391,Anhui Jin an Stainless Steel Casting Co Ltd,Anhui Jin'an Stainless Steel Foundry Co Ltd,Anhui Xinda Steel Development Co Ltd [100.0%],China,Asia Pacific,CHN,31.763956,115.924372,4.0,500.0,1,EAF,413630926.1177371,1767423389.3448305,28,31.79166667,115.95833333,4.449723729811224
P100000120417,Anhui Jingxian Longxin Iron and Steel Co Ltd,Anhui Jingxian Longxin Iron and Steel Co Ltd,Anhui Jingxian Longxin Iron and Steel Co Ltd [100.0%],China,Asia Pacific,CHN,30.709058,118.436638,18.0,500.0,1,EAF,271114715.91688704,2196595135.9770145,26,30.70833333,118.45833333,2.0756973379034434
P100000120402,Anhui Langxi Hongtai Iron and Steel Co Ltd,Anhui Langxi County Fuhang Steel Co Ltd,Anhui Langxi County Fuhang Steel Co Ltd [100.0%],China,Asia Pacific,CHN,31.246635,119.120443,24.0,1000.0,1,EAF,86904812.1034762,5559526379.370945,30,31.20833333,119.125,4.280942251876095
P100001025923,Anhui Lixin Special Steel Co Ltd,"Guangde Xinyuanda Metal Products Co., Ltd. Co Ltd","Guangde Xinyuanda Metal Products Co., Ltd. Co Ltd [100.0%]",China,Asia Pacific,CHN,31.0494162,119.5296269,14.24,500.0,1,EAF,60598213.36689451,4215686167.3568387,28,31.04166667,119.54166667,1.4346227291715394
P100000120313,Anhui Shoukuang Dachang Metal Material Co Ltd,Anhui Shoukuang Dachang Metal Material Co Ltd,CSCEC Rongdong Investment Holding Co Ltd [89.0%]; Fang TongZhou Holding Co Ltd [7.9%]; unknown [3.1%],China,Asia Pacific,CHN,32.329171,115.954963,16.0,3000.0,1,BF; BOF,26192474.427464876,877711306.2331542,30,32.29166667,115.95833333,4.182307914496001
P100000120231,Anshan Baode Iron and Steel Co Ltd,Anshan Baode Iron & Steel Co Ltd,Anshan Baode Iron & Steel Co Ltd [100.0%],China,Asia Pacific,CHN,41.173613,122.945501,26.73,1800.0,1,BF; BOF,4381066890.384275,163827269958.9023,31,41.20833333,122.95833333,4.007268614154219
P100000120221,Ansteel Group Chaoyang Steel and Iron Co Ltd,Angang Steel Co Ltd,Angang Steel Co Ltd [100.0%],China,Asia Pacific,CHN,41.528945,120.369983,18.59,2100.0,1,BF; BOF,3344426880.8404565,22690680323.185062,31,41.54166667,120.375,1.4749363251535432
P100000120170,Anyang Huixin Special Steel Co Ltd,Anyang Huixin Special Steel Co Ltd,"Henan Jingchang Coal Chemical Co Ltd [90.0%]; Henan Xinlei Group HOLDINGS Co Ltd [6.2%]; Henan LIYUAN Coking Group Co Ltd [1.3%]; Henan Shuncheng Group,coal Co Ltd [1.3%]; Henan Yulong Coking Co Ltd [1.3%]",China,Asia Pacific,CHN,36.152418,114.15839,21.0,,0,BF; BOF,3691623504.775808,75964836221.13365,29,36.125,114.125,4.276147088328703
P100000120160,Anyang Iron and Steel Co Ltd,Anyang Iron & Steel Co Ltd,Anyang Iron & Steel Co Ltd [100.0%],China,Asia Pacific,CHN,36.122129,114.283145,68.0,1300.0,2,BF; BOF; EAF,17037663839.757977,82619171295.84013,30,36.125,114.29166667,0.8293040038322064
P100000120166,Anyang Xinpu Steel Co Ltd,Anyang Xinpu Steel Co Ltd,natural person(s) [49.0%]; Minyuan Iron and Steel Group Co Ltd [34.0%]; Fujian Mingfa Investment Co Ltd [17.0%],China,Asia Pacific,CHN,36.163203,114.296223,20.41,,0,BF; BOF,17037663839.757977,85188376036.4182,30,36.125,114.29166667,4.267642263436373
P100000120532,ArcelorMittal Bellary steel plant,ArcelorMittal SA,ArcelorMittal SA [100.0%],India,Asia Pacific,IND,15.139498,76.918417,,,0,Iron other/unspecified; Steel other/unspecified,490816268.93993175,3857475973.8084636,25,15.125,76.95833333,4.577845489148576
P100001025671,ArcelorMittal Nippon Steel Anakapalle steel plant,ArcelorMittal Nippon Steel India Ltd,ArcelorMittal SA [60.0%]; Nippon Steel Corp [40.0%],India,Asia Pacific,IND,17.407103,82.723183,,,0,BF; BOF,114947781.09143434,1288083632.9351392,15,17.375,82.70833333,3.902005555693617
P100001025669,ArcelorMittal Nippon Steel Gadchiroli steel plant,ArcelorMittal Nippon Steel India Ltd,ArcelorMittal SA [60.0%]; Nippon Steel Corp [40.0%],India,Asia Pacific,IND,20.168486,79.987119,,,0,EAF,36499350.191805646,195709236.29161844,26,20.20833333,79.95833333,5.353251099621857
P100000120513,ArcelorMittal Nippon Steel Hazira plant,ArcelorMittal Nippon Steel India Ltd,ArcelorMittal SA [60.0%]; Nippon Steel Corp [40.0%],India,Asia Pacific,IND,21.112377,72.647304,31.0,9600.0,1,BF; DRI; EAF; Iron other/unspecified; Steel other/unspecified; BOF,3529225319.3115263,19900243936.643406,7,21.125,72.625,2.7060157107624803
P100000120573,ArcelorMittal Nippon Steel Kendrapara plant,ArcelorMittal Nippon Steel India Ltd,ArcelorMittal SA [60.0%]; Nippon Steel Corp [40.0%],India,Asia Pacific,IND,20.71042,86.282806,,,0,BF; BOF,163832705.0805086,7874268411.945603,23,20.70833333,86.29166667,0.9503608218805057
P100000121178,ArcelorMittal Nippon Steel Paradip plant,ArcelorMittal Nippon Steel India Ltd,ArcelorMittal SA [60.0%]; Nippon Steel Corp [40.0%],India,Asia Pacific,IND,20.284771,86.658266,,,0,BF; BOF,1296918868.074968,2826099677.177918,13,20.29166667,86.625,3.55324684339861
P100000120568,Arjas Steel Tadipatri plant,Arjas Steel Pvt Ltd,ADV Partners Holdings Ltd,India,Asia Pacific,IND,14.873471,78.048425,13.3,1005.0,1,BF; BOF,216622786.99645334,978513444.531417,21,14.875,78.04166667,0.7459454359979306
P100000120564,Atibir Industries Bhorandiha steel plant,Atibir Industries Co Ltd,Sribir Group of Companies,India,Asia Pacific,IND,24.145239,86.334999,17.0,0.0,1,BF; BOF,510655890.86209947,4888810191.26004,26,24.125,86.375,4.641216830143752
P100000120384,Baicheng Fuda Bar Rolling Co Ltd,Baicheng Fuda Bar Rolling Co Ltd,Baicheng Fuda Bar Rolling Co Ltd [100.0%],China,Asia Pacific,CHN,45.593303,122.895588,16.31,788.0,1,EAF,4030918213.477184,8548861930.695523,34,45.625,122.875,3.871324363318303
P100001023581,Baldota Koppal steel plant,Baldota Steel and Power Ltd,Baldota Steel and Power Ltd [100.0%],India,Asia Pacific,IND,15.332616,76.206778,0.0,,0,BF; BOF; Iron other/unspecified; Steel other/unspecified,185356174.34875867,2334801913.519275,26,15.29166667,76.20833333,4.55641835119466
P100000120256,Baoshan Iron and Steel Co Ltd Headquarters,Baoshan Iron & Steel Co Ltd,Baoshan Iron & Steel Co Ltd [100.0%],China,Asia Pacific,CHN,31.41623,121.440087,49.0,19800.0,1,BF; BOF; EAF; Iron other/unspecified,72345769161.90762,1390784081982.4404,16,31.375,121.45833333,4.900777678182973
P100000120336,Baosteel Desheng Stainless Steel Co Ltd,Baosteel Desheng Stainless Steel Co Ltd,China Baowu Steel Group Co Ltd [70.0%]; Fujian Wugang Group Co Ltd [30.0%],China,Asia Pacific,CHN,26.48747,119.654461,15.0,3220.0,1,BF; BOF,53661889.35483706,5593875427.628956,18,26.45833333,119.70833333,6.264989174424404
P100000120289,Baosteel Group Xinjiang Bayi Iron and Steel Co Ltd,Baosteel Group Xinjiang Bayi Iron & Steel Co Ltd,Baosteel Group Xinjiang Bayi Iron & Steel Co Ltd [100.0%],China,Asia Pacific,CHN,43.852147,87.304639,30.34,7300.0,1,BF; BOF; EAF; Iron other/unspecified,931469524.817334,166883618017.15344,31,43.875,87.29166667,2.7457241522000886
P100000120257,Baosteel Special Steel Co Ltd,Baosteel Special Metals Co Ltd,China Baowu Steel Group Co Ltd [100.0%],China,Asia Pacific,CHN,31.379422,121.484652,65.41,,0,EAF,72345769161.90762,1589864409486.6626,16,31.375,121.45833333,2.5464518791673774
P100000120085,Baosteel Zhanjiang Iron and Steel Co Ltd,Baosteel Zhanjiang Iron & Steel Co Ltd,Baoshan Iron & Steel Co Ltd [90.0%]; Guangdong Hengjian Investment Holding Co Ltd [10.0%],China,Asia Pacific,CHN,21.056035,110.48657,15.0,14328.0,1,BF; BOF; DRI; EAF,1178377706.3453572,17735392319.65234,7,21.04166667,110.45833333,3.3375321280707198
P100000121076,Baotou Baoxin Special Steel Co Ltd,Baotou Baoxin Special Steel Co Ltd,Baotou Baoxin Special Steel Co Ltd [100.0%],China,Asia Pacific,CHN,41.362925,110.988771,17.39,,0,BF; BOF,883833.8895358075,14152901.698757257,29,41.375,110.95833333,2.8730255979723593
P100000121143,Baotou Da'an Iron and Steel Co Ltd Kundulun District,Baotou DA AN IRON&STEEL Co Ltd,Baotou DA AN IRON&STEEL Co Ltd [100.0%],China,Asia Pacific,CHN,40.715119,109.821653,,,0,BF; BOF,16316239267.774508,158554057260.1627,28,40.70833333,109.79166667,2.637651687209269
P100000120186,Baotou Daan Iron and Steel Co Ltd Hondlon District,Baotou DA AN IRON&STEEL Co Ltd,Baotou DA AN IRON&STEEL Co Ltd [100.0%],China,Asia Pacific,CHN,40.662343,109.698333,22.81,,0,BF; BOF,563557793.4713724,137837797372.7533,32,40.625,109.70833333,4.237214558898192
P100000121142,Baotou Deshun Special Steel Co Ltd,Baotou Deshun Spec. Steel Co Ltd,Baotou Deshun Spec. Steel Co Ltd [100.0%],China,Asia Pacific,CHN,40.9019,110.336253,18.9,,0,BF; BOF,1018690.4685914837,59390733.91234676,30,40.875,110.375,4.422211749592256
P100000120172,Baowu Group Echeng Iron and Steel Co Ltd,Baowu Group Echeng Iron & Steel Co Ltd,China Baowu Steel Group Co Ltd [75.0%]; Guangdong Guangwu Holding Group Co Ltd [25.0%],China,Asia Pacific,CHN,30.39574,114.861313,68.0,4971.0,1,BF; BOF,14250230836.869875,49134741626.088264,25,30.375,114.875,2.653704250730813
P100000120223,Bengang Steel Plates Co Ltd,Bengang Steel Plates Co Ltd,Bengang Steel Plates Co Ltd [100.0%],China,Asia Pacific,CHN,41.274132,123.722099,28.65,13440.0,2,BF; BOF; EAF,10302505895.931911,41341080042.015594,30,41.29166667,123.70833333,2.26377055962794
P100000120224,Benxi Beiying Iron and Steel Group Co Ltd Beitai Town,Benxi Beiying Iron & Steel (GROUP) Co Ltd,Ansteel Group Co Ltd [46.5%]; Bengang Group Co Ltd [27.7%]; Liaoning Huida Enterprise Management Co Ltd [8.2%]; China Minmetals Corp [7.0%]; unknown [6.4%]; Beijing Jianlong Investment Co Ltd [2.9%]; Fushun State-Owned Assets Management Co Ltd [1.3%],China,Asia Pacific,CHN,41.224814,123.608374,23.88,2600.0,1,BF; BOF,423489077.5911907,41288019014.13897,30,41.20833333,123.625,2.3004877338931036
P100001062088,Bhagyalaxmi Metals Mul steel plant,Bhagyalaxmi Metals Pvt Ltd,Bhagyalaxmi Metals Pvt Ltd [100.0%],India,Asia Pacific,IND,20.088919,79.71792,,,0,DRI; IF,20100548.68457569,203318570.1716565,24,20.125,79.70833333,4.135024231602367
P100000120512,BMM Ispat Danapur steel plant,BMM Ispat Ltd,JSW Projects Ltd [58.5%]; natural person(s) [41.5%],India,Asia Pacific,IND,15.16972,76.37971,20.0,2208.0,1,BF; BOF; DRI; EAF; IF,326466748.184155,3195093655.9004097,25,15.20833333,76.375,4.323259137943748
P100001061667,BPA Metallics Raigarh steel plant,BPA Metallics Pvt Ltd,BPA Metallics Pvt Ltd [100.0%],India,Asia Pacific,IND,21.926993,83.374089,,,0,DRI; Steel other/unspecified,400367384.08294696,3990742828.780345,24,21.95833333,83.375,3.4861569711234357
P100000120125,Cangzhou China Railway Equipment Manufacture Material Co Ltd,Cangzhou China Railway Equipment Manufacturing Materials Co Ltd,China Railway Materials Group Holdings Ltd [49.0%]; Shuangyao Investment Co Ltd [25.0%]; Hebei Xinhua United Metallurgical Holding Group Co Ltd [15.6%]; Sinogiant Steel HOLDINGS Group Ltd [9.4%]; unknown [1.0%],China,Asia Pacific,CHN,38.289221,117.814367,20.0,7500.0,1,BF; BOF,477468708.0493724,5678661164.6290045,16,38.29166667,117.79166667,1.9997433364004984
P100000120385,Cangzhou Lingang Sanling Metal Co Ltd,Cangzhou Lingang Sanling Metal Co Ltd,Cangzhou Lingang Sanling Metal Co Ltd [100.0%],China,Asia Pacific,CHN,38.311738,117.457779,31.0,1000.0,1,EAF,90759574.23978685,11494109048.720526,29,38.29166667,117.45833333,2.2323572768746547
P100001082544,Captain Steel Debipur steel plant,Captain Steel India Ltd,Captain Steel India Ltd [100.0%],India,Asia Pacific,IND,23.782149607591688,86.83591234561024,4.0,208.0,1,IF,3502964540.9216847,57609016229.041954,26,23.79166667,86.875,4.115523921874032
P100001023577,Captain Steel Garbeta steel plant,Captain Steel India Ltd,Captain Steel India Ltd [100.0%],India,Asia Pacific,IND,22.855859,87.345018,0.0,,0,Iron other/unspecified; Steel other/unspecified,218626361.52550003,2882710853.843904,25,22.875,87.375,3.73717149571149
P100001064089,Changli Xingguo Precision Machinery Co Ltd,Changli Xingguo Precision Machinery Co Ltd,Changli Xingguo Precision Machinery Co Ltd [100.0%],China,Asia Pacific,CHN,39.704921,118.897417,30.47,0.0,1,BF,853581286.6142415,16624354555.063276,30,39.70833333,118.875,1.9548449143265378
P100000120194,Changshu Longteng Special Steel Co Ltd,Changshu Longteng Special Steel Co Ltd,Changshu Longteng Special Steel Co Ltd [100.0%],China,Asia Pacific,CHN,31.723833,120.835685,31.75,3203.0,1,BF; BOF; EAF,9736930825.62187,146741063498.04495,21,31.70833333,120.875,4.098756949860377
P100000120265,Changzhi Xingbao Steel Co Ltd,Lucheng Xingbao Iron & Steel Co Ltd,Lucheng Xingbao Iron & Steel Co Ltd [100.0%],China,Asia Pacific,CHN,36.332449,113.15509,22.85,1900.0,1,BF; BOF,2719454994.077153,51965769924.3065,28,36.29166667,113.125,5.275732068126823
P100000120201,Changzhou Eastern Special Steel Co Ltd,Changzhou Dongfang Special Steel Co Ltd,Changzhou Dongrun Special Steel Co Ltd [90.0%]; natural person(s) [10.0%],China,Asia Pacific,CHN,31.602554,119.724256,16.09,3300.0,1,EAF; BF; BOF,1518567272.309646,75968188617.05792,25,31.625,119.70833333,2.915962473715396
P100000120105,Chengde Iron and Steel Group Co Ltd,Chengde Street Ltd,HBIS Group Co Ltd [100.0%],China,Asia Pacific,CHN,40.947707,117.719747,72.0,8000.0,1,BF; BOF,896245650.7992102,16077296505.116661,31,40.95833333,117.70833333,1.5214874247715435
P100000120123,Chengde Jianlong Special Steel Co Ltd,Chengde Jianlong SPECIAL Steel Co Ltd,Beijing Jianlong Investment Co Ltd [90.2%]; unknown [9.8%],China,Asia Pacific,CHN,40.515035,117.596071,25.0,4400.0,1,BF; BOF,277866579.7444777,960037253.5921401,31,40.54166667,117.625,3.840239713177302
P100000120154,Chengde Shengfeng Iron and Steel Co Ltd,Chengde Shengfeng Iron & Steel Co Ltd,Chengde Shengfeng Iron & Steel Co Ltd [100.0%],China,Asia Pacific,CHN,40.622466,118.490845,17.0,,0,BF; BOF,714450516.0938448,1818916926.0753732,28,40.625,118.45833333,2.758324946330878
P100000120153,Chengde Zhaofeng Steel Group Co Ltd,Chengde Zhaofeng Steel Group Co Ltd,Chengde Zhaofeng Steel Group Co Ltd [100.0%],China,Asia Pacific,CHN,40.593875,118.633334,19.0,,0,BF; BOF,25938154.368309747,1836970558.2158616,29,40.625,118.625,3.5317261637917676
P100000120329,Chengdu Changfeng Iron and Steel Group Co Ltd,Chengdu Changfeng Steel Group Co Ltd,Chengdu Changfeng Steel Group Co Ltd [100.0%],China,Asia Pacific,CHN,31.031921,103.672956,56.0,1500.0,1,EAF,846260426.3465284,20216826188.210163,26,31.04166667,103.70833333,3.5405302490401276
P100000120279,Chengyu Vanadium and Titanium Technology Co Ltd,Chengyu Vanadium & Titanium Technology Co Ltd,Grand Royal Co Ltd [45.2%]; Sichuan Jintong Investment Co Ltd [14.0%]; unknown [11.7%]; Sichuan Chuanwei Group Co Ltd Labor Union [9.5%]; Sichuan Chuanwei Group Co Ltd [8.6%]; Sichuan Yiweili Investment Co Ltd [6.0%]; Weiyuan Tianyue Enterprise Management Co Ltd [5.0%],China,Asia Pacific,CHN,29.732143,104.504339,19.46,6050.0,2,BF; BOF; EAF,69319122.10205877,1434232054.946687,26,29.70833333,104.54166667,4.472464339530387
P100000120183,Chifeng Yuanlian Steel Co Ltd,Chifeng Yuanlian Steel Co Ltd,Tangshan Jiaqi International Trade Co Ltd [90.0%]; Chifeng Yuanjian Iron and Steel Industry Co Ltd [10.0%],China,Asia Pacific,CHN,42.278115,119.015289,23.53,2450.0,1,BF; BOF,1995635766.3421109,37540157912.30756,29,42.29166667,119.04166667,2.6418148302251114
P100000120327,Chifeng Zhongtang Special Steel Co Ltd,Chifeng Zhongtang Special Steel Co Ltd,Tangshan Jinma Iron & Steel Group Co Ltd [83.7%]; Hainan Mingbo Investment Co Ltd [16.0%]; unknown [0.3%],China,Asia Pacific,CHN,41.834064,119.281883,4.0,2700.0,1,BF; BOF,14520160.651008502,2567485426.0806546,32,41.875,119.29166667,4.623443509337917
P100000121041,Chizhou Guichi Guihang Metal Products Co Ltd,Chizhou Guichi Guihang Metal Products Co Ltd,Chizhou Guichi Guihang Metal Products Co Ltd [100.0%],China,Asia Pacific,CHN,30.532786,117.25166,26.0,1000.0,1,EAF,189683194.67400867,33326954857.278305,26,30.54166667,117.29166667,3.9567333247548966
P100000120286,Chongli Steel Manufacturing Co Ltd,Chongli Steel Manufacturing Co Ltd,British Asia Pan Ruogen International Co Ltd [59.2%]; unknown [40.8%],China,Asia Pacific,CHN,36.602468,113.755744,14.0,,0,BF; BOF,475205331.7791578,5172621413.115469,28,36.625,113.79166667,4.069045352546215
P100000120074,Chongqing Iron and Steel Co Ltd,Chongqing Iron & Steel Co Ltd,Chongqing Iron & Steel Co Ltd [100.0%],China,Asia Pacific,CHN,29.790253,107.040368,29.0,8400.0,1,BF; BOF,3087923383.6047015,10693419120.529099,27,29.79166667,107.04166667,0.20103530194577363
P100001064274,Chongqing Pengcheng Steel Co Ltd,Chongqing Pengcheng Steel Co Ltd,Chongqing Pengcheng Steel Co Ltd [100.0%],China,Asia Pacific,CHN,29.259699,106.214031,27.67,520.0,1,EAF,3649329774.430953,22610249865.66703,26,29.29166667,106.20833333,3.5973495219671663
P100000120409,Chongqing Yonghang Steel Group Co Ltd,Chongqing Yonghang Steel Group Co Ltd,Chongqing Yonghang Steel Group Co Ltd [100.0%],China,Asia Pacific,CHN,29.836163,106.988138,23.0,700.0,1,EAF,476620864.0503676,9985471651.860994,26,29.875,106.95833333,5.187566365915013
P100001064279,Chongqing Yuxi Iron & Steel (Group) Co Ltd,Chongqing Yuxi Iron & Steel (Group) Co Ltd,Chongqing Yuxi Iron & Steel (Group) Co Ltd [100.0%],China,Asia Pacific,CHN,29.488759,105.862658,25.97,260.0,1,BF; EAF,157576554.0679347,16288009217.619118,26,29.45833333,105.875,3.5879513448031024
P100000120317,Chongqing Zuhang Iron and Steel Co Ltd,Chongqing Zuhang Steel Co Ltd,Chongqing Zuhang Steel Co Ltd [100.0%],China,Asia Pacific,CHN,29.440056,105.741929,18.0,1010.0,1,EAF,419108487.0652244,17484785855.890198,26,29.45833333,105.70833333,3.835676615275836
P100000120683,Chubu Steel Plate Nagoya plant,Chubu Steel Plate Co Ltd,Chubu Steel Plate Co Ltd [100.0%],Japan,Asia Pacific,JPN,35.118836,136.867567,67.0,800.0,1,EAF,176716694372.9768,1773436100976.1323,27,35.125,136.875,0.9627034787722601
P100001045282,Crest Steel and Power Mangatta steel plant,Crest Steel and Power Pvt Ltd,Atha Group [47.5%]; Ghanashyam Misra & Sons Pvt Ltd [47.5%],India,Asia Pacific,IND,21.190313,81.19922,21.13,96.0,1,DRI; IF; BF; EAF,1306781871.7744355,17090493954.363253,23,21.20833333,81.20833333,2.21533624215564
P100000120645,Daido Steel Chita plant (Tokai),Daido Steel Co Ltd,Daido Steel Co Ltd [100.0%],Japan,Asia Pacific,JPN,35.016404,136.864744,64.0,1500.0,1,EAF,27104407629.54368,1439619650330.7676,22,34.95833333,136.875,6.524418157768589
P100000120202,Danyang Longjiang Steel Co Ltd,Danyang Longjiang Steel Co Ltd,Hong Kong Qianlong Co Ltd [67.2%]; natural person(s) [32.8%],China,Asia Pacific,CHN,32.027791,119.57706,22.59,1500.0,1,BF; BOF,5805245295.940704,102713030996.41045,26,32.04166667,119.54166667,3.6757779535675588
P100000120376,Daye Huaxin Industrial Co Ltd,Daye Huaxin Industrial Co Ltd,natural person(s) [56.3%]; Hubei Xinxin Steel Group Co Ltd [21.1%]; Jin Jun'an Investment Group Co Ltd [18.9%]; unknown [3.7%],China,Asia Pacific,CHN,30.070219,114.926251,23.0,1150.0,1,BF; BOF,1002488417.5250294,46273565195.00691,27,30.04166667,114.95833333,4.4287502862503905
P100000120173,Daye Special Steel Co Ltd,Daye SPECIAL Steel Co Ltd,Citic Pacific Special Steel Group Co Ltd [100.0%],China,Asia Pacific,CHN,30.204603,115.125838,19.0,3420.0,1,BF; BOF; EAF,5065987125.999837,49895458985.18517,27,30.20833333,115.125,0.4225390931137903
P100000121072,Daye Xinye Special Steel Co Ltd,natural person(s); Hubei Xinxin Steel Group Co Ltd,Hubei Xinxin Steel Group Co Ltd [100.0%]; natural person(s) [100.0%],China,Asia Pacific,CHN,30.067469,114.934091,26.0,1200.0,1,BF; BOF,1002488417.5250294,45551188711.02555,26,30.04166667,114.95833333,3.698040029593012
P100000120121,Delong Steel Co Ltd,DELONG Steel Ltd,British Asia Pan Ruogen International Co Ltd [100.0%],China,Asia Pacific,CHN,37.086116,114.384832,26.0,3000.0,1,BF; BOF,676290293.567939,66640415292.63745,30,37.125,114.375,4.410747317991597
P100000120227,Dongbei Special Steel Group Dalian Special Steel Co Ltd,Dongbei Special Steel Group Dalian Special Steel Co Ltd,Ningbo Meishan Free Trade Port Jincheng Shazhou Equity Investment Co Ltd [42.8%]; Wuhu Yinsheng Special Steel Investment Management Partnership LP [31.4%]; unknown [15.9%]; Bengang Steel Plates Co Ltd [9.9%],China,Asia Pacific,CHN,39.193697,122.057788,57.0,2695.0,1,BF; BOF; EAF,278283618.2820494,14378633962.089565,20,39.20833333,122.04166667,2.1397357008287123
P100001063403,Dongyuan Dongnan Industrial Co Ltd,Dongyuan Dongnan Industrial Co Ltd,Dongyuan Dongnan Industrial Co Ltd [100.0%],China,Asia Pacific,CHN,24.038397,114.873435,16.89,720.0,1,EAF,24627219.044078365,930340871.9499532,23,24.04166667,114.875,0.3967889769518909
P100000120534,Electrosteel Bokaro steel plant,ESL Steel Ltd,Vedanta Ltd [95.5%]; small shareholder(s) [4.5%],India,Asia Pacific,IND,23.632907,86.293671,20.0,1500.0,1,BF; BOF; Steel other/unspecified,1365011682.389793,43723661303.1137,23,23.625,86.29166667,0.9026178093341857
P100000121207,Electrosteel Castings Srikalahasthi steel plant,Electrosteel Castings Ltd,Electrosteel Castings Ltd [100.0%],India,Asia Pacific,IND,13.717188,79.630588,32.0,0.0,2,BF; IF,142335900.08133274,3124759745.7270765,22,13.70833333,79.625,1.1549106606207644
P100000121195,Evonith Metallics Wardha steel plant,Evonith Metallics Ltd,Nithia Capital Resources Advisors LLP [55.7%]; AB CarVal Investors LP [44.3%],India,Asia Pacific,IND,20.704605,78.620293,32.0,0.0,1,BF; BOF,428413959.05805874,1404506450.6247082,22,20.70833333,78.625,0.6415328659726658
P100000121236,Evonith Value Steel Wardha steel plant,Evonith Metallics Ltd,Nithia Capital Resources Advisors LLP [55.7%]; AB CarVal Investors LP [44.3%],India,Asia Pacific,IND,20.696412,78.638548,56.0,1080.0,1,EAF,428413959.05805874,1496644980.6383405,23,20.70833333,78.625,1.9346922746733002
P100000120177,Ezhou Hongtai Steel Co Ltd,Ezhou Hongtai Steel Co Ltd,Hubei Jinshenglan Metallurgical Technology Co Ltd [62.6%]; Yuncheng Investment (Fujian) Co Ltd [9.1%]; Fujian Yongxinqi Investment Co Ltd [6.8%]; Fujian Taisong Investment Co Ltd [4.9%]; Fujian Jinkun Investment Co Ltd [4.2%]; Fuzhou Deyu Investment Co Ltd [3.6%]; Fujian Qikun Investment Co Ltd [2.5%]; Fujian Hongyao Investment Co Ltd [2.4%]; Fujian Shunle Investment Co Ltd [1.9%]; unknown [1.9%],China,Asia Pacific,CHN,30.532352,114.747597,22.75,,0,EAF,1723280956.9704273,50338083287.13734,26,30.54166667,114.70833333,3.9004115390913414
P100000120371,Fangchenggang Jinxi Steel Technology Co Ltd,Fangchenggang Jinxi Steel Technology Co Ltd,Qian'an City Jiujiang Wire Co Ltd [100.0%],China,Asia Pacific,CHN,21.646525,108.369582,,,0,BF; BOF,954514098.9683073,2871373789.8433514,10,21.70833333,108.375,6.895546775859627
P100000120211,Fangda Special Steel Technology Co Ltd,Fangda Special Steel Technology Co Ltd,Fangda Special Steel Technology Co Ltd [100.0%],China,Asia Pacific,CHN,28.645441,115.99204,67.55,2800.0,1,BF; BOF,30850521591.191532,287519023382.4145,26,28.625,115.95833333,3.9984567293338507
P100001063598,Fengshun Changsheng Special Steel Casting Co Ltd Qingyuan Branch,Fengshun Changsheng Precision Steel Casting Co Ltd,Fengshun Changsheng Precision Steel Casting Co Ltd [100.0%],China,Asia Pacific,CHN,23.507015,112.953822,17.0,620.0,1,EAF,1746497357.0257854,54416334496.484634,24,23.54166667,112.95833333,3.8804502251876243
P100001063602,Fengshun County Agricultural Machinery Continuous Casting Co,Fengshun County Agricultural Machinery Continuous Casting Co,Fengshun County Agricultural Machinery Continuous Casting Co [100.0%],China,Asia Pacific,CHN,23.748318,116.13985,22.85,720.0,1,EAF,453215982.2079722,18595122169.250225,26,23.70833333,116.125,4.696051387422843
P100001063619,Fengshun County Dongfang Metal Continuous Casting Co Ltd,Fengshun County Dongfang Metal Casting Co Ltd,Fengshun County Dongfang Metal Casting Co Ltd [100.0%],China,Asia Pacific,CHN,23.749104,116.138262,22.6,930.0,1,EAF,453215982.2079722,18595122169.250225,26,23.70833333,116.125,4.730233501820594
P100001063490,Fengshun County Hongbao Industrial Co Ltd,Fengshun County Hongbao Industrial Co Ltd,Fengshun County Hongbao Industrial Co Ltd [100.0%],China,Asia Pacific,CHN,23.720136,115.949449,32.93,720.0,1,EAF,1404595.2279711333,2966919509.507821,24,23.70833333,115.95833333,1.5938859546678927
P100001063483,Fengshun Yongshun Continuous Casting Plant,Fengshun Yongshun Continuous Casting Plant,Fengshun Yongshun Continuous Casting Plant [100.0%],China,Asia Pacific,CHN,23.747173,116.126241,19.27,720.0,1,EAF,453215982.2079722,18975260557.072334,25,23.70833333,116.125,4.320627434360645
P100001062842,"Fogang Dawei Special Steel Co., Ltd.",Fogang Dawei Special Steel Co Ltd,Fogang Dawei Special Steel Co Ltd [100.0%],China,Asia Pacific,CHN,23.893972,113.500829,14.29,575.0,1,EAF,794462578.72561,3471012556.4293585,26,23.875,113.54166667,4.657266511682017
P100000120345,Fujian Dadonghai Industrial Group Co Ltd plant,Fujian Great Dong Hai Industrial Group Co Ltd,Fujian Great Dong Hai Industrial Group Co Ltd [100.0%],China,Asia Pacific,CHN,25.737777,119.592239,8.0,5128.0,1,BF; BOF,548350467.9412751,33788256338.78718,11,25.70833333,119.54166667,6.031972102483921
P100000120314,Fujian Dingsheng Iron and Steel Co Ltd,Fujian Dingsheng Steel Co Ltd,Fujian Dingsheng Steel Co Ltd [100.0%],China,Asia Pacific,CHN,27.224477,120.328828,8.0,1726.0,1,EAF; BF; BOF,65973740.548705816,4145571679.748354,16,27.20833333,120.29166667,4.089688354463403
P100000121065,Fujian Dingxin Industrial Co Ltd,Fujian Dingxin Industry Co Ltd,Shanghai Decent Investment (Group) Co Ltd [36.4%]; unknown [20.4%]; TSINGSHAN Holding Group Co Ltd [19.8%]; Zhejiang Qingshan Business Management Co Ltd [15.6%]; DELIXI Group Limited Co [7.8%],China,Asia Pacific,CHN,26.7695,119.738519,18.0,600.0,1,EAF,11794218.386546498,3897674158.2296243,16,26.70833333,119.70833333,7.432693825311974
P100000120416,Fujian Fuhua New Materials Group Co Ltd,Mindong Saiqi Economic Development Zone Fuhua Steel Rolling Co Ltd,Mindong Saiqi Economic Development Zone Fuhua Steel Rolling Co Ltd [100.0%],China,Asia Pacific,CHN,26.961516,119.654272,27.0,500.0,1,EAF,283759824.5657374,4080472207.121709,24,26.95833333,119.625,2.922677352287121
P100000121066,Fujian Fuxin Special Steel Co Ltd,Fujian Fuxin Special Steel Co Ltd,Tianlong Investment Co Ltd [58.3%]; Huayang Investment (Hong Kong) Ltd [41.6%],China,Asia Pacific,CHN,24.472439,117.94885,19.0,720.0,1,EAF,17250077612.688942,185209231508.9667,18,24.54166667,117.95833333,7.757344928178422
P100001064195,Fujian Hongfeng Industrial Group Co Ltd,Fujian Hongfeng Industrial Group Co Ltd,Fujian Hongfeng Industrial Group Co Ltd [100.0%],China,Asia Pacific,CHN,26.868423,117.776369,26.5,1000.0,1,EAF,29883675.310433295,547944854.753244,25,26.875,117.79166667,1.6843976436587653
P100000120413,Fujian Longgang New Materials Co Ltd,Fujian Longgang New Materials Co Ltd,Fujian Longgang New Materials Co Ltd [100.0%],China,Asia Pacific,CHN,25.357408,117.362096,,1210.0,1,BF; BOF,81212030.76822813,1035949679.3292078,25,25.375,117.375,2.3468004553806296
P100000120080,Fujian Luoyuan Minguang Iron and Steel Co Ltd,Fujian Luoyuan Minguang Iron & Steel Co Ltd,Fujian Metallurgical Holding Co Ltd [53.4%]; unknown [46.6%],China,Asia Pacific,CHN,26.483815,119.67105,12.0,2650.0,1,BF; BOF,53661889.35483706,5418403103.357185,18,26.45833333,119.70833333,4.669100550024768
P100000120392,Fujian Qingtuo New Material Co Ltd,Fujian Qingtuo New Material Co Ltd,Shanghai Decent Investment (Group) Co Ltd [51.6%]; unknown [23.1%]; TSINGSHAN Holding Group Co Ltd [19.7%]; Zhejiang Qingshan Business Management Co Ltd [5.6%],China,Asia Pacific,CHN,26.779301,119.767935,3.0,958.0,1,EAF,11794218.386546498,3897674158.2296243,16,26.70833333,119.70833333,9.864081167861825
P100000120077,Fujian Quanzhou Minguang Iron and Steel Co Ltd,Fujian San'an Iron & Steel Co Ltd,Fujian Metallurgical Holding Co Ltd [53.4%]; unknown [46.6%],China,Asia Pacific,CHN,25.244396,118.029905,25.0,2300.0,1,BF; BOF,1080493062.2097301,9718651806.530079,27,25.20833333,118.04166667,4.180883498444987
P100000120078,Fujian Sanbao Steel Co Ltd,Fujian Sanbao Steel Co Ltd,Sanbao Group Co Ltd [100.0%],China,Asia Pacific,CHN,24.635769,117.603677,27.0,6196.0,1,BF; BOF; EAF,1437201755.3926136,56119285310.91528,25,24.625,117.625,2.4655973857147973
P100000120081,Fujian Tsingtuo Nickel Industry Co Ltd,Fujian Tsingtuo Nickel Industry Co Ltd,Shanghai Decent Investment (Group) Co Ltd [34.7%]; TSINGSHAN Holding Group Co Ltd [30.5%]; unknown [26.1%]; Zhejiang Qingshan Business Management Co Ltd [8.7%],China,Asia Pacific,CHN,26.768925,119.765203,15.0,3000.0,1,BF; EAF,11794218.386546498,3604288971.2299767,15,26.70833333,119.70833333,8.791320599168099
P100000121064,Fujian Wuhang Stainless Steel Products Co Ltd,Fujian Wuhang Stainless Steel Products Co Ltd,Fujian Wugang Group Co Ltd [38.2%]; Fujian Kaihang Stainless Steel Products Co Ltd [36.8%]; Tianwei Co Ltd [25.0%],China,Asia Pacific,CHN,25.95923,119.452018,33.0,2000.0,1,EAF,6512786661.363352,121317464955.75764,19,25.95833333,119.45833333,0.6392087145285315
P100000120079,Fujian Yixin Steel Co Ltd,Fujian Yixin Steel & Iron Co Ltd,"natural person(s) [38.4%]; unknown [23.2%]; Thailand Huihua Industrial Co Ltd [20.7%]; Labor Union Committee of Xiaojiao Rolling Mill of Sanming Iron and Steel Works, Fujian Province [17.7%]",China,Asia Pacific,CHN,26.491308,119.63624,20.0,1360.0,1,BF; BOF,136966250.464103,5593875427.628956,18,26.54166667,119.625,5.710223383585051
P100000120351,Fushun Hanking Direct Reduced Iron Co Ltd,Fushun HANWANG Direct Reduced Iron Co Ltd,Tuchuan Capital Co Ltd [99.0%]; unknown [1.0%],China,Asia Pacific,CHN,41.670998,123.85143,23.5,0.0,1,BF,26636182.46122891,63997417266.03787,31,41.70833333,123.875,4.589711045764465
P100000120226,Fushun New Steel Co Ltd,Fushun New Steel Corp Ltd,Beijing Jianlong Investment Co Ltd [63.2%]; Fushun State-Owned Assets Management Co Ltd [29.3%]; unknown [7.5%],China,Asia Pacific,CHN,41.841223,123.753895,20.36,2700.0,2,BOF; BF; Iron other/unspecified,8540543698.927486,147904763037.43344,33,41.875,123.79166667,4.887922893400267
P100000120228,Fushun Special Steel Co Ltd,Fushun Special Steel Co Ltd,Fushun Special Steel Co Ltd [100.0%],China,Asia Pacific,CHN,41.838774,123.806586,89.0,999.0,1,EAF,8540543698.927486,92433376200.71225,31,41.875,123.79166667,4.213402059119335
P100000120358,Fuzhou Wuhang Steel Products Co Ltd,Fuzhou Wuhang Steel Products Co Ltd,natural person(s) [66.2%]; Fujian Wugang Group Co Ltd [33.8%],China,Asia Pacific,CHN,25.995101,119.495725,5.0,2000.0,1,EAF,6512786661.363352,122602138013.36754,18,25.95833333,119.45833333,5.539442802250376
P100001045317,Gallantt Ispat Gorakhpur steel plant,Gallantt Ispat Ltd,Gallantt Ispat Ltd [100.0%],India,Asia Pacific,IND,26.757009,83.199086,32.0,528.0,1,DRI; IF,881769082.2374166,22021940702.830807,26,26.79166667,83.20833333,3.9615953107402935
P100000120082,Gansu Jiu Steel Group Hongxing Iron and Steel Co Ltd,Gansu Jiu Steel Group Hongxing Iron and Steel Co Ltd,Gansu Jiu Steel Group Hongxing Iron and Steel Co Ltd [100.0%],China,Asia Pacific,CHN,39.812121,98.295555,27.0,7650.0,1,BF; BOF; EAF,7871975322.062651,18033979039.417233,29,39.79166667,98.29166667,2.298548690284478
P100000121216,Godawari Power and Ispat Sarora steel plant,Godawari Power and Ispat Ltd,Godawari Power and Ispat Ltd [100.0%],India,Asia Pacific,IND,21.565032,81.739447,,,0,BF; BOF,163771660.80845988,8372464437.685884,24,21.54166667,81.70833333,4.135725786806237
P100000120557,Godawari Power and Ispat Siltara steel plant,Godawari Power and Ispat Ltd,Godawari Power and Ispat Ltd [100.0%],India,Asia Pacific,IND,21.376214,81.681888,25.0,659.0,1,BF; DRI; IF,1676028759.8407507,20895565574.58556,26,21.375,81.70833333,2.741635828231642
P100000120676,Godo Steel Funabashi Works,Godo Steel Ltd,Godo Steel Ltd [100.0%],Japan,Asia Pacific,JPN,35.697541,139.964104,51.0,700.0,1,EAF,191396112118.6579,3812995185567.159,23,35.70833333,139.95833333,1.3082981701612053
P100000120675,Godo Steel Himeji Works,Godo Steel Ltd,Godo Steel Ltd [100.0%],Japan,Asia Pacific,JPN,34.783057,134.669411,48.0,500.0,1,EAF,12333371034.581137,143476292065.90747,17,34.79166667,134.70833333,3.681124323552007
P100000120674,Godo Steel Osaka Works,Godo Steel Ltd,Godo Steel Ltd [100.0%],Japan,Asia Pacific,JPN,34.693045,135.428537,89.0,500.0,1,EAF,324278211589.9782,3134190068942.308,22,34.70833333,135.45833333,3.21086247750307
P100001063538,Guangdong Daxing Iron & Steel Industrial Co Ltd,Guangdong Daxing Iron & Steel Industrial Co Ltd,Guangdong Daxing Iron & Steel Industrial Co Ltd [100.0%],China,Asia Pacific,CHN,23.529158,116.329247,26.52,720.0,1,EAF,13690835436.783312,164436051331.8476,26,23.54166667,116.29166667,4.075804656237947
P100001063264,Guangdong Fogang Jincheng Metal Products Co Ltd,Guangdong Fogang Jincheng Metal Products Co Ltd,Guangdong Fogang Jincheng Metal Products Co Ltd [100.0%],China,Asia Pacific,CHN,23.741965,113.502168,21.98,500.0,1,EAF,92889374.35438424,12746624223.972597,25,23.70833333,113.54166667,5.491134215375026
P100000120087,Guangdong Guangqing Metal Technology Co Ltd,Guangdong Guangqing METAL Technology Co Ltd,Guangdong Guangxin Holdings Group Ltd [48.9%]; Shanghai Decent Investment (Group) Co Ltd [17.0%]; unknown [16.9%]; TSINGSHAN Holding Group Co Ltd [13.4%]; Zhejiang Qingshan Business Management Co Ltd [3.8%],China,Asia Pacific,CHN,21.697069,111.848841,16.0,2040.0,1,EAF,546325381.749661,8965655529.844511,13,21.625,111.875,8.457408835078876
P100001063170,Guangdong Guixin Steel Co Ltd,Guangdong Guixin Steel Co Ltd,Guangdong Guixin Steel Co Ltd [100.0%],China,Asia Pacific,CHN,23.517109,113.106865,22.0,630.0,1,EAF,1383225148.037752,116532803968.18135,25,23.54166667,113.125,3.2977207224028207
P100001062833,"Guangdong Guoxin Industrial Co., Ltd.",Guangdong Guoxin Industrial Co Ltd,Guangdong Guoxin Industrial Co Ltd [100.0%],China,Asia Pacific,CHN,23.407415,116.570818,24.0,2500.0,1,BF; BOF,4977101905.5661955,385244145928.6803,26,23.45833333,116.54166667,6.395490892257269
P100001063522,Guangdong Hongde Steel Group Co Ltd,Guangdong Hongde Steel Group Co Ltd,Guangdong Hongde Steel Group Co Ltd [100.0%],China,Asia Pacific,CHN,24.672351,113.535574,24.0,860.0,1,EAF,2371893017.6045723,29398577246.00148,25,24.70833333,113.54166667,4.048129716971541
P100000120362,Guangdong Jingye Iron and Steel Co Ltd,Guangdong Jingye Iron and Steel Co Ltd,Jingye Group Co Ltd [100.0%],China,Asia Pacific,CHN,23.454666,116.498483,6.0,2000.0,1,BF; BOF,7797595936.055308,345789484427.8733,25,23.45833333,116.45833333,4.115766985069929
P100000120319,Guangdong Jinshenglan Metallurgical Technology Co Ltd,Guangdong Jinshenglan Metallurgical Technology Co Ltd,Fujian Lanming Investment Partnership LP [25.2%]; unknown [14.9%]; natural person(s) [13.9%]; Fujian Lanrui Investment Partnership LP [12.5%]; Fujian Qikun Investment Co Ltd [5.8%]; Fujian Zhongyi Investment Co Ltd [5.0%]; Fujian Taisong Investment Co Ltd [3.3%]; Fujian Qinghe Investment Co Ltd [1.9%]; Fujian Jinkun Investment Co Ltd [1.8%]; Fuzhou Deyu Investment Co Ltd [1.8%]; Fujian Shunle Investment Co Ltd [1.8%]; Fujian Yuheng Investment Co Ltd [1.8%]; Fuzhou Minqiu Trading Co Ltd [1.7%]; Fenghe Investment (Fujian) Co Ltd [1.4%]; Fujian Jingyuan Investment Co Ltd [1.4%]; Fujian Junao Investment Co Ltd [1.4%]; Fujian Yongxinqi Investment Co Ltd [1.4%]; Yuncheng Investment (Fujian) Co Ltd [1.4%]; Pingtan Shengxin Investment Partnership LP [1.4%],China,Asia Pacific,CHN,22.888729,112.263081,5.0,3600.0,1,EAF,288572450.6037076,17537360291.947075,25,22.875,112.29166667,3.3024789016556584
P100000120380,Guangdong Nanfang Donghai Iron and Steel Co Ltd,Guangdong Nanfang Donghai Iron and Steel Co Ltd,Tangshan Donghai Iron and Steel Group Co Ltd [70.0%]; natural person(s) [30.0%],China,Asia Pacific,CHN,22.907614,112.224952,3.0,2400.0,1,EAF,194781090.93254027,18466041820.838684,26,22.875,112.20833333,4.006210314992766
P100001063276,Guangdong Shengye Steel Co Ltd,Guangdong Shengye Steel Co Ltd,Guangdong Shengye Steel Co Ltd [100.0%],China,Asia Pacific,CHN,24.008564,114.797328,21.97,920.0,1,EAF,106278554.73135719,1531296659.3671398,24,24.04166667,114.79166667,3.725491029509368
P100001063591,Guangdong Shiji Qingshan Nickel Industry Co Ltd,Guangdong Shiji Qingshan Nickel Industry Co Ltd,Guangdong Shiji Qingshan Nickel Industry Co Ltd [100.0%],China,Asia Pacific,CHN,21.687053,111.848893,14.81,900.0,1,EAF,546325381.749661,8937090589.579496,12,21.625,111.875,7.4087382772479815
P100001063532,Guangdong Taidu Iron & Steel Co Ltd,Guangdong Taidu Iron & Steel Co Ltd,Guangdong Taidu Iron & Steel Co Ltd [100.0%],China,Asia Pacific,CHN,23.504558,112.962693,22.0,1020.0,1,EAF,1746497357.0257854,54416334496.484634,24,23.54166667,112.95833333,4.150172840750248
P100001063263,"Guangdong Taiye Hongda Steel Co., Ltd.",Guangdong Taiye Hongda Steel Co Ltd,Guangdong Taiye Hongda Steel Co Ltd [100.0%],China,Asia Pacific,CHN,23.54332928798603,112.9908240744354,13.79,920.0,1,EAF,1746497357.0257854,70709810799.84492,26,23.54166667,112.95833333,3.3172508796239257
P100000120361,GuangDong Xinxing Ductile Iron Pipes Co Ltd,GuangDong Xinxing Ductile Iron Pipes Co Ltd,Xinxing Ductile Iron Pipes Co Ltd [100.0%],China,Asia Pacific,CHN,22.09914,111.665479,11.0,0.0,1,BF,126961940.125218,3327734091.422327,25,22.125,111.625,5.065323809801104
P100000121044,Guangdong Yuebei United Steel Co Ltd,Guangdong Yuebei United Steel Co Ltd,Jingye Group Co Ltd [100.0%],China,Asia Pacific,CHN,24.262452,113.728198,16.0,2055.0,1,BF; BOF; EAF,114780320.39245096,1125333997.9230347,26,24.29166667,113.70833333,3.8219359916556237
P100001063322,Guangdong Yuedong Steel Co Ltd,Guangdong Yuedong Steel Co Ltd,Guangdong Yuedong Steel Co Ltd [100.0%],China,Asia Pacific,CHN,23.711585,114.689761,32.14,720.0,1,EAF,10381673523.067602,22746324411.70807,24,23.70833333,114.70833333,1.9250975290232726
P100001062853,Guangdong Yuehua Iron & Steel Group Co Ltd,Guangdong Yuehua Iron & Steel Group Co Ltd,Guangdong Yuehua Iron & Steel Group Co Ltd [100.0%],China,Asia Pacific,CHN,24.275783,113.388896,21.81,520.0,1,EAF,386008960.44992363,5328433569.140667,24,24.29166667,113.375,2.2590144171197153
P100001063509,Guangdong Yueshao Iron & Steel Co Ltd,Guangdong Yueshao Iron & Steel Co Ltd,Guangdong Yueshao Iron & Steel Co Ltd [100.0%],China,Asia Pacific,CHN,24.688355,113.657408,12.48,500.0,1,EAF,2904267538.2436757,29193323470.92022,26,24.70833333,113.625,3.9564875270939215
P100001063495,Guangdong Zhanhong Steel Plant,Guangdong Zhanhong Steel Plant,Guangdong Zhanhong Steel Plant [100.0%],China,Asia Pacific,CHN,23.037858,114.970593,23.0,500.0,1,EAF,33770610.58382256,3399610467.613826,24,23.04166667,114.95833333,1.3240343579752276
P100000120084,Guangdong Zhongnan Iron & Steel Co Ltd,SGIS Songshan Co Ltd,SGIS Songshan Co Ltd [100.0%],China,Asia Pacific,CHN,24.708232,113.635898,29.0,8698.0,1,BF; BOF; EAF,2904267538.2436757,29190692279.23758,24,24.70833333,113.625,1.100918276266303
P100000121071,Guangshui Huaxin Metallurgical Industry Co Ltd,Guangshui Huaxin Smelt Industry Co Ltd,Fujian Shangkun Investment Co Ltd [62.5%]; Fujian Kangye Investment Co Ltd [37.5%],China,Asia Pacific,CHN,31.50221,114.008142,18.0,869.0,1,BF; EAF,39099648.249599755,2510913507.983334,28,31.54166667,114.04166667,5.417286600806448
P100000120093,Guangxi Beigang New Material Co Ltd,Guangxi BG New Materials Co Ltd,Guangxi Beibu Gulf International Port Group Co Ltd [100.0%],China,Asia Pacific,CHN,21.519924,109.506427,17.0,3400.0,1,BF; EAF,490660026.3866026,1644528946.308654,14,21.54166667,109.54166667,4.373961975486159
P100000120370,Guangxi Chiji Iron and Steel Co Ltd,Guangxi Chiji Iron and Steel Co Ltd,Qian'an City Jiujiang Wire Co Ltd [100.0%],China,Asia Pacific,CHN,23.402121,111.134606,7.0,4800.0,1,BF; BOF; Iron other/unspecified,105313275.99139243,17527437342.038837,25,23.375,111.125,3.171074424725864
P100000120398,Guangxi Deyuan Metallurgy Co Ltd (Nayangdaqiao),Guangxi Deyuan Metallurgy Co Ltd,Fujian Yongjianguo Investment Development Co Ltd [50.0%]; natural person(s) [35.0%]; Guangxi Changheng Investment Co Ltd [15.0%],China,Asia Pacific,CHN,22.712996,109.33725,36.0,1600.0,1,EAF,277340105.397218,3308487119.423714,26,22.70833333,109.375,3.906713500548398
P100000121140,Guangxi Deyuan Metallurgy Co Ltd (Yujiangbian),Guangxi Deyuan Metallurgy Co Ltd,Fujian Yongjianguo Investment Development Co Ltd [50.0%]; natural person(s) [35.0%]; Guangxi Changheng Investment Co Ltd [15.0%],China,Asia Pacific,CHN,22.85831,108.90109,,,0,EAF,266302664.99618664,792822783.0295267,25,22.875,108.875,3.2541615494195217
P100000120395,Guangxi Guifeng Special Steel Co Ltd,Guangxi Longzhou Zhongheng Wanhua Industrial Co Ltd,Guangxi Longzhou Yishuo Investment Management Co Ltd [100.0%],China,Asia Pacific,CHN,23.987136,111.914197,24.0,1725.0,1,EAF,17341547.352170102,1401279019.1171052,25,23.95833333,111.875,5.110580800967066
P100000120095,Guangxi Guigang Iron and Steel Group Co Ltd,Guangxi Guigang Iron and Steel Group Co Ltd,natural person(s) [44.0%]; Guigang Helong Investment Partnership LP [41.8%]; Guigang Herun Investment Partnership LP [12.5%]; unknown [1.7%],China,Asia Pacific,CHN,23.088182,109.634638,23.0,1400.0,2,BOF; BF,6503602261.824279,14448502391.134487,26,23.125,109.625,4.2109767437249035
P100000120363,Guangxi Guigang Iron and Steel Group Guigang Guibao Special Steel Co Ltd,Guangxi Guigang Iron and Steel Group Guigang Guibao SPECIAL Steel Co Ltd,Guangxi Guigang Iron and Steel Group Co Ltd [44.0%]; Guigang Helong Investment Partnership LP [41.8%]; Guigang Herun Investment Partnership LP [12.5%]; unknown [1.7%],China,Asia Pacific,CHN,23.089502,109.63938,8.0,1200.0,1,EAF,6503602261.824279,14468067641.863953,27,23.125,109.625,4.212288487047098
P100000120368,Guangxi Guixin Iron and Steel Group Co Ltd,Guangxi Guixin Steel Group Co Ltd,Guangxi Guixin Steel Group Co Ltd [100.0%],China,Asia Pacific,CHN,23.978962,111.735523,33.0,6050.0,1,BF; BOF; EAF,90031801.82740928,476301192.8009216,24,23.95833333,111.70833333,3.5907892240494768
P100000120394,Guangxi Guixin Iron and Steel Intelligent Manufacturing Co Ltd,Hezhou Zhaoxin Hardware Products Co Ltd,Hezhou Zhaoxin Hardware Products Co Ltd [100.0%],China,Asia Pacific,CHN,23.978567,111.735529,26.0,750.0,1,EAF,90031801.82740928,476301192.8009216,24,23.95833333,111.70833333,3.563367957928465
P100000120397,Guangxi Hezhou Kexinda Metal Products Co Ltd,Guangxi Hezhou Kexinda Metal Products Co Ltd,Guangxi Hezhou Kexinda Metal Products Co Ltd [100.0%],China,Asia Pacific,CHN,23.979937,111.745037,22.0,1150.0,1,EAF,90031801.82740928,508303102.5636294,26,23.95833333,111.70833333,4.436042762157441
P100000120396,Guangxi Hezhou Pengda New Materials Co Ltd,Hezhou Xindu Sanyuan Casting Co Ltd,Hezhou Xindu Sanyuan Casting Co Ltd [100.0%],China,Asia Pacific,CHN,23.987007,111.739775,10.0,780.0,1,EAF,90031801.82740928,477788284.15544564,25,23.95833333,111.70833333,4.513428725833168
P100000120306,Guangxi Iron and Steel Group Co Ltd Fangchenggang Iron & Steel Base,Guangxi Iron and Steel Group Co Ltd,Liuzhou IRON&STEEL Co Ltd [45.8%]; Guangxi Liuzhou Iron and Steel Group Co Ltd [45.6%]; China Baowu Steel Group Co Ltd [8.6%],China,Asia Pacific,CHN,21.580723,108.400896,6.0,8400.0,1,BF; BOF,226557645.65927386,2703849417.2216682,8,21.625,108.45833333,7.713696542387565
P100000120374,Guangxi Liugang Zhongjin Stainless Steel Co Ltd,Guangxi Liugang Zhongjin Stainless Steel Co Ltd,Guangxi Liuzhou Iron and Steel Group Co Ltd [100.0%],China,Asia Pacific,CHN,21.67261,109.741866,13.0,0.0,2,BF; Steel other/unspecified; Iron other/unspecified,221366537.43015066,1530635759.3190029,19,21.70833333,109.70833333,5.270927704301066
P100000120393,Guangxi Longzhou Zhongheng Wanhua Industrial Co Ltd,Guangxi Longzhou Zhongheng Wanhua Industrial Co Ltd,Guangxi Longzhou Yishuo Investment Management Co Ltd [100.0%],China,Asia Pacific,CHN,22.326361,106.94616,11.0,0.0,1,BF,12209976.102895368,1037087516.5158082,25,22.29166667,106.95833333,4.056003750462065
P100000120094,Guangxi Shenglong Metallurgical Co Ltd,Guangxi Shenglong Metallurgical Co Ltd,Guangxi Shenglong Metallurgical Co Ltd [100.0%],China,Asia Pacific,CHN,21.687637,108.412344,23.0,9783.0,1,BF; BOF,954514098.9683073,3098704254.237641,13,21.70833333,108.375,4.492460288286099
P100000120369,Guangxi Wuzhou Jinhai Stainless Steel Co Ltd,Guangxi Wuzhou Jinhai Stainless Steel Co Ltd,Guangdong Jinhai Brilliant Group Co Ltd [100.0%],China,Asia Pacific,CHN,23.518229,111.235509,16.0,1500.0,1,EAF,607979569.3111423,17160960324.747433,24,23.54166667,111.20833333,3.8036749528046303
P100000120367,Guilin Pinggang Iron and Steel Co Ltd,Guilin Pinggang Iron and Steel Co Ltd,Guangxi Xingui Steel Group Co Ltd [65.0%]; natural person(s) [35.0%],China,Asia Pacific,CHN,24.673567,110.78959,29.0,1200.0,1,EAF,33714093.6953855,948243686.0750386,24,24.70833333,110.79166667,3.8715338156030166
P100000120098,Guizhou Ganglian Industrial Group Co Ltd,Guizhou Ganglian Industrial Group Co Ltd,Guizhou Ganglian Industrial Group Co Ltd [100.0%],China,Asia Pacific,CHN,27.615147,106.949926,12.0,1325.0,1,EAF,3047624310.877063,43134590411.06217,24,27.625,106.95833333,1.3734856544533094
P100000120364,Guizhou Hexing Steel Co Ltd,Guizhou Hexing Metal Products Co Ltd,natural person(s) [65.0%]; Guizhou Mindong Economic and Trade Co Ltd [35.0%],China,Asia Pacific,CHN,26.509525,107.570458,14.0,500.0,1,EAF,30310794.301979743,3455499460.19621,27,26.54166667,107.54166667,4.5802330548154355
P100000120360,Guizhou Juxin Iron and Steel Group Co Ltd,Qianxinan Prefecture Juxin Industry & Trade General Co,Qianxinan Prefecture Juxin Industry & Trade General Co [100.0%],China,Asia Pacific,CHN,25.150857,105.041722,33.0,490.0,1,EAF,259782939.28469855,12506479309.22539,24,25.125,105.04166667,2.8751765843526043
P100000120097,Guizhou United Iron and Steel Group Co Ltd,Guizhou United Steel (Group) Co Ltd,Guiyang Changle Iron and Steel Co Ltd [33.3%]; Qianxinan Prefecture Juxin Industry & Trade General Co [33.3%]; Zunyi County Fuxin Iron & Steel Product Co Ltd [33.3%],China,Asia Pacific,CHN,27.591691,106.814024,12.0,1990.0,1,EAF,288427354.33009654,39984761441.50749,27,27.625,106.79166667,4.309423281487118
P100001063796,Haicheng Hengsheng Casting Co Ltd,Haicheng Hengsheng Casting Co Ltd,Haicheng Hengsheng Casting Co Ltd [100.0%],China,Asia Pacific,CHN,41.057478,122.8328,26.0,760.0,1,BF; BOF,722648668.565372,141071950262.50342,30,41.04166667,122.79166667,3.8715386138083576
P100000120102,Handan Iron and Steel Group Co Ltd,Handan Iron and Steel Group Co Ltd,HBIS Group Co Ltd [100.0%],China,Asia Pacific,CHN,36.601308,114.439889,64.91,,0,BF; BOF,34430628965.986046,127456840399.39049,29,36.625,114.45833333,3.1064969748085214
P100000120326,Handan Steel Group Handan Bao Steel Co Ltd,Hanshan Iron and Steel Co Ltd,HBIS Group Co Ltd [100.0%],China,Asia Pacific,CHN,36.685881,113.837073,4.0,4488.0,1,BF; BOF,296202759.7826058,6090170495.254465,28,36.70833333,113.875,4.203233756072905
P100000120334,Hangda Steel Co Ltd,Dazhou Hangda Steel Co Ltd,Dazhou Hangda Steel Co Ltd [100.0%],China,Asia Pacific,CHN,31.435149,107.685981,22.31,1000.0,1,EAF,49607605.43538932,1825142576.014901,26,31.45833333,107.70833333,3.337988448269559
P100000120315,Hbis Laoting Steel Co Ltd,HBIS Laoting Steel Co Ltd,HBIS Co Ltd [69.1%]; HBIS Group Co Ltd [7.7%]; Hebei Province Jicai Lndustryl Equity Lnvestment Fund Co Ltd [7.0%]; China Everbright Group Ltd [6.5%]; Gansu Provincial State-owned Assets Investment Group Co Ltd [3.0%]; Tangshan City Development Group Co Ltd [2.9%]; Gansu Financial Holding Group Co Ltd [2.0%]; unknown [0.9%]; Gansu Highway Aviation Tourism Investment Group Co Ltd [0.8%],China,Asia Pacific,CHN,39.257823,119.033567,6.0,7450.0,1,BF; BOF; EAF,658638310.9064554,4478050340.044113,17,39.29166667,119.04166667,3.82728925286032
P100000121045,Hebei Anfeng Iron and Steel Co Ltd,Hebei Anfeng Iron & Steel Co Ltd,Hebei Anfeng Iron & Steel Co Ltd [100.0%],China,Asia Pacific,CHN,39.65849,118.894804,24.0,7100.0,1,BF; BOF,301142693.52749974,17169324513.485844,31,39.625,118.875,4.09183374037312
P100000120135,Hebei Baoxin Iron and Steel Group Co Ltd,Hebei Baoxin Iron and Steel Group Co Ltd,Hebei Baoxin Iron and Steel Group Co Ltd [100.0%],China,Asia Pacific,CHN,36.555205,114.108273,19.0,,0,BF; BOF,1340340843.3454995,30115898352.913723,28,36.54166667,114.125,2.121053370247691
P100000121249,Hebei Bishi Inner Mongolia iron and steel plant,Inner Mongolia (Naiman) Jingan Non-ferrous Metal Materials Co Ltd,Inner Mongolia (Naiman) Jingan Non-ferrous Metal Materials Co Ltd [100.0%],China,Asia Pacific,CHN,43.696186,122.219433,,,0,DRI; EAF,755333747.2342982,32032998550.44625,31,43.70833333,122.20833333,1.6188282547269688
P100000120119,Hebei Donghai Special Steel Co Ltd,Hebei Donghai SPECIAL Steel Group Co Ltd,Hebei Donghai SPECIAL Steel Group Co Ltd [100.0%],China,Asia Pacific,CHN,39.610605,118.474722,17.0,10001.0,1,BF; BOF,1222250055.6719754,75657011830.70213,29,39.625,118.45833333,2.129008407743002
P100001064139,Hebei Guanfeng Metallurgical Industry Co Ltd,Hebei Guanfeng Metallurgical Industry Co Ltd,Hebei Guanfeng Metallurgical Industry Co Ltd [100.0%],China,Asia Pacific,CHN,36.73422,114.111085,18.93,0.0,1,BF,2791499561.2492723,23798191958.66988,29,36.70833333,114.125,3.134287148110046
P100000120151,Hebei Huaxi Iron and Steel Co Ltd,Luannan Huarui Steel Co Ltd,Wuxi Zhongbang Equity Investment Partnership LP [77.8%]; Jiangsu Huaxi Group Co Ltd [22.2%],China,Asia Pacific,CHN,39.51833,118.715766,19.0,,0,BF; BOF,1572778754.3996863,14073015226.408812,28,39.54166667,118.70833333,2.6720727105518156
P100000120323,Hebei Huaxi Special Steel Co Ltd,Hebei Huaxi Special Steel Co Ltd,Wuxi Zhongbang Equity Investment Partnership LP [77.8%]; Jiangsu Huaxi Group Co Ltd [22.2%],China,Asia Pacific,CHN,39.260784,119.005925,5.0,1824.0,1,BF; BOF,658638310.9064554,5574342695.914176,18,39.29166667,119.04166667,4.610565148471833
P100000120378,Hebei Huaxin Special Steel Co Ltd,Hebei Huaxin Special Steel Co Ltd,Jinan Iron & Steel Group Co Ltd [85.1%]; Wuan Yuhua Steel Co Ltd [11.5%]; unknown [3.5%],China,Asia Pacific,CHN,36.53048,114.245262,5.0,1350.0,1,BF; BOF,1439683054.8066726,91279583262.73259,26,36.54166667,114.20833333,3.526025985377428
P100001064078,Hebei Jingdong Pipe Industry Co Ltd,Hebei Jingdong Pipe Industry Co Ltd,Hebei Jingdong Pipe Industry Co Ltd [100.0%],China,Asia Pacific,CHN,39.932656,118.836844,23.65,0.0,1,BF; EAF,177055102.2953652,20955555398.84645,29,39.95833333,118.875,4.328095595881876
P100000120117,Hebei Jinxi Iron and Steel Group Co Ltd,Hebei Jinxi Iron & Steel Group Co Ltd,Gold Geneses Development Ltd [57.2%]; FIRST GLORY SERVICES Ltd [38.0%]; unknown [4.8%],China,Asia Pacific,CHN,40.209844,118.220547,40.0,5000.0,1,BF; BOF,251849587.08247745,7634982789.476139,31,40.20833333,118.20833333,1.0506871160901312
P100000120350,Hebei Longfengshan Casting Co Ltd,Hebei PROVINCE Longfengshan Casting Industry Co Ltd,natural person(s) [90.1%]; China Development Bank Corp [9.9%],China,Asia Pacific,CHN,36.705105,114.105387,27.0,0.0,1,BF,2791499561.2492723,22972835380.658302,28,36.70833333,114.125,1.7848857668772697
P100000120307,Hebei Mingbin Iron and Steel Co Ltd,Hebei New Wuan Steel Group Wenan IRON&STEEL Co Ltd,natural person(s) [49.0%]; Hebei Puyang Industrial Group Co Ltd [33.2%]; Longxiang Group (Hong Kong) [17.8%],China,Asia Pacific,CHN,36.631491,113.968635,,,0,BF; BOF,188809636.46592227,21228187184.083817,30,36.625,113.95833333,1.1687753730120716
P100000120113,Hebei Puyang Iron and Steel Co Ltd,Hebei Puyang Iron and Steel Co Ltd,Hebei Puyang Industrial Group Co Ltd [65.0%]; Longxiang Group (Hong Kong) [35.0%],China,Asia Pacific,CHN,36.733675,113.925995,34.0,5567.0,2,BF; BOF,313791587.31473416,9183725242.049364,28,36.70833333,113.95833333,4.030876690596898
P100000120145,Hebei Rongxin Steel Co Ltd,Hebei Rongxin Iron & Steel Co Ltd,Tangshan Xinfengsheng Trade Co Ltd [72.6%]; Hebei Xinda Iron and Steel Co Ltd [27.4%],China,Asia Pacific,CHN,39.880661,118.558755,24.0,2300.0,2,BF; BOF,796505445.106471,37676094217.01762,31,39.875,118.54166667,1.5882572697883754
P100000120325,Hebei Taihang Iron and Steel Group Co Ltd,Hebei Taihang Iron and Steel Group Co Ltd,Hebei Taihang Iron and Steel Group Co Ltd [100.0%],China,Asia Pacific,CHN,36.613716,114.082349,5.0,3950.0,1,BF; BOF,383769388.9911753,28412442185.711792,26,36.625,114.04166667,3.841465072888686
P100000120150,Hebei Tangyin Iron and Steel Co Ltd,Hebei Tangyin IRON&STEEL Co Ltd,HBIS Group Co Ltd [51.0%]; Hebei Yinshui Industrial Group Co Ltd [49.0%],China,Asia Pacific,CHN,39.699354,118.213188,14.0,,0,BF; BOF,13017662437.888332,162141110789.83765,31,39.70833333,118.20833333,1.0813879609734336
P100000120328,Hebei Tangyin Iron and Steel Co Ltd Caofeidian base,Hebei Tangyin IRON&STEEL Co Ltd,HBIS Group Co Ltd [51.0%]; Hebei Yinshui Industrial Group Co Ltd [49.0%],China,Asia Pacific,CHN,39.160401,118.429806,20.0,2300.0,1,BF; BOF,146526011.7107865,5420460228.12082,22,39.125,118.45833333,4.641980522264962
P100000120324,Hebei Tianzhu Iron and Steel Group Co Ltd,Hebei Tianzhu Iron and Steel Group Special Steel Co Ltd,Hebei Tianzhu IRON&STEEL (GROUP) Co Ltd [100.0%],China,Asia Pacific,CHN,39.270032,119.01376,4.0,3034.0,1,BF; BOF,658638310.9064554,5574342695.914176,18,39.29166667,119.04166667,3.399499671710393
P100000120149,Hebei Tianzhu Iron and Steel Group Co Ltd Fengrun Plant,Hebei Tianzhu IRON&STEEL (GROUP) Co Ltd,Hebei Tianzhu IRON&STEEL (GROUP) Co Ltd [100.0%],China,Asia Pacific,CHN,39.803524,118.205663,19.5,,0,BF; BOF,4568324809.945682,144001359518.67667,31,39.79166667,118.20833333,1.3380677928080797
P100000120115,Hebei Wenfeng Iron and Steel Co Ltd,Hebei Wenfeng STEEL&IRON Co Ltd,Hebei Wenfeng STEEL&IRON Co Ltd [100.0%],China,Asia Pacific,CHN,36.64577,114.124258,20.0,,0,BF; BOF,1570133414.6514165,31558009494.65103,27,36.625,114.125,2.310470612069831
P100000120136,Hebei Xin Wuan Steel Group Hongrong Iron and Steel Co Ltd,Hebei New Wuan Lron and Steel Group Hong Rong Lron and Steel Co Ltd,Hebei Puyang Industrial Group Co Ltd [45.5%]; Xianghe Hongcheng New Energy Technology Co Ltd [27.6%]; Longxiang Group (Hong Kong) [24.5%]; unknown [2.4%],China,Asia Pacific,CHN,36.640411,113.981172,42.0,1350.0,1,BF; BOF,188809636.46592227,21197313218.73651,28,36.625,113.95833333,2.6626437989891976
P100000120133,Hebei Xin Wuan Steel Group Wenan Iron and Steel Co Ltd,Hebei New Wuan Steel Group Wenan IRON&STEEL Co Ltd,natural person(s) [49.0%]; Hebei Puyang Industrial Group Co Ltd [33.2%]; Longxiang Group (Hong Kong) [17.8%],China,Asia Pacific,CHN,36.679431,114.169024,23.0,1400.0,1,BF; BOF,6917400988.421546,34265105010.563232,30,36.70833333,114.20833333,4.755251609566591
P100000120142,Hebei Xinda Iron and Steel Group Co Ltd,Hebei Xinda Iron and Steel Co Ltd,Tangshan Xinfengsheng Trade Co Ltd [72.6%]; natural person(s) [27.4%],China,Asia Pacific,CHN,39.898362,118.579364,24.0,5000.0,1,BF; BOF,796505445.106471,32052499729.969208,29,39.875,118.54166667,4.13442241143216
P100000120138,Hebei Xinghua Iron and Steel Co Ltd,Hebei Xinghua Iron and Steel Co Ltd,Jinan Iron & Steel Group Co Ltd [51.0%]; natural person(s) [49.0%],China,Asia Pacific,CHN,36.744936,114.111602,23.0,,0,BF; BOF,2791499561.2492723,23801981185.88884,30,36.70833333,114.125,4.2415787263490135
P100000120137,Hebei Xinjin Iron and Steel Co Ltd,Hebei Xinjin Iron and Steel Co Ltd,WEALTH GROUP INVESTMENT LIMITED [78.0%]; Wu'an Hongji Investment Co Ltd [12.7%]; unknown [4.1%],China,Asia Pacific,CHN,36.715632,114.208992,33.0,2700.0,1,BF; BOF,6917400988.421546,69987899829.69107,31,36.70833333,114.20833333,0.8136972455333633
P100000120130,Hebei Xinwuan Iron and Steel Group Xinhui Metallurgy Co Ltd,Hebei New Wuan Iron and Steel Group Xin Hui Metallurgy Co Ltd,Hebei New Wuan Iron and Steel Group Xin Hui Metallurgy Co Ltd [100.0%],China,Asia Pacific,CHN,36.664097,114.115263,26.0,1575.0,1,EAF; BF; BOF,1570133414.6514165,32209850622.246315,30,36.625,114.125,4.4333393889920805
P100000120099,Hebei Xinxing Ductile Iron Pipes Co Ltd,Hebei Xinxing Ductile Iron Pipes Co Ltd,Xinxing Ductile Iron Pipes Co Ltd [100.0%],China,Asia Pacific,CHN,36.621504,114.128189,33.0,2500.0,1,BF; BOF,1570133414.6514165,33584625095.21064,31,36.625,114.125,0.4817790575634441
P100000120111,Hebei Yanshan Iron and Steel Group Co Ltd,Hebei Yanshan Iron and Steel Group Co Ltd,Hebei Yanshan Iron and Steel Group Co Ltd [100.0%],China,Asia Pacific,CHN,39.925508,118.672757,24.0,9990.0,1,BF; BOF; EAF,4245679723.9297485,30114152964.391434,32,39.95833333,118.70833333,4.745691143529788
P100000120131,Hebei Yongyang Special Steel Group Co Ltd,Hebei YongYang Special Steel Group Co Ltd,Handan Yongnian Shengda Steel Co Ltd [49.0%]; WEALTH GROUP INVESTMENT LIMITED [39.8%]; Wu'an Hongji Investment Co Ltd [6.5%]; unknown [2.1%],China,Asia Pacific,CHN,36.786851,114.376132,33.0,1610.0,1,BF; BOF; EAF,364664534.1041899,105774755639.35507,31,36.79166667,114.375,0.5448844802793841
P100000120401,Hebei Zhangxuan High Tech Co Ltd,Hbzx HIGH Tech Co Ltd,HBIS Group Co Ltd [100.0%],China,Asia Pacific,CHN,40.607977,115.067516,3.0,1800.0,1,DRI; EAF,11073664760.627905,24373336350.227474,29,40.625,115.04166667,2.8885007371552476
P100000120311,Hebei Zongheng Group Fengnan Iron and Steel Co Ltd,Hebei Zongheng Group Fengnan Iron & Steel Co Ltd,Hebei Xinhua United Metallurgical Holding Group Co Ltd [43.2%]; China Railway Materials Group Holdings Ltd [27.0%]; Shuangyao Investment Co Ltd [21.1%]; Sinogiant Steel HOLDINGS Group Ltd [7.9%]; unknown [0.9%],China,Asia Pacific,CHN,39.222566,118.094201,7.0,7700.0,1,BF; BOF,452880777.8970651,7927572715.797209,18,39.20833333,118.125,3.0894960176267983
P100000120157,Heilongjiang Jianlong Iron and Steel Co Ltd,Heilongjiang Jianlong Iron and Steel Co Ltd,Beijing Jianlong Investment Co Ltd [90.2%]; unknown [9.8%],China,Asia Pacific,CHN,46.602297,131.071877,23.0,2001.0,1,BF; BOF,125175844.19061546,5871935016.85296,33,46.625,131.04166667,3.420162552571269
P100000120331,Henan Angang Zhoukou Iron and Steel Co Ltd,Henan Angang Zhoukou Iron and Steel Co Ltd,Anyang Iron & Steel Co Ltd [76.9%]; Zhoukou Investment Group Co Ltd [9.1%]; Henan Agric. Synthesis Exploitation Co Ltd [4.6%]; unknown [4.4%]; Sanmenxia Investment Group Co Ltd [2.4%]; Kaifeng Construction Lnvestment Co Ltd [1.2%]; Xinxiang Muye Development Management Co Ltd [0.9%]; Hoyer GmbH [0.2%]; China Logistics Group Co Ltd [0.1%]; Beijing Guanglong Enterprise Management Consulting Center LP [0.1%]; Guangxi Yingtongtong Investment Co Ltd [0.1%]; Huludao Hongyun Group Co Ltd [0.0%]; Sichuan Development Holding Co Ltd [0.0%]; Wuhan Industrial Investment Holding Group Co Ltd [0.0%]; Shihezi Shangde Equity Investment Partnership LP [0.0%],China,Asia Pacific,CHN,33.364534,115.099661,5.0,1750.0,1,BF; BOF; EAF,1216482444.7504897,9764326764.785652,27,33.375,115.125,2.6251203398212586
P100000120169,Henan Changtai Stainless Steel Plate Co Ltd,Henan Changtai Stainless Steel Plate Co Ltd,Ma'anshan Jiatong Enterprise Management Partnership (General Partnership) [65.0%]; natural person(s) [32.3%]; unknown [2.7%],China,Asia Pacific,CHN,34.702951,112.955911,14.0,,0,BF; BOF,3849360572.403314,29858396444.952557,30,34.70833333,112.95833333,0.6381379400308086
P100000120167,Henan Fengbao Special Steel Co Ltd,Henan Fengbao SPECIAL Steel Co Ltd,Henan Fengbao SPECIAL Steel Co Ltd [100.0%],China,Asia Pacific,CHN,36.131666,113.872158,25.0,1500.0,2,BF; BOF,1250100343.4634068,12382607196.78423,31,36.125,113.875,0.7839432917823833
P100001064248,Henan Fuhua Steel Group Co Ltd,Henan Fuhua Iron & Steel Group Co Ltd,Henan Fuhua Iron & Steel Group Co Ltd [100.0%],China,Asia Pacific,CHN,34.462949,113.700844,26.47,1200.0,1,EAF,3251997907.564753,69205884097.59297,29,34.45833333,113.70833333,0.8572545309400367
P100000121086,Henan Jinhui Industrial Group,Henan Xinjinhui Stainless Steel Industry Co Ltd,Henan JINHUI Stainless Indutrial Group Co Ltd [83.0%]; Changge Huida Trading Co Ltd [17.0%],China,Asia Pacific,CHN,34.263509,113.853979,21.0,1400.0,1,BF; EAF,797364861.8664675,45358896847.879585,27,34.29166667,113.875,3.6788145994327173
P100000120164,Henan Jiyuan Iron and Steel Group Co Ltd,Henan Jiyuan Iron & Steel (Group) Co Ltd,Henan Jiyuan Iron and Steel Investment Holding Co Ltd [48.6%]; unknown [35.0%]; Tianjin Jinyuan Guotai Enterprise Management Consulting Co Ltd [10.0%]; Trade Union Committee of Henan Jiyuan Iron and Steel (Group) [6.4%],China,Asia Pacific,CHN,35.086396,112.553774,68.0,5038.0,2,BF; BOF; EAF,3421395276.0751696,17284831673.71445,29,35.125,112.54166667,4.43161735275767
P100000120168,Henan Yaxin Iron and Steel Group Co Ltd,Henan YAXIN Steel Industry Co Ltd,Henan YAXIN Steel Industry Co Ltd [100.0%],China,Asia Pacific,CHN,35.879956,114.334825,23.0,2000.0,2,BF; BOF,1630271672.3960836,46949897947.47487,26,35.875,114.375,3.661407524026511
P100000120180,Hengyang Valin Steel Tube Co Ltd,Hengyang Valin Steel Tube Co Ltd,Hunan Valin Steel Co Ltd [85.9%]; Hunan Valin Iron & Steel Group Co Ltd [10.0%]; Hunan Development Investment Group Co Ltd [1.4%]; Hunan Caixin Financial Holding Group Co Ltd [1.4%]; Hunan Xingxiang Investment Holding Group Co Ltd [1.3%]; unknown [0.0%],China,Asia Pacific,CHN,26.865484,112.576853,68.0,1300.0,1,BF; EAF,8841440925.872505,48574104907.651276,26,26.875,112.54166667,3.6469947850923075
P100000120091,Heping Yueshen Steel Industry Co Ltd,Heping Yueshen Steel Industrial Co Ltd,Heping Yueshen Steel Industrial Co Ltd [100.0%],China,Asia Pacific,CHN,24.49796,114.93888,15.0,1400.0,1,EAF,922848789.0805657,1532221880.501906,26,24.45833333,114.95833333,4.826090349636387
P100000120090,Heyuan Derun Steel Co Ltd Dongjiang Jinzhu Industrial Park,Heyuan Derun Steel Co Ltd,Fujian Lanyue Investment Partnership LP [25.5%]; Fujian Lantian Investment Partnership LP [16.7%]; Fujian Lanze Investment Partnership LP [14.0%]; unknown [10.5%]; Fujian Jinkun Investment Co Ltd [4.3%]; Fuzhou Deyu Investment Co Ltd [4.3%]; Fujian Taisong Investment Co Ltd [3.8%]; Fujian Honghang Investment Co Ltd [2.0%]; Fujian Xinghan Investment Co Ltd [2.0%]; Fujian Qinghe Investment Co Ltd [1.9%]; Fujian Yinchen Investment Co Ltd [1.9%]; Fenghe Investment (Fujian) Co Ltd [1.7%]; Fujian Jingyuan Investment Co Ltd [1.7%]; Fujian Junao Investment Co Ltd [1.7%]; Fujian Yongxinqi Investment Co Ltd [1.7%]; Yuncheng Investment (Fujian) Co Ltd [1.7%]; Fujian Quanlong Investment Co Ltd [1.6%]; Fujian Shengwei Investment Co Ltd [1.6%]; Fujian Shunle Investment Co Ltd [1.5%],China,Asia Pacific,CHN,23.693659,114.743048,49.0,,0,EAF,10381673523.067602,22529808471.8891,26,23.70833333,114.70833333,3.892985827322499
P100000121139,Heyuan Derun Steel Co Ltd LanTang Industrial Park,Heyuan Derun Steel Co Ltd,Fujian Lanyue Investment Partnership LP [25.5%]; Fujian Lantian Investment Partnership LP [16.7%]; Fujian Lanze Investment Partnership LP [14.0%]; unknown [10.5%]; Fujian Jinkun Investment Co Ltd [4.3%]; Fuzhou Deyu Investment Co Ltd [4.3%]; Fujian Taisong Investment Co Ltd [3.8%]; Fujian Honghang Investment Co Ltd [2.0%]; Fujian Xinghan Investment Co Ltd [2.0%]; Fujian Qinghe Investment Co Ltd [1.9%]; Fujian Yinchen Investment Co Ltd [1.9%]; Fenghe Investment (Fujian) Co Ltd [1.7%]; Fujian Jingyuan Investment Co Ltd [1.7%]; Fujian Junao Investment Co Ltd [1.7%]; Fujian Yongxinqi Investment Co Ltd [1.7%]; Yuncheng Investment (Fujian) Co Ltd [1.7%]; Fujian Quanlong Investment Co Ltd [1.6%]; Fujian Shengwei Investment Co Ltd [1.6%]; Fujian Shunle Investment Co Ltd [1.5%],China,Asia Pacific,CHN,23.39775,114.898646,3.0,1650.0,1,EAF,17999992.50243982,226801845.94090843,24,23.375,114.875,3.496201430876435
P100001063289,Heyuan Yuancheng Huafa Metal Products Co Ltd,Heyuan Huacheng Metal Products Co Ltd,Heyuan Huacheng Metal Products Co Ltd [100.0%],China,Asia Pacific,CHN,23.56658,114.598993,21.89,620.0,1,EAF,661354659.4113086,20001035213.330936,24,23.54166667,114.625,3.8342603575296157
P100000120552,Hospet Steels Hospet plant,Hospet Steels Ltd,Kalyani Steels Ltd [61.0%]; Mukand Ltd [39.0%],India,Asia Pacific,IND,15.339055,76.251696,28.0,650.0,1,BF; BOF; EAF; IF; DRI,204245873.82605147,2855801307.390391,24,15.375,76.29166667,5.860353688783405
P100000120229,Houying Group Haicheng Iron and Steel Co Ltd Datun Branch,Houying Group Haicheng Iron and Steel Co Ltd,Houying Group Haicheng Iron and Steel Co Ltd [100.0%],China,Asia Pacific,CHN,40.981855,122.948643,19.58,2600.0,1,BOF; BF,563518410.1278985,130848494741.63087,30,40.95833333,122.95833333,2.73910993809105
P100000121042,Huainan Hongtai Iron and Steel Co Ltd,Huainan Hongtai Steel Limited Liability Co,Huainan Hongtai Steel Limited Liability Co [100.0%],China,Asia Pacific,CHN,32.619248,116.905869,25.0,500.0,1,EAF,4888696838.2685,65476653284.12364,26,32.625,116.875,2.960893305271869
P100000121047,Huangshi Xingang Heavy Industry Technology Co Ltd,Huangshi Xingang Heavy Industry Technology Co Ltd,WEALTH GROUP INVESTMENT LIMITED [100.0%],China,Asia Pacific,CHN,30.097108,115.284652,2.0,,0,Iron other/unspecified; EAF,69794425.23817413,10557078305.382196,27,30.125,115.29166667,3.1740015224287177
P100001063078,"Huangshi Xinxing Pipe Industry Co., Ltd.",Huangshi Xinxing Pipe Industry Co Ltd,Huangshi Xinxing Pipe Industry Co Ltd [100.0%],China,Asia Pacific,CHN,30.181393,114.944879,17.64,0.0,1,BF,4262753872.987659,65700134862.89568,26,30.20833333,114.95833333,3.2627967940586604
P100001064093,Huarui (Handan) Casting & Pipe Co Ltd,Huarui (Handan) Casting & Pipe Co Ltd,Huarui (Handan) Casting & Pipe Co Ltd [100.0%],China,Asia Pacific,CHN,36.561049,114.102793,21.89,0.0,1,BF,1340340843.3454995,30115898352.913723,28,36.54166667,114.125,2.9291387976837386
P100000120176,Hubei Dazhan Iron and Steel Co Ltd,Hubei Dazhan Steel & Iron Co Ltd,Daye Huaxin Industrial Co Ltd [56.3%]; Hubei Xinxin Steel Group Co Ltd [21.1%]; Jin Jun'an Investment Group Co Ltd [18.9%]; unknown [3.7%],China,Asia Pacific,CHN,31.006752,113.754995,33.0,500.0,1,EAF,600972460.8080096,20741116448.488346,27,31.04166667,113.79166667,5.223344743663147
P100000120318,Hubei Jinshenglan Metallurgical Technology Co Ltd,Hubei Jinshenglan Metallurgical Technology Co Ltd,natural person(s) [62.6%]; Yuncheng Investment (Fujian) Co Ltd [9.1%]; Fujian Yongxinqi Investment Co Ltd [6.8%]; Fujian Taisong Investment Co Ltd [4.9%]; Fujian Jinkun Investment Co Ltd [4.2%]; Fuzhou Deyu Investment Co Ltd [3.6%]; Fujian Qikun Investment Co Ltd [2.5%]; Fujian Hongyao Investment Co Ltd [2.4%]; Fujian Shunle Investment Co Ltd [1.9%]; unknown [1.9%],China,Asia Pacific,CHN,29.916729,113.822921,10.0,3250.0,1,BF; BOF,96700424.06712171,3817974765.9364986,26,29.95833333,113.79166667,5.520101465775694
P100000121070,Hubei Lijin Steel Group Co Ltd,Hubei Lijin Steel Group Co Ltd,Hubei Lijin Steel Group Co Ltd [100.0%],China,Asia Pacific,CHN,32.127263,112.715688,24.0,2000.0,1,EAF,728653447.9992169,3421129107.261907,29,32.125,112.70833333,0.7368771245482757
P100000120343,Hubei Shunle Steel Co Ltd plant,Hubei Shunle Iron and Steel Co Ltd,Hubei Jinshenglan Metallurgical Technology Co Ltd [62.6%]; Yuncheng Investment (Fujian) Co Ltd [9.1%]; Fujian Yongxinqi Investment Co Ltd [6.8%]; Fujian Taisong Investment Co Ltd [4.9%]; Fujian Jinkun Investment Co Ltd [4.2%]; Fuzhou Deyu Investment Co Ltd [3.6%]; Fujian Qikun Investment Co Ltd [2.5%]; Fujian Hongyao Investment Co Ltd [2.4%]; Fujian Shunle Investment Co Ltd [1.9%]; unknown [1.9%],China,Asia Pacific,CHN,29.925026,113.826118,5.0,2000.0,1,EAF,96700424.06712171,3896296123.857641,28,29.95833333,113.79166667,4.9735340960508045
P100000120415,Hubei Wucheng Iron and Steel Group Co Ltd,Hubei Wucheng Iron and Steel Group Co Ltd,WEALTH GROUP INVESTMENT LIMITED [95.0%]; unknown [5.0%],China,Asia Pacific,CHN,30.341239,114.857744,26.0,,0,EAF,14250230836.869875,70133651025.46736,27,30.375,114.875,4.10295481795771
P100001063493,Huizhou Jushun Iron and Steel Plant,Huizhou Jushun Iron and Steel Plant,Huizhou Jushun Iron and Steel Plant [100.0%],China,Asia Pacific,CHN,23.178652,114.279374,33.26,620.0,1,EAF,5079645602.338191,145819956103.8072,25,23.20833333,114.29166667,3.531477242903187
P100000120179,Hunan Valin Lianyuan Iron and Steel Co Ltd,Hunan Valin Lianyuan Iron and Steel Co Ltd,Hunan Valin Steel Co Ltd [100.0%],China,Asia Pacific,CHN,27.747782,111.967343,68.0,9000.0,1,BF; BOF,5209756773.4618635,13539650225.009663,27,27.70833333,111.95833333,4.475238022589575
P100000120178,Hunan Valin Xiangtan Iron and Steel Co Ltd,Hunan Valin Lianyuan Iron and Steel Co Ltd,Hunan Valin Steel Co Ltd [100.0%],China,Asia Pacific,CHN,27.81413,112.897377,68.0,7250.0,1,BF; BOF,4007280363.8593574,104565786450.4516,25,27.79166667,112.875,3.329161665588758
P100000120184,Inner Mongolia Baotou Jiyu Iron and Steel Co Ltd Hondlon District,Baotou Jiyu Steel Co Ltd,natural person(s) [51.0%]; Inner Mongolia Jiyu Holding (Group) Co Ltd [49.0%],China,Asia Pacific,CHN,40.662343,109.696243,21.79,,0,BF; BOF,563557793.4713724,137837797372.7533,32,40.625,109.70833333,4.275821703602659
P100000120182,Inner Mongolia BaoTou Steel Union Co Ltd,Inner Mongolia BaoTou Steel Union Co Ltd,Inner Mongolia BaoTou Steel Union Co Ltd [100.0%],China,Asia Pacific,CHN,40.647997,109.740898,26.64,16760.0,1,BF; BOF,563557793.4713724,145202593779.9198,30,40.625,109.70833333,3.7536216356104255
P100000120185,Inner Mongolia Desheng Metal Products Co Ltd,Inner Mongolia Desheng Metal Products Co Ltd,Inner Mongolia Desheng Industrial Group Co Ltd [57.2%]; natural person(s) [42.8%],China,Asia Pacific,CHN,39.867015,106.890377,14.3,1350.0,1,BF; BOF,111523145.34028804,4238333561.2372193,31,39.875,106.875,1.5844423663628646
P100000120355,Inner Mongolia Mingtuo Ferrite New Material Co Ltd,Inner Mongolia Mingtuo Ferrite New Material Co Ltd,Beijing Dow Investment Holding Co Ltd [81.3%]; Minmetals Development Co Ltd [15.7%]; unknown [3.0%],China,Asia Pacific,CHN,40.597557,109.683202,3.0,,0,BF; EAF,563557793.4713724,144019208660.51328,31,40.625,109.70833333,3.716476472483204
P100000120390,Inner Mongolia Wanzhou Special Steel Co Ltd,Inner Mongolia Wanzhou Special Steel Co Ltd,natural person(s) [48.8%]; Zjmc (Beijing) New Energy Technology Co Ltd [41.5%]; Beijing Global Jierui Investment Management Co Ltd [7.3%]; unknown [2.4%],China,Asia Pacific,CHN,40.977329,110.022924,,,0,EAF,13833901.491643237,146736951.6373876,29,40.95833333,110.04166667,2.6339847453691565
P100000120187,Inner Mongolia Yaxin Longshun Special Steel Co Ltd,Inner Mongolia Yaxinlongshun Special Steel Co Ltd,Inner Mongolia Yaxinlongshun Special Steel Co Ltd [100.0%],China,Asia Pacific,CHN,40.689778,110.214707,20.3,2000.0,1,BF; BOF,2337622.9703656165,43882319875.08874,30,40.70833333,110.20833333,2.132077168229176
P100000120560,Jai Balaji Durgapur Unit IV steel plant,Jai Balaji Industries Ltd,Jai Balaji Industries Ltd [100.0%],India,Asia Pacific,IND,23.483075,87.352189,17.0,295.0,1,BF; DRI; IF; EAF,675745315.8269312,15432771688.12521,25,23.45833333,87.375,3.603049487294381
P100000120562,Jai Balaji Jyoti Steels Sundargarh plant,Jai Balaji Jyoti Steels Ltd,Jai Balaji Industries Ltd,India,Asia Pacific,IND,22.085338,84.86184,23.0,92.0,1,DRI; IF; EAF,94945328.67570616,8894481787.265089,26,22.125,84.875,4.61390641999965
P100001025922,Jai Balaji Rajbandh Unit III steel plant,Jai Balaji Industries Ltd,Jai Balaji Industries Ltd [100.0%],India,Asia Pacific,IND,23.487439,87.369494,,0.0,1,BF; EAF,675745315.8269312,14727046913.068039,24,23.45833333,87.375,3.284767930333139
P100000120547,Jayaswal Neco Industries Raipur steel plant,Jayaswal Neco Industries Ltd,Jayaswal Neco Industries Ltd [100.0%],India,Asia Pacific,IND,21.354495,81.676444,30.0,1200.0,1,BF; DRI; EAF,1676028759.8407507,20742994968.86579,24,21.375,81.70833333,4.012925922364576
P100000120652,JFE Bars & Shapes Himeji Works steel plant,JFE Bars & Shapes Corp,JFE Holdings Inc [100.0%],Japan,Asia Pacific,JPN,34.784113,134.658493,89.0,900.0,1,EAF,11107163158.787853,143476292065.90747,17,34.79166667,134.625,3.1718509543537436
P100000120653,JFE Bars & Shapes Kashima Works steel plant,JFE Bars & Shapes Corp,JFE Holdings Inc [100.0%],Japan,Asia Pacific,JPN,35.882023,140.731707,93.0,720.0,1,EAF,6568510645.102576,37039766992.829285,15,35.875,140.70833333,2.2460307985026318
P100000120646,JFE Bars & Shapes Mizushima Works steel plant,JFE Bars & Shapes Corp,JFE Holdings Inc [100.0%],Japan,Asia Pacific,JPN,34.503883,133.710136,59.0,600.0,1,EAF,12824930411.579533,91895047317.60153,19,34.54166667,133.70833333,4.204602855041158
P100000120647,JFE East Japan Works (Chiba) steel plant,JFE Steel Corp,JFE Holdings Inc [100.0%],Japan,Asia Pacific,JPN,35.580917,140.104196,75.0,4915.0,1,BF; BOF; EAF,38317470933.99429,879808694376.4944,22,35.54166667,140.125,4.752868025147058
P100000120650,JFE East Japan Works (Keihin) steel plant,JFE Steel Corp,JFE Holdings Inc [100.0%],Japan,Asia Pacific,JPN,35.48069,139.729684,65.66,,0,BF; BOF; EAF,317087547227.782,3249420497681.8906,16,35.54166667,139.70833333,7.050330153521966
P100000120651,JFE Sendai Works steel plant,JFE Steel Corp,JFE Holdings Inc [100.0%],Japan,Asia Pacific,JPN,38.265706,141.012963,51.81,852.0,1,EAF,15696371264.712454,186943925695.03653,18,38.29166667,141.04166667,3.822383950270719
P100000120649,JFE West Japan Works (Fukuyama) steel plant,JFE Steel Corp,JFE Holdings Inc [100.0%],Japan,Asia Pacific,JPN,34.465222,133.431205,61.0,13002.0,2,BF; BOF; DRI,8873478299.720446,42209457374.9055,15,34.45833333,133.375,5.209538966615774
P100000120648,JFE West Japan Works (Kurashiki) steel plant,JFE Steel Corp,JFE Holdings Inc [100.0%],Japan,Asia Pacific,JPN,34.501198,133.722123,59.0,9999.0,2,BF; BOF; EAF,12824930411.579533,91895047317.60153,19,34.54166667,133.70833333,4.673894501971159
P100000120418,Jianglong Acheng Iron and Steel Co Ltd,Jianglong Acheng Iron & Steel Co Ltd,Beijing Jianlong Investment Co Ltd [87.6%]; unknown [12.4%],China,Asia Pacific,CHN,45.562002,126.968128,25.0,1600.0,1,BF; BOF,3851213851.5239058,22150430318.14087,32,45.54166667,126.95833333,2.3863445958176848
P100000120196,Jiangsu Binxin Steel Group Co Ltd,Jiangsu Province Binxin Steel Group Co Ltd,Lianyungang Ganyu Zhongcheng Investment Co Ltd [87.4%]; natural person(s) [12.6%],China,Asia Pacific,CHN,35.09556,119.279989,18.05,5400.0,1,BF; BOF,3627723888.232499,8546404266.794768,14,35.125,119.29166667,3.4416108961741156
P100000120199,Jiangsu Changqiang Iron and Steel Co Ltd,Jiangsu Changqiang Iron & Steel Co Ltd,Jiangyin Changqi Investment Partnership LP [65.0%]; Changhong International Investment Co Ltd [25.0%]; Jiangyin Changjiang Village Federation of Trade Unions [9.5%]; Jiangsu New Yangtze Industrial Group Co Ltd [0.5%],China,Asia Pacific,CHN,31.952064,120.189749,22.42,2000.0,1,BF; BOF,5149260849.902505,141261220919.20892,24,31.95833333,120.20833333,1.8868383876147912
P100000120349,Jiangsu Delong Nickel Industry Co Ltd,Jiangsu Delong Nickel Industry Co Ltd,Jiangsu Delong Nickel Industry Co Ltd [100.0%],China,Asia Pacific,CHN,34.443469,119.816574,15.55,1350.0,1,EAF,890142435.6329616,4969373256.508394,16,34.45833333,119.79166667,2.8191697798507986
P100000120386,Jiangsu Hongtai Iron and Steel Co Ltd,Jiangsu HONGTAI Metals Ware Co Ltd,Jiangsu HONGTAI Metals Ware Co Ltd [100.0%],China,Asia Pacific,CHN,32.138393,119.554693,25.68,1576.0,1,EAF,3200493895.461697,126766002274.8766,26,32.125,119.54166667,1.9293442369608678
P100000120197,Jiangsu Jingye Iron and Steel Co Ltd,Jiangsu Jingye Iron and Steel Co Ltd,Jiangsu Jingye Iron and Steel Co Ltd [100.0%],China,Asia Pacific,CHN,34.38381,119.786878,22.31,3000.0,1,BF; BOF,1557019273.7154286,5950833178.656118,23,34.375,119.79166667,1.073684721752774
P100000121138,Jiangsu Longyuan Steel Co,Jiangsu Longyuan Steel Co Ltd,Jiangsu Longyuan Steel Co Ltd [100.0%],China,Asia Pacific,CHN,34.538033,117.329589,15.77,,0,BF,261090607.59518936,10876233654.99632,26,34.54166667,117.29166667,3.4969148565377006
P100000120189,Jiangsu Shagang Group Huaigang Special Steel Co Ltd,Jiangsu Shagang Group Huaigang SPECIAL Steel Co Ltd,Jiangsu Shagang Co Ltd [63.8%]; Hengde International Co Ltd [13.6%]; Jiangsu Shagang Group Co Ltd [10.6%]; unknown [6.2%]; Zhangjiagang Free Trade Zone Runyuan Stainless Steel Trade Co Ltd [3.2%]; Ningbo Meishan Free Trade Port Jincheng Shazhou Equity Investment Co Ltd [2.6%],China,Asia Pacific,CHN,33.566039,118.988442,56.0,3364.0,2,BF; BOF; EAF,4165354036.0691886,93327286956.40509,27,33.54166667,118.95833333,3.8895984221469697
P100000120188,Jiangsu Shagang Iron & Steel Co Ltd,Jiangsu Shagang Iron & Steel Co Ltd,Jiangsu Shagang Iron & Steel Co Ltd [100.0%],China,Asia Pacific,CHN,31.983146,120.638992,23.6,17305.0,2,BF; BOF; EAF,5778523153.580064,157366677006.8745,19,31.95833333,120.625,3.0584868262703835
P100000120195,Jiangsu Shente Steel Co Ltd,Jiangsu Shente Steel Corp,Jiangsu Delong Nickel Industry Co Ltd [100.0%],China,Asia Pacific,CHN,31.471123,119.485941,18.43,,0,BF; BOF,5294448729.56292,24809379172.701572,26,31.45833333,119.45833333,2.9797321596751853
P100000120207,Jiangsu Suxin Special Steel Group Co Ltd,Jiangsu Suxin Special Steel Co Ltd,Ping An Life Insurance Co Ltd [49.9%]; Suzhou Riyisheng Environment Protection Technology Co Ltd [22.8%]; Zhuhai HUAFA Real Estate Investment Holding Co Ltd [10.5%]; Zhuhai Gree Group Co Ltd [6.2%]; Zhuhai DA HENG Qin Investment Co Ltd [4.3%]; unknown [4.2%]; Suzhou Textile Stock Holding Group [2.1%],China,Asia Pacific,CHN,31.400644,120.475103,65.0,,0,BF; EAF,11475374812.138918,503385529607.3661,26,31.375,120.45833333,3.26571405411446
P100000121136,Jiangsu Xingda Steel Group,Jiangsu Xingda Steel Group Co Ltd,Jiangsu Xingda Steel Group Co Ltd [100.0%],China,Asia Pacific,CHN,34.501981,117.316278,22.96,,0,BF; BOF,261090607.59518936,20646884537.775814,28,34.54166667,117.29166667,4.955522745958604
P100000120198,Jiangsu Xugang Iron and Steel Group Co Ltd,Jiangsu Xusteel Group Co Ltd,Jiangsu Xusteel Group Co Ltd [100.0%],China,Asia Pacific,CHN,34.577016,117.339638,22.46,3050.0,1,BF; BOF,536146471.99254227,15167643065.542015,29,34.54166667,117.375,5.092765481208571
P100000121050,Jiangxi Taixin Iron and Steel Co Ltd,Jiangxi Taixin Iron & Steel Co Ltd,Jiangxi Taixin Iron & Steel Co Ltd [100.0%],China,Asia Pacific,CHN,28.60445,118.163615,22.62,1000.0,1,EAF,24651705.83317486,5795252050.102982,26,28.625,118.125,4.4078926158786125
P100000121144,Jiangxi Yuanxing Iron and Steel Co Ltd,Jiangxi Yuanxing Iron and Steel Co Ltd,Jiangxi Yuanxing Iron and Steel Co Ltd [100.0%],China,Asia Pacific,CHN,24.881098,114.802833,18.21,,0,EAF,982532261.0660375,1708780484.085001,24,24.875,114.79166667,1.3147641984655085
P100000120205,Jiangyin Huaxi Iron and Steel Co Ltd,Jiangyin Huaxi Steel Co Ltd,Wuxi Zhongbang Equity Investment Partnership LP [77.8%]; Jiangsu Huaxi Group Co Ltd [22.2%],China,Asia Pacific,CHN,31.816482,120.424347,23.39,1500.0,1,BF; BOF,10086515908.61508,305294826329.7832,26,31.79166667,120.45833333,4.234262554665674
P100000120347,Jiangyin Xicheng Steel Co Ltd,Jiangyin Xicheng Steel Co Ltd,Jiangsu Xicheng Sanlian Holding Group Co Ltd [100.0%],China,Asia Pacific,CHN,31.892299,120.198394,28.37,720.0,1,EAF,8256028173.465794,195358769921.76007,24,31.875,120.20833333,2.1402787783256523
P100000120191,Jiangyin Xingcheng Special Steel Works Co Ltd,Jiangyin Xingcheng SPECIAL Steel Works Co Ltd,Citic Pacific Special Steel Group Co Ltd [100.0%],China,Asia Pacific,CHN,31.950191,120.328449,33.0,6797.0,2,BF; BOF; EAF,4429745806.121701,146594289861.64615,23,31.95833333,120.375,4.484242218572752
P100000120159,Jianlong Beiman Special Steel Co Ltd,Jianlong Beiman SPECIAL Steel Co Ltd,Beijing Jianlong Investment Co Ltd [81.3%]; unknown [12.9%]; Shengjing Bank Co Ltd [2.6%]; China Bohai Bank Co Ltd [1.3%]; Liaoshen Bank Co Ltd [0.4%]; Hua Xia Bank Co Ltd [0.4%]; China Merchants Bank Co Ltd [0.4%]; SDIC Capital Co Ltd [0.3%]; Everbright Financial Investment Co Ltd [0.2%]; Everbright Securities Co Ltd [0.1%]; Jingmen City Construction Investment Holding Group Co Ltd [0.0%]; Beijing Jiatai Hengye Investment Co Ltd [0.0%]; Jiangsu Yueda Group Co Ltd [0.0%]; Xinzheng TEDA Investment Co Ltd [0.0%]; Credit Suisse AG [0.0%]; Beijing Hongliheng Consulting Co Ltd [0.0%]; China Development Bank Corp [0.0%]; Hongtai Hengye Investment Co Ltd [0.0%]; Beijing Dongrunjuxiangshuwu Co Ltd [0.0%]; Guardian Investment HOLDINGS Co Ltd [0.0%]; Jiangsu Xinhong Investment Partnership LP [0.0%]; Yongjin Industry (Group) Co Ltd [0.0%]; Jiangsu Century New Town Investment Holding Group Co Ltd [0.0%]; Beijing Wudou Trading Co Ltd [0.0%]; Yunnan State Owned Financial Capital Holding Group Co Ltd [0.0%]; Shanghai Nanometer Venture Investment Co Ltd [0.0%]; Wuhan Huabing Real Estate Co Ltd [0.0%]; Beijing Zhijin Technology Investment Co Ltd [0.0%]; Beijing Tiandi Runda Advertising Co Ltd [0.0%]; Boao Investment Co Ltd [0.0%]; Wuhan Jiaxinghe Real Estate Co Ltd [0.0%]; Wuhan Xindi Chuangjia Decoration Engineering Co Ltd [0.0%]; Shenzhen Hehao Investment Co Ltd [0.0%],China,Asia Pacific,CHN,47.191285,123.616512,69.0,2570.0,1,BF; BOF; EAF,3437488269.916678,6289331059.282051,33,47.20833333,123.625,2.0012186425425953
P100000120158,Jianlong Xilin Iron and Steel Co Ltd,Jianlong Xilin Iron and Steel Co Ltd,Beijing Jianlong Investment Co Ltd [87.6%]; unknown [12.4%],China,Asia Pacific,CHN,47.495036,129.287919,60.0,4200.0,1,BF; BOF,10642384.938641924,64650969.46595778,34,47.45833333,129.29166667,4.090864040718167
P100000120215,Jilin Jianlong Steel Co Ltd,Jilin Jianlong Steel Co Ltd,Beijing Jianlong Investment Co Ltd [90.2%]; unknown [9.8%],China,Asia Pacific,CHN,44.011951,126.537086,24.8,2700.0,1,BF; BOF,133726064.71790448,117693890056.63948,31,44.04166667,126.54166667,3.3244700358590085
P100000120218,Jilin Jingang Iron and Steel Co Ltd,Jilin Jingang Lron and Steel Co Ltd,Jilin Jingang Lron and Steel Co Ltd [100.0%],China,Asia Pacific,CHN,43.20023,124.335697,47.0,1500.0,1,BF; BOF,7056524178.650425,23181462756.71461,31,43.20833333,124.375,3.3105684944762914
P100000120389,Jilin Steel Group Fugang Metal Manufacturing Co Ltd,"Fugang METAL Manufacturing Co.ltd.,jilinjigang Steel Group",Jilinjigang Steel Group Co Ltd [51.0%]; natural person(s) [49.0%],China,Asia Pacific,CHN,44.022802,125.505627,17.6,,0,EAF,218005645.09942687,277790827277.3762,32,44.04166667,125.54166667,3.5638657922625967
P100000120388,Jilin Steel Group Taihua Metal Equipment Manufacture Co Ltd,Jilin Steel Group Taihua Metal Equipment Manufacture Co Ltd,Jilinjigang Steel Group Co Ltd [98.8%]; unknown [1.2%],China,Asia Pacific,CHN,44.138826,125.914941,17.58,500.0,1,EAF,912548532.864007,2233831629.032975,32,44.125,125.875,3.5390205965394976
P100000120217,Jilin Xinda Iron and Steel Co Ltd,JiLin Province Xinda Steel Co Ltd,Hengjin Huitong Asset Management (Beijing) Co Ltd [60.0%]; natural person(s) [18.7%]; Jilin Tianpeng Industrial Co Ltd [17.2%]; unknown [4.1%],China,Asia Pacific,CHN,42.3249,125.246892,18.27,3300.0,2,BF; BOF,15053158.02973983,184765893.4979925,34,42.29166667,125.20833333,4.869258348497816
P100000120373,Jinan Iron and Steel Group Co Ltd,Jinan Iron & Steel Group Co Ltd,Jinan Iron & Steel Group Co Ltd [100.0%],China,Asia Pacific,CHN,36.718952,114.111677,4.0,5200.0,1,BF; BOF,2791499561.2492723,23800884801.555416,29,36.70833333,114.125,1.6746657793185082
P100000120273,Jincheng Fusheng Iron and Steel Co Ltd,Jincheng FUSHENG Iron & Steel Co Ltd,Shanxi Jincheng Steel Holdings Group Co Ltd [60.0%]; natural person(s) [40.0%],China,Asia Pacific,CHN,35.662985,112.882395,23.2,4600.0,1,BF; BOF,981005265.3164757,30493439287.24221,30,35.625,112.875,4.276278847427048
P100000120544,Jindal Stainless Hisar steel plant,Jindal Stainless Ltd,Jindal Stainless Ltd [100.0%],India,Asia Pacific,IND,29.127253,75.773075,56.0,800.0,1,EAF,454648663.61737627,2524347915.0321784,26,29.125,75.79166667,1.8231866891590622
P100000120543,Jindal Stainless Jajpur steel plant,Jindal Stainless Ltd,Jindal Stainless Ltd [100.0%],India,Asia Pacific,IND,20.954939,86.051986,15.0,2200.0,1,BF; EAF; IF,864289310.3874147,7729912700.164528,24,20.95833333,86.04166667,1.1360843336589574
P100001061405,Jindal Stainless Maharashtra steel plant,Jindal Stainless Ltd,Jindal Stainless Ltd [100.0%],India,Asia Pacific,IND,19.314475,72.976623,,,0,Steel other/unspecified,9385160469.420177,186212019362.64368,21,19.29166667,72.95833333,3.180604489108389
P100000120515,Jindal Steel Angul steel plant,Jindal Steel Limited Ltd,Jindal Steel Limited Ltd [100.0%],India,Asia Pacific,IND,20.884896,84.991539,13.0,6000.0,1,BF; BOF; DRI; EAF,322827125.6345241,7424131274.253744,26,20.875,84.95833333,3.621074660784412
P100000121173,Jindal Steel Asanboni steel plant,Jindal Steel Limited Ltd,Jindal Steel Limited Ltd [100.0%],India,Asia Pacific,IND,24.131037,87.438728,,,0,BF; BOF,12539365.545054764,2173947043.935794,25,24.125,87.45833333,2.099753160428184
P100001062086,Jindal Steel Chhattisgarh steel plant,Jindal Steel Chhattisgarh Ltd,Jindal Steel Limited Ltd [100.0%],India,Asia Pacific,IND,21.895041,83.376759,,,0,Iron other/unspecified; Steel other/unspecified,454682852.3366098,3957035516.4197297,23,21.875,83.375,2.2358393628529263
P100000121034,Jindal Steel Krishnapatnam steel plant,Jindal Steel Limited Ltd,Jindal Steel Limited Ltd [100.0%],India,Asia Pacific,IND,14.254675,80.108702,,,0,BOF; Iron other/unspecified,200947291.56263226,3898754084.215699,16,14.29166667,80.125,4.472562155054986
P100000120542,Jindal Steel Patratu steel plant,Jindal Steel Limited Ltd,Jindal Steel Limited Ltd [100.0%],India,Asia Pacific,IND,23.632991,85.325308,,,0,BF; BOF,934889967.304621,17502840108.21367,26,23.625,85.29166667,3.5404421450887575
P100000120516,Jindal Steel Raigarh steel plant,Jindal Steel Limited Ltd,Jindal Steel Limited Ltd [100.0%],India,Asia Pacific,IND,21.922703,83.347178,37.0,3600.0,1,BF; DRI; EAF; BOF,400367384.08294696,4587744178.615237,26,21.95833333,83.375,4.891973507789875
P100000120132,Jinding Heavy Industry Co Ltd,Jinding Heavy Industries Co Ltd,CSCEC Rongdong Investment Holding Co Ltd [90.0%]; Fang TongZhou Holding Co Ltd [8.0%]; unknown [2.0%],China,Asia Pacific,CHN,36.718952,114.111677,31.0,3000.0,1,BF; BOF,2791499561.2492723,23800884801.555416,29,36.70833333,114.125,1.6746657793185082
P100000120222,Jingye (Yingkou) Medium Plate Co Ltd,Jingye (Yingkou) Medium Plate Co Ltd,Jingye (Yingkou) Medium Plate Co Ltd [100.0%],China,Asia Pacific,CHN,40.671136,122.395441,23.67,5500.0,1,BF; BOF,1444886964.8755352,50661923556.03532,29,40.70833333,122.375,4.480862489792533
P100000120120,Jingye Iron and Steel Co Ltd,Jingye Iron and Steel Co Ltd,Jingye Group Co Ltd [100.0%],China,Asia Pacific,CHN,38.391372,114.139998,30.0,6400.0,1,BF; BOF,310050323.594974,4617509693.497881,29,38.375,114.125,2.241234058082805
P100000120175,Jingzhou Qunli Metal Products Co Ltd,Jingzhou Qunli Metal Products Co Ltd,Jingzhou Chuhang Special Steel Products Co Ltd [30.0%]; Jingzhou Daren Metal Products Co Ltd [30.0%]; Jingzhou Youyuan Metal Products Co Ltd [30.0%]; natural person(s) [5.2%]; unknown [4.8%],China,Asia Pacific,CHN,30.3505,112.353782,27.0,1000.0,1,EAF,118075214.85034539,33592944700.56656,25,30.375,112.375,3.4008706260019563
P100000120276,Jinye Iron and Steel Group Co Ltd,Jinye Steel Group Co Ltd,Jinye Steel Group Co Ltd [100.0%],China,Asia Pacific,CHN,36.148131,113.209523,22.79,950.0,1,BF; BOF,1182364306.7889879,48082438631.23244,27,36.125,113.20833333,2.5742712618881716
P100000121252,Jinzhou Jinxing Special Steel Company,Jinzhou Jinxing Special Steel Co Ltd,Jinzhou Jinxing Special Steel Co Ltd [100.0%],China,Asia Pacific,CHN,41.188888,121.225043,25.1,,0,EAF; BF; BOF,549095770.045926,51265446599.24432,29,41.20833333,121.20833333,2.574827564800333
P100000121057,Jishan Mingfu Steel Products Co Ltd,Jishan Mingfu Steel Products Co Ltd,Jishan Mingfu Steel Products Co Ltd [100.0%],China,Asia Pacific,CHN,35.665945,111.025976,12.44,1433.0,1,BF; BOF,245177255.62792537,6320653808.552563,30,35.625,111.04166667,4.7685410810811755
P100000120083,Jiugang Group Yuzhong Iron and Steel Co Ltd,Jiugang Group Yuzhong Iron & Steel Co Ltd,Gansu Jiu Steel Group Hongxing Iron and Steel Co Ltd [100.0%],China,Asia Pacific,CHN,36.033646,104.035535,23.0,4000.0,1,BF; BOF,167993672.70306432,116008672656.27937,30,36.04166667,104.04166667,1.0485138555743196
P100000120213,Jiujiang Pinggang Iron and Steel Co Ltd,JiuJiang PXSteel Co Ltd,Beijing Fangda International Industrial Investment Group Co Ltd [60.9%]; unknown [21.5%]; Jiangxi Pxsteel Industrial Co Ltd [10.3%]; Gongqingcheng Huaershun Investment Center LP [7.3%],China,Asia Pacific,CHN,29.778431,116.27527,14.09,4700.0,1,BF; BOF,478146017.5263399,13143784792.108128,27,29.79166667,116.29166667,2.1610003336416437
P100001044907,JSOL Angul steel plant,Jindal Steel Odisha Ltd,Jindal Steel Limited Ltd [100.0%],India,Asia Pacific,IND,20.874713,84.944082,0.47,6300.0,1,BF; BOF; DRI; EAF,322827125.6345241,4860049580.14285,24,20.875,84.95833333,1.4810048865885261
P100000120521,JSW Bengal Steel Salboni plant,JSW Bengal Steel Ltd,JSW Steel Ltd [98.8%]; unknown [1.2%],India,Asia Pacific,IND,22.575726,87.310258,,,0,BF; BOF,178521520.3246137,8357910791.628129,27,22.54166667,87.29166667,4.24119583078581
P100000120537,JSW BPSL Jharkhand steel plant,Bhushan Power & Steel Ltd,JSW Steel Ltd [83.3%]; JSW Shipping & Logistics Pvt Ltd [16.7%],India,Asia Pacific,IND,22.665526,85.64622,,,0,EAF,113645399.55906004,1526996514.3658981,26,22.625,85.625,5.004881233178395
P100000120510,JSW BPSL Jharsuguda steel plant,JSW Steel Ltd,JSW Steel Ltd [100.0%],India,Asia Pacific,IND,21.763989,84.022529,21.0,5000.0,1,BF; DRI; EAF; Steel other/unspecified,687994436.0281599,6458953818.965252,26,21.79166667,84.04166667,3.657440025420151
P100000120570,JSW Green Steel Salav plant,JSW Green Steel Ltd,JSW Steel Ltd [100.0%],India,Asia Pacific,IND,18.530853,72.947091,33.0,0.0,1,DRI; EAF; Iron other/unspecified,5087801.004416001,1167834911.040693,13,18.45833333,72.95833333,8.150511736850326
P100001023560,JSW POSCO Keonjhar steel plant,JSW Steel Ltd; POSCO Holdings Inc,JSW Steel Ltd [100.0%]; POSCO Holdings Inc [100.0%],India,Asia Pacific,IND,20.248632,86.156416,,,0,BF; BOF,165319279.8517694,5832849600.810178,26,20.20833333,86.125,5.551912510062392
P100000121039,JSW Rayalseema steel plant,JSW Rayalaseema Steel Limited,JSW Steel Ltd [100.0%],India,Asia Pacific,IND,14.76855,78.403263,,,0,EAF,45263087.15252942,1926752078.1611147,24,14.79166667,78.375,3.980086426581878
P100000120517,JSW Steel Dolvi steel plant,JSW Steel Ltd,JSW Steel Ltd [100.0%],India,Asia Pacific,IND,18.690312,73.035902,32.0,10200.0,1,BF; BOF; DRI; Steel other/unspecified,286389654.28355294,3687444048.138666,20,18.70833333,73.04166667,2.0938480815984275
P100001045504,JSW Steel Gadchiroli steel plant,JSW Steel Ltd,JSW Steel Ltd [100.0%],India,Asia Pacific,IND,20.1846793,79.9957641,,,0,Iron other/unspecified; Steel other/unspecified,36499350.191805646,187543990.9200167,24,20.20833333,79.95833333,4.709188632490078
P100000120520,JSW Steel Jharkhand steel plant,JSW Jharkhand Steel Ltd,JSW Steel Ltd [100.0%],India,Asia Pacific,IND,23.188108,85.715097,0.0,,0,BF; BOF; DRI,22085261.29316944,803772418.7710881,24,23.20833333,85.70833333,2.3528014790082765
P100000120536,JSW Steel Raigarh steel plant,JSW Ispat Special Products Ltd,JSW Ispat Special Products Ltd [100.0%],India,Asia Pacific,IND,21.983709,83.238133,18.0,950.0,1,BF; DRI; EAF,213067224.22470316,4467491446.835285,24,21.95833333,83.20833333,4.171876989222032
P100000120518,JSW Steel Salem steel plant,JSW Steel Ltd,JSW Steel Ltd [100.0%],India,Asia Pacific,IND,11.814912,77.918465,28.0,1260.0,1,BF; BOF,606793261.3724501,8198798360.952456,22,11.79166667,77.95833333,5.05090417876009
P100000120519,JSW Steel Vijayanagar steel plant,JSW Steel Ltd,JSW Steel Ltd [100.0%],India,Asia Pacific,IND,15.180423,76.663134,32.0,11899.0,2,BF; BOF; DRI; EAF; Iron other/unspecified; Steel other/unspecified,334841572.46645224,3773786954.2773933,22,15.20833333,76.625,5.135833638488061
P100000120539,JSW Utkal Steel Rajnagar plant,JSW Utkal Steel Ltd,JSW Steel Ltd [100.0%],India,Asia Pacific,IND,20.216667,86.55,0.0,,0,BF; BOF; DRI,105160684.6244372,2838087446.082791,13,20.20833333,86.54166667,1.270764256915423
P100000120538,JSW Vijayanagar Metallics steel plant,JSW Vijayanagar Metallics Ltd,JSW Steel Ltd [100.0%],India,Asia Pacific,IND,15.203176,76.659122,2.0,5000.0,1,BF; BOF,334841572.46645224,4521383673.340231,25,15.20833333,76.625,3.7060026309404384
P100001025631,Kalyani Steels Dhenkanal steel plant,Kalyani Steels Ltd,Kalyani Steels Ltd [100.0%],India,Asia Pacific,IND,20.601819,85.594653,0.0,,0,BF; BOF; EAF; IF,319583186.94651854,3619712225.604027,24,20.625,85.625,4.076708855445162
P100001062093,Kapila Metals Jalna steel plant,Kapila Metals Pvt Ltd,Kapila Metals Pvt Ltd [100.0%],India,Asia Pacific,IND,19.874223,75.817553,,,0,DRI; IF,100155279.26306468,2235353301.806718,24,19.875,75.79166667,2.70836825277942
P100001045284,KIC Metaliks Durgapur steel plant,KIC Metaliks Ltd,KIC Metaliks Ltd [100.0%],India,Asia Pacific,IND,23.507539,87.277914,28.05,0.0,1,BF; DRI; EAF; IF,1554639245.0040002,19864497189.311275,26,23.54166667,87.29166667,4.045578370267705
P100000121199,Kishiwada Steel Osaka steel plant,Kishiwada Steel Co Ltd,Kishiwada Steel Co Ltd [100.0%],Japan,Asia Pacific,JPN,34.477479,135.353918,69.22,500.0,1,EAF,38442254742.5372,1130483222701.9727,16,34.45833333,135.375,2.8753182646636364
P100000120655,Kobe Kakogawa Works steel plant,Kobe Steel Ltd,Kobe Steel Ltd [100.0%],Japan,Asia Pacific,JPN,34.720268,134.826275,56.0,6591.0,2,BF; BOF; DRI; EAF,25378988214.594116,254696791275.57455,14,34.70833333,134.875,4.647106376570988
P100000120656,Kobe Wire Rod and Bar steel plant,Kobe Steel Ltd,Kobe Steel Ltd [100.0%],Japan,Asia Pacific,JPN,34.703624,135.247207,58.0,,0,BF; BOF,42784622428.44381,1432850429467.6409,17,34.70833333,135.20833333,3.591887121036102
P100000120680,Kyoei Steel Hirakata Division (Osaka),Kyoei Steel Ltd,Kyoei Steel Ltd [100.0%],Japan,Asia Pacific,JPN,34.816321,135.677444,64.0,805.0,1,EAF,84281749601.77412,2648118423890.36,27,34.79166667,135.70833333,3.9331384984637285
P100000120682,Kyoei Steel Nagoya Division (Tokai),Kyoei Steel Ltd,Kyoei Steel Ltd [100.0%],Japan,Asia Pacific,JPN,35.065055,136.815384,42.0,1265.0,1,EAF,11644793117.559832,1379036594402.02,21,35.04166667,136.79166667,3.3799876144098406
P100000120681,Kyoei Steel Yamaguchi Division (Yamaguchi),Kyoei Steel Ltd,Kyoei Steel Ltd [100.0%],Japan,Asia Pacific,JPN,33.976513,131.173031,54.0,575.0,1,EAF,3584087170.210148,32399021776.70953,13,33.95833333,131.20833333,3.8321381107528794
P100000120254,Laiwu Iron and Steel Group Yinshan Section Steel Co Ltd,Laiwu Steel Yinshan Section Co Ltd,Shandong Iron and Steel Group Co Ltd [70.0%]; Shandong Guohui Investment Co Ltd [20.0%]; Shandong Caixin Asset Operation Co Ltd [10.0%],China,Asia Pacific,CHN,36.106143,117.820108,22.15,5600.0,1,BF; BOF,1723461254.4344203,22364899706.994682,27,36.125,117.79166667,3.3050791944212876
P100000120156,Langfang Guangyuan Metalwork Co Ltd,Langfang Guangyuan Metalwork Co Ltd,RiseSun Real Estate Development Co Ltd [99.8%]; unknown [0.2%],China,Asia Pacific,CHN,39.181466,116.838667,11.0,,0,BF; BOF,1533063394.1574883,155304705012.0103,29,39.20833333,116.875,4.32766350197189
P100000120344,Lanxin Steel Group Co Ltd plant,Gaolan County Lanxin Steel Co Ltd,Gaolan County Lanxin Steel Co Ltd [100.0%],China,Asia Pacific,CHN,36.488866,103.922,25.0,1100.0,1,BF; BOF; EAF,4705947.349746395,5541392267.555784,30,36.45833333,103.95833333,4.699044692602779
P100000120181,Lengshuijiang Steel Co Ltd,Lengshuijiang Iron and Steel Co Ltd,Lengshuijiang Xingbo Enterprise Management Co Ltd [49.6%]; unknown [28.6%]; Shanghai Baoke Enterprise Development Co Ltd [15.0%]; Shanghai Zhenchang Metal Resources Group Co Ltd [5.4%]; Shanghai Zhenchang Waste and Scrap Metal Recycling Co Ltd [1.4%],China,Asia Pacific,CHN,27.690401,111.437288,68.0,3000.0,1,BF; BOF,982323572.5654914,6211984233.032597,25,27.70833333,111.45833333,2.8755832767720015
P100000120192,Lianfeng Steel Zhangjiagang Co Ltd,Lianfeng Steel (Zhangjiagang) Co Ltd,"Sirida (Hong Kong) Group Co Ltd [42.7%]; Zhangjiagang Yongrun Investment Development Co Ltd [18.5%]; Suzhou Yongyuan Holding Co Ltd [14.5%]; Yonglian Village Stock Economic Cooperative, Nanfeng Town, Zhangjiagang City [9.3%]; unknown [4.3%]; Hengde International Co Ltd [3.4%]; Zhangjiagang Yongfeng Investment Development Co Ltd [3.2%]; Jiangsu Shagang Group Co Ltd [2.7%]; Zhangjiagang Free Trade Zone Runyuan Stainless Steel Trade Co Ltd [0.8%]; Ningbo Meishan Free Trade Port Jincheng Shazhou Equity Investment Co Ltd [0.6%]",China,Asia Pacific,CHN,31.855205,120.730505,23.65,8240.0,2,BF; BOF; EAF,3289812339.6058364,175228176979.22415,19,31.875,120.70833333,3.0379269946131777
P100001063594,Lianping Huafeng Steel Co Ltd,Lianping County Huafeng Steel Co Ltd,Lianping County Huafeng Steel Co Ltd [100.0%],China,Asia Pacific,CHN,24.18435,114.728202,9.93,720.0,1,EAF,271704400.55409884,849099174.2109519,25,24.20833333,114.70833333,3.34260638001471
P100000121078,Lianyungang Huale Alloy Group Co Ltd,Lianyungang Huale Alloy Group Co Ltd,Lianyungang Huale Alloy Group Co Ltd [100.0%],China,Asia Pacific,CHN,34.607964,119.447626,15.94,621.0,1,BF; BOF,175014771.30063456,31904257095.63041,19,34.625,119.45833333,2.1327259218901333
P100000120348,Lianyungang Yaxin Iron and Steel Co Ltd,Lianyungang Yaxin Iron and Steel Co Ltd,Lianyungang Yaxin Iron and Steel Co Ltd [100.0%],China,Asia Pacific,CHN,34.423786,119.778311,16.51,3000.0,1,BF; BOF,890142435.6329616,5141910390.156073,20,34.45833333,119.79166667,4.032010807661685
P100000120333,Liaoyang United Steel Co Ltd,Liaoyang United Steel Co Ltd,Liaoyang United Steel Co Ltd [100.0%],China,Asia Pacific,CHN,41.19138,122.877311,6.17,2300.0,1,BF; BOF,1281795295.850902,145469805968.16263,31,41.20833333,122.875,1.8950165057834907
P100000121051,Liaoyang Xinyi Special Steel Co Ltd,Liaoyang Xinyi Special Steel Co Ltd,Liaoyang Xinyi Special Steel Co Ltd [100.0%],China,Asia Pacific,CHN,41.225003,122.970488,17.2,500.0,1,EAF,4381066890.384275,175839242653.0292,30,41.20833333,122.95833333,2.1140896013481645
P100000120269,Licheng Taihang Iron and Steel Co Ltd,Licheng Taihang Iron & Steel Co Ltd,Licheng Taihang Iron & Steel Co Ltd [100.0%],China,Asia Pacific,CHN,36.472303,113.344155,25.68,1700.0,1,BF; BOF,231213739.23506635,5164716713.87076,27,36.45833333,113.375,3.165629582195366
P100000120225,Lingyuan Iron and Steel Co Ltd,Lingyuan Iron & Steel Co Ltd,Lingyuan Iron & Steel Co Ltd [100.0%],China,Asia Pacific,CHN,41.271048,119.41374,31.8,5994.0,1,BF; BOF,1351875952.0510519,5426297115.734424,30,41.29166667,119.375,3.966805524503563
P100000120330,Linyi Iron and Steel Investment Group Special Steel Co Ltd,Linyi Iron and Steel Investment Group Co Ltd,Linyi Investment Development Co Ltd [74.4%]; Gangfa International [16.7%]; Shandong Caixin Asset Operation Co Ltd [8.3%]; unknown [0.7%],China,Asia Pacific,CHN,35.15735,119.133999,6.92,2700.0,1,BF; BOF,212520272.51501238,10483126410.178162,24,35.125,119.125,3.6890542140684484
P100000120338,Linyi Iron and Steel Investment Group Stainless Steel Co Ltd,Linyi Iron and Steel Investment Group Stainless Steel Co Ltd,Shandong Shengyang Holding Group Co Ltd [66.0%]; Linyi Investment Development Co Ltd [25.3%]; Gangfa International [5.7%]; Shandong Caixin Asset Operation Co Ltd [2.8%]; unknown [0.2%],China,Asia Pacific,CHN,35.148443,119.068015,6.0,700.0,1,EAF,238915176.01580334,9753154820.245314,24,35.125,119.04166667,3.5405716922406407
P100000120250,Linyi Jiangxin Iron and Steel Co Ltd,Linyi Jiangxin Steel Co Ltd,Huasheng Jiangquan Group Co Ltd [100.0%],China,Asia Pacific,CHN,34.951117,118.305389,18.58,,0,BF; BOF,7972147725.823803,128106027383.46095,28,34.95833333,118.29166667,1.4858923596179117
P100001063721,Linyi Meide Gengchen Metal Materials Co Ltd,Linyi Meide Gengchen Metal Materials Co Ltd,Linyi Meide Gengchen Metal Materials Co Ltd [100.0%],China,Asia Pacific,CHN,35.188667,119.087048,8.55,500.0,1,BF; EAF,374021532.01611346,9366600636.822313,25,35.20833333,119.125,4.083391192036625
P100001064103,Linzhou Hexin Foundry Co Ltd,Linzhou Hexin Foundry Co Ltd,Linzhou Hexin Foundry Co Ltd [100.0%],China,Asia Pacific,CHN,36.112742,113.861135,20.47,240.0,1,BF; IF,1250100343.4634068,11509731857.480474,29,36.125,113.875,1.8463089929920378
P100000120399,Lishui Huahong Iron and Steel Products Co Ltd,Huahong Iron and Steel Products Co Ltd,Huahong Iron and Steel Products Co Ltd [100.0%],China,Asia Pacific,CHN,28.090098,119.519509,23.39,1200.0,1,EAF,468805622.32278705,978294970.4345801,27,28.125,119.54166667,4.4479937534110805
P100000120092,Liuzhou Iron and Steel Co Ltd Liuzhou Base,Liuzhou IRON&STEEL Co Ltd,Liuzhou IRON&STEEL Co Ltd [100.0%],China,Asia Pacific,CHN,24.385304,109.37963,26.0,9458.0,1,BF; BOF,21236255107.045433,104398367841.42648,24,24.375,109.375,1.2379992120319496
P100000120382,Liyang Baorun Steel Co Ltd,Liyang Baorun Steel Co Ltd,Jiangsu Delong Nickel Industry Co Ltd [100.0%],China,Asia Pacific,CHN,31.471123,119.485941,2.58,2760.0,1,EAF,5294448729.56292,24809379172.701572,26,31.45833333,119.45833333,2.9797321596751853
P100000120522,Lloyds Metals and Energy Ltd Ghugus steel plant,Lloyds Metals and Energy Ltd,Lloyds Metals and Energy Ltd [100.0%],India,Asia Pacific,IND,19.929837,79.119344,31.0,0.0,1,DRI; BF; EAF; Steel other/unspecified; IF,248656224.30699146,3013580245.04738,24,19.95833333,79.125,3.22333238422469
P100000121179,Lloyds Metals and Energy Ltd Konsari steel plant,Lloyds Metals and Energy Ltd,Lloyds Metals and Energy Ltd [100.0%],India,Asia Pacific,IND,19.770409,79.813599,3.0,0.0,1,DRI; BF; BOF,1199591.592945764,104794019.57050422,24,19.79166667,79.79166667,3.294495347891246
P100001063267,Longchuan Hanghui Steel Co Ltd,Longchuan Hanghui Steel Co Ltd,Longchuan Hanghui Steel Co Ltd [100.0%],China,Asia Pacific,CHN,24.113189,115.215068,22.39,930.0,1,EAF,1069393003.8951043,3198437989.6937556,24,24.125,115.20833333,1.480531862517624
P100000120412,Longnan Fuxin Iron and Steel Co Ltd,Longnan Fuxin Steel Co Ltd,Longnan Fuxin Steel Co Ltd [100.0%],China,Asia Pacific,CHN,24.912904,114.844503,20.91,1500.0,1,EAF,85055828.36295038,2043486888.1904333,26,24.875,114.875,5.217859324626214
P100000120383,Luoyang Luogang Group of Steel and Iron Co Ltd,Luoyang Luogang Group of Steel and Iron Co Ltd,Luoyang Luogang Group of Steel and Iron Co Ltd [100.0%],China,Asia Pacific,CHN,34.798477,112.580505,19.0,,0,EAF,898607349.1565193,105116210861.16835,26,34.79166667,112.54166667,3.6264020076764405
P100000120335,Luzhou Xinyang Vanadium Titanium Steel Co Ltd,Luzhou Xinyang Vanadium Titanium Steel Co Ltd,Luzhou Chengkun Industry Co Ltd [70.0%]; Sichuan Luzhou Jiangyang Iron and Steel Co Ltd [30.0%],China,Asia Pacific,CHN,28.851779,105.70509,6.12,2000.0,1,EAF,20271489.796361625,14827483803.874836,26,28.875,105.70833333,2.601306258303813
P100000120260,Lvliang Jianlong Industrial Co Ltd,Lvliang Jianlong Industrial Co Ltd,China Great Wall Asset Management Co Ltd [48.0%]; Beijing Jianlong Investment Co Ltd [45.5%]; unknown [6.5%],China,Asia Pacific,CHN,37.47311,112.06093,41.0,1400.0,1,BF; BOF,1570081181.240564,11016961277.147089,29,37.45833333,112.04166667,2.3643616514900985
P100000120069,Maanshan Iron and Steel Co Ltd,Maanshan Iron & Steel Co Ltd,Maanshan Iron & Steel Co Ltd [100.0%],China,Asia Pacific,CHN,31.698884,118.468194,73.0,17340.0,2,BF; BOF; EAF,14161932205.740225,67473115662.355225,28,31.70833333,118.45833333,1.4050641546293896
P100000120559,Mesco Steel Kalinganagar plant,Mesco Kalinga Steel Ltd,Mesco Kalinga Steel Ltd [100.0%],India,Asia Pacific,IND,20.976277,86.044419,21.0,1200.0,1,BF; BOF,864289310.3874147,7210393202.478255,23,20.95833333,86.04166667,2.0156102003646748
P100001046616,Mintal Group DRI plant,Mintal Group Co Ltd,Beijing Dow Investment Holding Co Ltd [81.3%]; Minmetals Development Co Ltd [15.7%]; unknown [3.0%],China,Asia Pacific,CHN,41.7915,109.865367,,,0,DRI,38453234.3149022,168370018.92432028,31,41.79166667,109.875,0.7988306880751632
P100000120339,Minyuan Iron and Steel Group Co Ltd,Minyuan Iron and Steel Group Co Ltd,natural person(s) [66.7%]; Fujian Mingfa Investment Co Ltd [33.3%],China,Asia Pacific,CHN,34.013369,116.422599,23.0,2700.0,1,BF; BOF,258770067.85181326,11259126508.714981,28,34.04166667,116.45833333,4.554705789968445
P100000121239,Mono Steel Gandhidham plant,Mono Steel (India) Ltd,Mono Steel (India) Ltd [100.0%],India,Asia Pacific,IND,23.312265,70.201953,36.0,770.0,1,BF; DRI; IF,31833855.18768871,1965650537.2451715,24,23.29166667,70.20833333,2.3813139151777554
P100000120567,MSP Steel & Power Raigarh plant,MSP Steel & Power Ltd,MSP Steel & Power Ltd [100.0%],India,Asia Pacific,IND,21.87673,83.554495,24.0,385.0,1,DRI; IF; BF,122199505.11316605,2274197610.781958,24,21.875,83.54166667,1.3376379901298396
P100001062087,Mukand Sumi Special Steel Hospet steel plant,Mukand Sumi Special Steel Ltd,Jamnalal Sons Pvt Ltd [51.0%]; Sumitomo Corp [49.0%],India,Asia Pacific,IND,15.328976,76.258613,4.55,450.0,1,BF; Steel other/unspecified,208281204.80950305,2855801307.390391,24,15.29166667,76.29166667,5.4569014064038655
P100001025672,N R Ispat and Power Raigarh steel plant,NR Ispat and Power Pvt Ltd,NR Ispat and Power Pvt Ltd [100.0%],India,Asia Pacific,IND,22.013086,83.330372,18.0,297.0,1,DRI; IF,155299189.2988411,3861128082.648712,24,22.04166667,83.29166667,5.100729168502888
P100000120678,Nakayama Steel Products Osaka plant,Nakayama Steel Products Co Ltd,Godo Steel Ltd; Kyoei Steel Ltd; MM Construction Materials Co Ltd,Japan,Asia Pacific,JPN,34.699762,135.430119,75.81,600.0,1,EAF,324278211589.9782,3054389419876.448,21,34.70833333,135.45833333,2.7496471606040997
P100000120679,Nakayama Steel Works Osaka,Nakayama Steel Works Ltd,Nakayama Steel Works Ltd [100.0%],Japan,Asia Pacific,JPN,34.628162,135.459688,97.0,600.0,1,EAF,254812052510.10464,3288732618370.058,24,34.625,135.45833333,0.372807890532085
P100000120190,Nanjing Iron and Steel Co Ltd,Nanjing Iron & Steel Co Ltd,Nanjing Iron & Steel Co Ltd [100.0%],China,Asia Pacific,CHN,32.200797,118.746315,68.0,10000.0,1,BF; BOF,11508667093.45597,555278339183.4592,26,32.20833333,118.70833333,3.670551516746054
P100000120165,Nanyang Hanye Special Steel Co Ltd,Nanyang Hanye SPECIAL STREET Co Ltd,Henan Longcheng Group Co Ltd [100.0%],China,Asia Pacific,CHN,33.269324,111.534635,23.0,3000.0,1,BF; BOF,313551485.3556643,2467774146.9469643,27,33.29166667,111.54166667,2.5689454631918247
P100000120540,Neelachal Ispat Nigam steel plant,Neelachal Ispat Nigam Ltd,Tata Steel Long Products Ltd [92.7%]; Tata Steel Ltd [5.2%]; small shareholder(s) [2.1%],India,Asia Pacific,IND,20.998641,86.019102,44.0,1100.0,1,BF; BOF,864289310.3874147,7084370398.155405,26,20.95833333,86.04166667,5.057371416252736
P100000121165,Nilachal Iron & Power Gamharia steel plant,Nilachal Iron & Power Ltd,Nilachal Iron & Power Ltd [100.0%],India,Asia Pacific,IND,22.874863,86.063646,24.0,99.0,1,DRI; IF,631216996.6196955,14655088141.728556,24,22.875,86.04166667,2.251838424499295
P100000120400,Ningbo Haoyang New Materials Techonology Co Ltd,Ningbo Haoyang New MATERIALS Techonology Co Ltd,Ningbo Haoyang New MATERIALS Techonology Co Ltd [100.0%],China,Asia Pacific,CHN,30.267113,121.052503,6.39,500.0,1,EAF,4420088191.603954,107505435767.9408,13,30.20833333,121.04166667,6.618392626100958
P100000120305,Ningbo Iron and Steel Co Ltd,Ningbo Iron & Steel Co Ltd,Hang Zhou Iron & Steel Co Ltd [100.0%],China,Asia Pacific,CHN,29.918776,121.876423,23.1,3999.0,1,BF; BOF,7787131930.195617,106590839861.33577,15,29.875,121.875,4.869608267489913
P100000121148,Ningxia Boyu Hongxing Special Steel Group Co,Ningxia Boyu Hongxing Special Steel Group Co Ltd,Ningxia Boyu Hongxing Special Steel Group Co Ltd [100.0%],China,Asia Pacific,CHN,39.273832,106.75146,19.14,,0,BF; BOF,1044069289.8932406,7539457044.554833,28,39.29166667,106.79166667,3.988486691198641
P100000120232,Ningxia Iron and Steel Group Co Ltd,Ningxia Iron and Steel (Group) Co Ltd,Ningxia Haofeng Weiye Steel Co Ltd [79.0%]; natural person(s) [21.0%],China,Asia Pacific,CHN,37.503054,105.078348,68.0,1800.0,1,BF; BOF,21396075.606333133,5611743146.297189,28,37.54166667,105.04166667,5.375812378292179
P100000121052,Ningxia Jianlong Special Steel Co Ltd,Ningxia Jianlong Special Steel Co Ltd,Beijing Jianlong Investment Co Ltd [90.2%]; unknown [9.8%],China,Asia Pacific,CHN,39.215452,106.688294,13.84,3500.0,1,BF; BOF,698923464.9402945,4869267356.41133,29,39.20833333,106.70833333,1.8993053491354017
P100000120411,Ningxia Xinghua Iron and Steel Co Ltd,Ningxia Xinghua Iron and Steel Co Ltd,Fujian Longgang New Materials Co Ltd [100.0%],China,Asia Pacific,CHN,39.309571,106.79093,4.22,1500.0,1,BF; BOF,1044069289.8932406,7853591900.804574,29,39.29166667,106.79166667,1.99188226493242
P100000120664,Nippon East Japan Works (Kashima) steel plant,Nippon Steel Corp,Nippon Steel Corp [100.0%],Japan,Asia Pacific,JPN,35.93437,140.681019,58.0,5918.0,2,BF; BOF,6732393394.412976,32109871067.954506,15,35.95833333,140.625,5.703523364389603
P100000120659,Nippon East Japan Works (Kimitsu) steel plant,Nippon Steel Corp,Nippon Steel Corp [100.0%],Japan,Asia Pacific,JPN,35.360912,139.881953,61.0,10001.0,1,BF; BOF,10846190015.003323,326623113368.46967,16,35.375,139.95833333,7.100679769675499
P100000120666,"Nippon Kansai Works (Wakayama Area, Wakayama) steel plant",Nippon Steel Corp,Nippon Steel Corp [100.0%],Japan,Asia Pacific,JPN,34.233519,135.135443,84.0,3043.0,1,BF; BOF; EAF,5029055868.275665,86660423834.5492,12,34.29166667,135.125,6.536570381446562
P100000120662,"Nippon Kyushu Works (Oita Area, Oita) steel plant",Nippon Steel Corp,Nippon Steel Corp [100.0%],Japan,Asia Pacific,JPN,33.260829,131.645527,54.72,9999.0,1,BF; BOF,13959786614.751396,41162147138.72869,18,33.20833333,131.625,6.141539089771383
P100000120665,"Nippon Kyushu Works (Yawata Area, Kokura) steel plant",Nippon Steel Corp,Nippon Steel Corp [100.0%],Japan,Asia Pacific,JPN,33.89771,130.882435,69.0,,0,BF; BOF,31274995993.219223,203628198084.7401,13,33.875,130.875,2.616841667617622
P100000120663,"Nippon Kyushu Works (Yawata Area, Tobata) steel plant",Nippon Steel Corp,Nippon Steel Corp [100.0%],Japan,Asia Pacific,JPN,33.911803,130.838014,125.0,3726.0,2,BF; EAF; BOF,31274995993.219223,204364064151.50378,14,33.875,130.875,5.329278723336085
P100000120661,Nippon Nagoya steel plant,Nippon Steel Corp,Nippon Steel Corp [100.0%],Japan,Asia Pacific,JPN,35.027575,136.870552,65.0,6000.0,1,BF; BOF,11644793117.559832,1460925597281.7454,23,35.04166667,136.79166667,7.351219469405544
P100000120667,Nippon Sanyo Special Steel,Sanyo Special Steel Co Ltd,Nippon Steel Corp [53.1%]; Mitsubishi UFJ Financial Group Inc [3.2%]; Nippon Life Insurance Co [2.3%]; Sumitomo Mitsui Trust Holdings Inc [2.0%]; Mizuho Financial Group Inc [1.6%]; Resona Bank Ltd [1.0%]; Meiji Yasuda Life Insurance Co [0.7%]; Norinchukin Bank [0.7%]; small shareholder(s) [0.6%]; The Dai-ichi Life Insurance Co Ltd [0.5%]; Asahi Mutual Life Insurance Co [0.3%],Japan,Asia Pacific,JPN,34.788074,134.672046,91.0,1596.0,1,EAF,12333371034.581137,143476292065.90747,17,34.79166667,134.70833333,3.3377149127307586
P100000120658,Nippon Setouchi Works (Hirohata Area) steel plant,Nippon Steel Corp,Nippon Steel Corp [100.0%],Japan,Asia Pacific,JPN,34.786879,134.625301,87.0,3536.0,2,DRI; EAF; BOF,11107163158.787853,145268428911.18713,20,34.79166667,134.625,0.5330744904021539
P100000120657,Nippon Setouchi Works (Kure Area) steel plant,Nippon Steel Corp,Nippon Steel Corp [100.0%],Japan,Asia Pacific,JPN,34.221172,132.540104,72.74,,0,BF; BOF,4301561627.949038,64839545346.19804,11,34.29166667,132.54166667,7.839976047816796
P100001041253,Nippon Stainless Steel Yamaguchi Works (Hikari Area) steel plant,Nippon Steel Stainless Steel Corp,Nippon Steel Stainless Steel Corp [100.0%],Japan,Asia Pacific,JPN,33.964661,131.935403,71.0,500.0,1,EAF,1396602110.0413387,10412012600.244646,14,33.95833333,131.95833333,2.2287639163122317
P100001041252,Nippon Stainless Steel Yamaguchi Works (Shunan Area) steel plant,Nippon Steel Stainless Steel Corp,Nippon Steel Stainless Steel Corp [100.0%],Japan,Asia Pacific,JPN,34.059009,131.777221,68.0,866.0,1,EAF,1341839583.5437067,15748599333.946754,18,34.04166667,131.79166667,2.3430547872816523
P100000120548,NMDC Karnataka steel plant,NMDC Steel Ltd,NMDC Steel Ltd [100.0%],India,Asia Pacific,IND,15.186288,76.916591,,,0,BOF,264490082.3818576,4010884320.256967,24,15.20833333,76.875,5.091880254583452
P100000120523,NMDC Nagarnar steel plant,NMDC Steel Ltd,NMDC Steel Ltd [100.0%],India,Asia Pacific,IND,19.0931901,82.17,2.47,3000.0,1,BF; BOF,67937733.07878391,692304267.2293067,24,19.125,82.20833333,5.360287903277926
P100000120660,North Nippon Muroran Works steel plant,Nippon Steel Corp,Nippon Steel Corp [100.0%],Japan,Asia Pacific,JPN,42.341873,140.997803,117.0,2200.0,1,BF; BOF; EAF,4188050831.7558002,9706474605.780493,11,42.375,140.95833333,4.907782316255726
P100000121188,Orissa Alloy Steel Kharagpur Plant,Orissa Metaliks Pvt Ltd,small shareholder(s) [28.7%]; Cimmco Vinimay Pvt Ltd [16.6%]; Rashmi Iron Industries Pvt Ltd [9.1%]; Newera Commotrade Pvt Ltd [6.6%]; Rashmi Infrastructure Pvt Ltd [6.0%]; Bholebaba Consultants LLP [5.8%]; Rashmi Cement Ltd [5.7%]; Daffodil Plaza Pvt Ltd [5.7%]; Optimist Commosale Pvt Ltd [5.5%]; Rashidhan Sales Pvt Ltd [5.2%]; Rashmi Metaliks Ltd [5.0%]; natural person(s) [0.1%],India,Asia Pacific,IND,22.364258,87.309047,5.0,550.0,1,DRI; IF; BF,2985882028.961829,14646256806.974564,24,22.375,87.29166667,2.1495863083002837
P100000121187,Orissa Metaliks Kharagpur steel plant,Orissa Metaliks Pvt Ltd,small shareholder(s) [28.7%]; Cimmco Vinimay Pvt Ltd [16.6%]; Rashmi Iron Industries Pvt Ltd [9.1%]; Newera Commotrade Pvt Ltd [6.6%]; Rashmi Infrastructure Pvt Ltd [6.0%]; Bholebaba Consultants LLP [5.8%]; Rashmi Cement Ltd [5.7%]; Daffodil Plaza Pvt Ltd [5.7%]; Optimist Commosale Pvt Ltd [5.5%]; Rashidhan Sales Pvt Ltd [5.2%]; Rashmi Metaliks Ltd [5.0%]; natural person(s) [0.1%],India,Asia Pacific,IND,22.378355,87.281773,9.0,900.0,1,BF; DRI; IF,2985882028.961829,14130627212.363277,24,22.375,87.29166667,1.0835360285583735
P100000120566,Orissa Metaliks Markuta steel plant,Orissa Metaliks Pvt Ltd,small shareholder(s) [28.7%]; Cimmco Vinimay Pvt Ltd [16.6%]; Rashmi Iron Industries Pvt Ltd [9.1%]; Newera Commotrade Pvt Ltd [6.6%]; Rashmi Infrastructure Pvt Ltd [6.0%]; Bholebaba Consultants LLP [5.8%]; Rashmi Cement Ltd [5.7%]; Daffodil Plaza Pvt Ltd [5.7%]; Optimist Commosale Pvt Ltd [5.5%]; Rashidhan Sales Pvt Ltd [5.2%]; Rashmi Metaliks Ltd [5.0%]; natural person(s) [0.1%],India,Asia Pacific,IND,21.856747,83.966244,18.0,600.0,1,BF; DRI; IF; BOF,645075019.3542067,6165375988.79352,23,21.875,83.95833333,2.1876640833698344
P100000120563,Orissa Sponge Iron and Steel plant,Orissa Sponge Iron and Steel Ltd,Orissa Sponge Iron and Steel Ltd [100.0%],India,Asia Pacific,IND,21.801994,85.56751,31.0,101.0,1,DRI; IF,55597769.29395994,1302955103.9932196,25,21.79166667,85.54166667,2.904825834903792
P100000121189,Orissa Steel and Power Jhargram steel plant,Orissa Steel & Power Pvt Ltd,Rashmi Cement Ltd [100.0%],India,Asia Pacific,IND,22.3591,87.017184,,,0,DRI; EAF; IF,47335285.52206003,1748525921.9877195,24,22.375,87.04166667,3.0763321441761238
P100000120677,Osaka Steel Sakai Works,Osaka Steel Co Ltd,Osaka Steel Co Ltd [100.0%],Japan,Asia Pacific,JPN,34.59822,135.45439,76.0,4650.0,1,EAF,254812052510.10464,2963446320044.215,21,34.625,135.45833333,2.9995917526600784
P100000121080,Pangang Group Jiangyou Changcheng Special Steel Co Ltd,Pan Gang Group Sichuan Changcheng Special Steel Co Ltd,Ansteel Group Co Ltd [100.0%],China,Asia Pacific,CHN,31.763517,104.761441,36.76,669.0,1,EAF,2578998262.3683743,9075142613.047802,27,31.79166667,104.79166667,4.238016075088263
P100000120277,Pangang Group Panzhihua Steel Vanadium Co Ltd,Panzhihua Steel Group Panzhihua Steel Vanadium Co Ltd,Ansteel Group Co Ltd [100.0%],China,Asia Pacific,CHN,26.565265,101.673737,61.0,5900.0,1,BF; BOF,9319315191.657978,21065171303.13643,26,26.54166667,101.70833333,4.327474202793389
P100000120278,Pangang Group Xichang Steel and Vanadium Co Ltd,Pangang Group Xichang Steel and Vanadium Co Ltd,Ansteel Group Co Ltd [100.0%],China,Asia Pacific,CHN,27.74799,102.20517,14.66,3900.0,1,BF; BOF,146825967.31663737,13271250192.453789,28,27.70833333,102.20833333,4.420604938742776
P100000120387,Panshi Jianlong Iron and Steel Co Ltd,Jilinheng Precision Casting Technology Co Ltd,Beijing Jianlong Investment Co Ltd [90.2%]; unknown [9.8%],China,Asia Pacific,CHN,43.196537,126.00063,15.96,1100.0,1,BF; BOF,10768816.011382872,183657169.55888024,31,43.20833333,126.04166667,3.5754984407323525
P100000120212,Pingxiang Pinggang Anyuan Iron and Steel Co Ltd,Anyuan Iron & Steel Co Ltd,Beijing Fangda International Industrial Investment Group Co Ltd [60.9%]; unknown [21.5%]; Jiangxi Pxsteel Industrial Co Ltd [10.3%]; Gongqingcheng Huaershun Investment Center LP [7.3%],China,Asia Pacific,CHN,27.64555,113.902126,72.0,2650.0,1,BF; BOF,7940031421.185044,13162070817.857666,26,27.625,113.875,3.515965689502788
P100000120206,Posco Zhangjiagang Stainless Steel Co Ltd,Guangdong Guangqing Metal Technology Co Ltd,Guangdong Guangqing Metal Technology Co Ltd [100.0%],China,Asia Pacific,CHN,31.980237,120.571455,19.59,1100.0,1,EAF,5052871258.0219145,148182667214.4578,22,31.95833333,120.54166667,3.718579625376005
P100000120558,Prakash Industries Janjgir steel plant,Prakash Industries Ltd,Prakash Industries Ltd [100.0%],India,Asia Pacific,IND,22.004694,82.671666,33.0,1190.0,1,DRI; IF,465552274.1725282,5599758531.761893,25,22.04166667,82.70833333,5.584628843758642
P100000121190,Prakash Sponge Iron and Power Challakere steel plant,Prakash Sponge Iron and Power Pvt Ltd,Prakash Sponge Iron and Power Pvt Ltd [100.0%],India,Asia Pacific,IND,14.152912,76.665824,,0.0,1,DRI; EAF; IF,10655640.702493113,667891194.5738244,22,14.125,76.625,5.386059168074161
P100000120110,Qian an Jiujiang Wire Co Ltd,Qian'an City Jiujiang Wire Co Ltd,Qian'an City Jiujiang Wire Co Ltd [100.0%],China,Asia Pacific,CHN,39.952209,118.559444,24.0,7079.0,1,BF; BOF; EAF,1205952791.2560177,26184257508.520584,31,39.95833333,118.54166667,1.6612649178146857
P100000120100,Qian an Zhayi Steel Group Co Ltd,Qian'an Zhayi Steel Group Co Ltd,Qian'an Zhayi Steel Group Co Ltd [100.0%],China,Asia Pacific,CHN,40.044026,118.552001,22.0,1500.0,1,EAF; BF; BOF,722897426.2393645,20922674707.457275,31,40.04166667,118.54166667,0.9180137879489347
P100000120239,Qingdao Special Iron and Steel Co Ltd,Qingdao Special Iron and Steel Co Ltd,Citic Pacific Special Steel Group Co Ltd [100.0%],China,Asia Pacific,CHN,35.6296,119.722335,13.0,4170.0,1,BF; BOF; EAF,431849713.01466113,3766118251.1097937,18,35.625,119.70833333,1.3649598615704726
P100001063756,Qinglong Manchu Autonomous County Delong Foundry Development Co Ltd,Qinglong Manzhu Autonomous County Delong Casting Industry Development Co Ltd,Qinglong Manzhu Autonomous County Delong Casting Industry Development Co Ltd [100.0%],China,Asia Pacific,CHN,40.427008,119.219855,15.87,1350.0,1,BF; BOF,14286152.175898882,571913381.0871459,29,40.45833333,119.20833333,3.6171148647683027
P100000120372,Qinhuangdao Baigong Steel Co Ltd,Qinhuangdao Baigong Steel Co Ltd,Tangshan Universal Industrial Development Co Ltd [100.0%],China,Asia Pacific,CHN,39.748773,118.819472,20.0,2260.0,1,BF; BOF; EAF,1644959560.7920702,18213193280.37356,31,39.70833333,118.79166667,5.086693083921233
P100000120152,Qinhuangdao Hongxing Iron and Steel Co Ltd,Qinhuangdao Hongxing Iron & Steel Co Ltd,Qinhuangdao Hongxing Iron & Steel Co Ltd [100.0%],China,Asia Pacific,CHN,39.700721,118.871477,24.0,3450.0,1,BF; BOF,853581286.6142415,17701261726.720314,31,39.70833333,118.875,0.8985080412232831
P100001064261,Qinyang Hongda Iron & Steel Co Ltd,Qinyang Hongda Iron & Steel Co Ltd,Qinyang Hongda Iron & Steel Co Ltd [100.0%],China,Asia Pacific,CHN,35.184849,112.902248,23.0,500.0,1,EAF,514258504.00895184,18519740255.656933,27,35.20833333,112.875,3.598515204542783
P100000120304,Quzhou Yuanli Metal Products Co Ltd,Quzhou Yuanli METAL Products Co Ltd,Zhejiang Yuanli METAL PRODUCT Group Co Ltd [81.5%]; Zhejiang Yuanli Metal Products Group Co Ltd Trade Union Committee [18.5%],China,Asia Pacific,CHN,28.893407,118.867125,35.0,5000.0,2,BF; BOF,1274727897.9611301,18757567892.70513,25,28.875,118.875,2.185664407313242
P100000120553,Ramsarup Industries Kharagpur steel plant,Ramsarup Industries Ltd,Shyam Metalics and Energy Ltd,India,Asia Pacific,IND,22.977477,88.457443,19.0,0.0,1,BF; DRI; EAF,3789988245.8372393,56289587072.09856,23,22.95833333,88.45833333,2.1306326282991592
P100001025938,Rashmi Green Hydrogen Steel Kharagpur steel plant,Rashmi Green Hydrogen Steel Pvt Ltd,Rashmi Green Hydrogen Steel Pvt Ltd [100.0%],India,Asia Pacific,IND,22.331489,87.398085,,,0,BF; BOF,1986124537.7752411,15135404865.391726,26,22.29166667,87.375,5.024647667045375
P100000120556,Rashmi Metaliks Jamuria steel plant,Rashmi Metaliks Ltd,Rashmi Metaliks Ltd [100.0%],India,Asia Pacific,IND,23.706343,87.07774,,,0,BOF; EAF; Iron other/unspecified,2472734054.712556,59632840138.32006,26,23.70833333,87.04166667,3.6793401942432182
P100000120555,Rashmi Metaliks Kharagpur steel plant,Rashmi Metaliks Ltd,Rashmi Metaliks Ltd [100.0%],India,Asia Pacific,IND,22.360664,87.295932,22.0,498.0,1,BF; IF,2985882028.961829,14156809346.931492,23,22.375,87.29166667,1.6533300056393285
P100000120531,RINL Vizag Steel plant,Rashtriya Ispat Nigam Ltd,Rashtriya Ispat Nigam Ltd [100.0%],India,Asia Pacific,IND,17.612846,83.191918,37.0,7300.0,1,BF; BOF,4255549611.1018696,27847472746.96944,12,17.625,83.20833333,2.2029401257761143
P100000120240,Rizhao Steel Holding Group Co Ltd,Rizhao Steel Holding Group Co Ltd,Jinghua Rigang Holding Group Co Ltd [98.8%]; unknown [1.2%],China,Asia Pacific,CHN,35.16535,119.366672,22.77,11300.0,1,BF; BOF; DRI,784949051.4879102,17666682118.644394,13,35.20833333,119.375,4.839084397114078
P100001025819,Rungta Mines Chaliyama steel plant,Rungta Mines Ltd,Rungta Mines Ltd [100.0%],India,Asia Pacific,IND,22.588359,85.905724,,696.0,1,DRI; IF; BF; Steel other/unspecified,134689600.47245446,2839598158.4254155,26,22.625,85.875,5.152355226721824
P100000120569,Rungta Mines Dhenkanal steel plant,Rungta Mines Ltd,Rungta Mines Ltd [100.0%],India,Asia Pacific,IND,20.764524,85.299318,5.0,206.0,1,DRI; IF; BF; BOF; EAF,523384374.02003706,6293674654.628268,24,20.79166667,85.29166667,3.1211964402759733
P100000121186,Rungta Mines Kamanda steel plant,Rungta Mines Ltd,Rungta Mines Ltd [100.0%],India,Asia Pacific,IND,21.928511,85.223988,,347.0,1,DRI; IF; BF; EAF,74366526.85200581,1960460993.3049457,26,21.95833333,85.20833333,3.6882881330674095
P100000121185,Rungta Mines Karakhendra steel plant,Rungta Mines Ltd,Rungta Mines Ltd [100.0%],India,Asia Pacific,IND,22.140174,85.414616,0.0,126.0,1,IF; BF; DRI; EAF,381858769.2588554,3541787034.3762994,26,22.125,85.375,4.4155941835447425
P100001025818,Rungta Mines Karakolha sponge iron plant,Rungta Mines Ltd,Rungta Mines Ltd [100.0%],India,Asia Pacific,IND,22.13237,85.417031,20.0,0.0,1,DRI; IF,423843395.00201446,3541787034.3762994,26,22.125,85.45833333,4.332536219216066
P100000120549,SAIL Alloy steel plant,Steel Authority of India Ltd,Steel Authority of India Ltd [100.0%],India,Asia Pacific,IND,23.522882,87.275935,61.13,501.0,1,EAF,1554639245.0040002,19741056243.67254,25,23.54166667,87.29166667,2.6334621444711286
P100000120525,SAIL Bhilai steel plant,Steel Authority of India Ltd,Steel Authority of India Ltd [100.0%],India,Asia Pacific,IND,21.185157,81.394207,67.0,6999.0,2,BF; BOF; Iron other/unspecified,2864194758.671946,21659202475.12976,24,21.20833333,81.375,3.25674838885081
P100000120526,SAIL Bokaro steel plant,Steel Authority of India Ltd,Steel Authority of India Ltd [100.0%],India,Asia Pacific,IND,23.671677,86.10687,54.0,4652.0,1,BF; BOF; Steel other/unspecified,2059046124.5198247,23243542674.479458,27,23.70833333,86.125,4.474577182804243
P100000120527,SAIL Durgapur steel plant,Steel Authority of India Ltd,Steel Authority of India Ltd [100.0%],India,Asia Pacific,IND,23.54843,87.245247,67.0,2499.0,2,BF; BOF,1051763448.3990381,24939488850.16023,26,23.54166667,87.20833333,3.8373098447847895
P100000120524,SAIL IISCO steel plant,Steel Authority of India Ltd,Steel Authority of India Ltd [100.0%],India,Asia Pacific,IND,23.673236,86.926179,108.0,2499.0,1,BF; BOF,8192607807.984975,61839620752.38252,26,23.70833333,86.95833333,5.094150798800503
P100000120550,SAIL Paradip steel plant,Steel Authority of India Ltd,Steel Authority of India Ltd [100.0%],India,Asia Pacific,IND,20.317455,86.609001,,,0,BOF; Iron other/unspecified,1296918868.074968,3317137597.9265804,16,20.29166667,86.625,3.3176096709398872
P100001081803,SAIL Ranchi DRI plant,Steel Authority of India Ltd,Steel Authority of India Ltd [100.0%],India,Asia Pacific,IND,23.3356313803427,85.31236535745192,,,0,DRI,4723400472.798967,23275761714.081444,26,23.375,85.29166667,4.860880705944382
P100000120528,SAIL Rourkela steel plant,Steel Authority of India Ltd,Steel Authority of India Ltd [100.0%],India,Asia Pacific,IND,22.210804,84.86895,67.0,4200.0,2,BF; BOF,4251005039.579961,9248773806.302546,22,22.20833333,84.875,0.6807184968404164
P100000120076,Sansteel Minguang Co Ltd Fujian plant,Sansteel Minguang Co Ltd Fujian,Fujian Metallurgical Holding Co Ltd [53.4%]; unknown [46.6%],China,Asia Pacific,CHN,26.261109,117.614709,25.0,6799.0,1,BF; BOF,3154692864.404899,8440845980.47614,26,26.29166667,117.625,3.54940577320563
P100000121056,Shaanxi Hanzhong Iron & Steel Group Company,Shaanxi Hanzhong Iron & Steel Group Co,Shaanxi Hanzhong Iron & Steel Group Co [100.0%],China,Asia Pacific,CHN,33.132446,106.657646,25.33,700.0,1,BF; EAF,554486726.9337088,2225382733.2569275,26,33.125,106.625,3.150720197793326
P100000120237,Shaanxi Huaxin Special Steel Group Co Ltd,Shaanxi Huaxin Special Steel Group Co Ltd,Shaanxi Huaxin Special Steel Group Co Ltd [100.0%],China,Asia Pacific,CHN,34.523278,109.986042,24.54,1200.0,1,EAF,179102021.36746305,3967730209.0390596,27,34.54166667,109.95833333,3.2593518106259163
P100000120234,Shaanxi Longmen Steel Co Ltd,Shaanxi LONG MEN IRON&STEEL Co Ltd,Shaanxi Coal and Chemical Industry Co Ltd [95.9%]; unknown [4.1%],China,Asia Pacific,CHN,35.618466,110.575788,18.66,7200.0,2,BF; BOF; EAF,1050556946.8883605,14744904558.483444,26,35.625,110.54166667,3.168589560489683
P100000120236,Shaanxi Lueyang Iron and Steel Co Ltd,Shaanxi Lueyang Iron and Steel Co Ltd,Shanghai Lingtuo Enterprise Management Center LP [52.1%]; Hanzhong Investment Holding Group Co Ltd [18.6%]; DongLing Group Incorporated Co [17.6%]; Lueyang County Economic and Trade Bureau [11.1%]; unknown [0.5%],China,Asia Pacific,CHN,33.323678,106.167206,22.29,1900.0,2,BF; BOF,32314098.785076372,235071813.06369317,30,33.29166667,106.20833333,5.22276705884309
P100000120235,Shaanxi Steel Group Hanzhong Iron and Steel Co Ltd,Shangang Group Hanzhong Iron & Steel Co Ltd,Shaanxi Coal and Chemical Industry Co Ltd [85.8%]; Hanzhong Investment Holding Group Co Ltd [8.9%]; unknown [5.3%],China,Asia Pacific,CHN,33.133192,106.671859,16.65,3000.0,1,BF; BOF,686629951.6960833,2225382733.2569275,26,33.125,106.70833333,3.516495119186415
P100000120162,Shagang Group Anyang Yongxing Special Steel Co Ltd,Shagang Group Anyang Yongxing Iron & Steel Co Ltd,Hengde International Co Ltd [27.4%]; Jiangsu Shagang Group Co Ltd [21.3%]; Zhangjiagang Free Trade Zone Rongrun Trade Co Ltd [16.8%]; unknown [12.4%]; Zhangjiagang Free Trade Zone Qianxing Investment Trade Co Ltd [10.5%]; Zhangjiagang Free Trade Zone Runyuan Stainless Steel Trade Co Ltd [6.4%]; Ningbo Meishan Free Trade Port Jincheng Shazhou Equity Investment Co Ltd [5.2%],China,Asia Pacific,CHN,36.143573,114.149964,33.0,2600.0,2,BF; BOF,3691623504.775808,76441400310.91841,28,36.125,114.125,3.048158496119079
P100000121191,Shakambhari Ispat and Power Purulia steel plant,Shakambhari Ispat & Power Ltd,Shakambhari Group,India,Asia Pacific,IND,23.613861,86.789527,25.0,660.0,1,DRI; IF; BF,740366725.9212388,52368176028.56881,23,23.625,86.79166667,1.2576383810260037
P100000120243,Shandong Chuanyang Group Co Ltd,Shandong Chuanyang Group Co Ltd,Shandong Chuanyang Group Co Ltd [100.0%],China,Asia Pacific,CHN,36.894784,117.888366,19.69,,0,BF; BOF,3677756121.979178,132833631048.93161,29,36.875,117.875,2.5005242935950673
P100000120249,Shandong Fulun Iron and Steel Co Ltd,Fulun Iron & Steel Co Ltd,Shandong Xiangxin Investment Holding Co Ltd [93.3%]; unknown [6.7%],China,Asia Pacific,CHN,36.308447,117.540425,22.63,2700.0,2,BF; BOF,792299266.5563575,19264789088.982098,28,36.29166667,117.54166667,1.8692050679113312
P100000120241,Shandong Guangfu Group Co Ltd,Shandong Guangfu Group Co Ltd,natural person(s) [89.3%]; Shandong Chaote High End Equipment Technology Co Ltd [10.7%],China,Asia Pacific,CHN,36.863145,117.616918,39.0,,0,BF; BOF; EAF,833477595.0387985,55716060226.73611,29,36.875,117.625,1.50152852491738
P100000121150,Shandong Iron and Steel Co Ltd Laiwu Branch Aishan Street,Shandong Iron and Steel Co Ltd,Shandong Iron and Steel Co Ltd [100.0%],China,Asia Pacific,CHN,36.087717,117.827927,5.0,3850.0,1,BF; BOF,1723461254.4344203,23064420998.48088,28,36.125,117.79166667,5.272399697746885
P100000120337,Shandong Iron and Steel Co Ltd Laiwu Branch Xinxing Road,Shandong Iron and Steel Co Ltd,Shandong Iron and Steel Co Ltd [100.0%],China,Asia Pacific,CHN,36.088504,117.850479,9.75,,0,BF; BOF; EAF,645335328.1557405,23382751704.847744,30,36.125,117.875,4.617521319613616
P100000120312,Shandong Iron and Steel Group Rizhao Co Ltd,Shandong IRON&STEEL Group Rizhao Co Ltd,Shandong Iron and Steel Co Ltd [50.6%]; Shandong Iron and Steel Group Co Ltd [34.0%]; Shandong Guohui Investment Co Ltd [9.7%]; Shandong Caixin Asset Operation Co Ltd [4.9%]; unknown [0.8%],China,Asia Pacific,CHN,35.188969,119.383723,17.0,8500.0,1,BF; BOF; EAF,784949051.4879102,17666682118.644394,13,35.20833333,119.375,2.2944659680609503
P100000120414,Shandong Iron and Steel Group Yongfeng Lingang Co Ltd,Shandong Iron & Steel Group Yongfeng Lingang Corp,Qihe Zhongxin Investment Co Ltd [47.2%]; Shandong Iron and Steel Group Co Ltd [28.4%]; Yongfeng Group Co Ltd [12.2%]; Shandong Guohui Investment Co Ltd [8.1%]; Shandong Caixin Asset Operation Co Ltd [4.1%],China,Asia Pacific,CHN,35.137061,119.068319,4.69,5400.0,1,BF; BOF,238915176.01580334,9753154820.245314,24,35.125,119.04166667,2.7700515746950685
P100000120238,Shandong Iron and Steel Group Yongfeng Zibo Co Ltd,Shandong Iron Steel Group Yongfeng Zibo Co Ltd,Shandong Iron and Steel Group Co Ltd [35.0%]; Qihe Zhongxin Investment Co Ltd [34.7%]; Yongfeng Group Co Ltd [15.3%]; Shandong Guohui Investment Co Ltd [10.0%]; Shandong Caixin Asset Operation Co Ltd [5.0%],China,Asia Pacific,CHN,36.906036,118.111833,4.74,,0,BF; BOF,5698841287.0221615,136955660178.24161,29,36.875,118.125,3.6442991393039534
P100001063692,Shandong Jinguan Metallurgical Technology Co Ltd,Shandong Jinguan Metallurgical Technology Co Ltd,Shandong Jinguan Metallurgical Technology Co Ltd [100.0%],China,Asia Pacific,CHN,37.449126,116.396787,22.79,2810.0,2,EAF,9904946687.227655,43214153692.66725,28,37.45833333,116.375,2.178711612039555
P100000120255,Shandong Laigang Yongfeng Steel Co Ltd,Shandong Laigang Yongfeng Steel Corp,Qihe Zhongxin Investment Co Ltd [55.5%]; Shandong Iron and Steel Group Co Ltd [24.1%]; Yongfeng Group Co Ltd [10.1%]; Shandong Guohui Investment Co Ltd [6.9%]; Shandong Caixin Asset Operation Co Ltd [3.4%],China,Asia Pacific,CHN,36.7993,116.8026,19.55,,0,BF; BOF,2781115807.54017,195609506147.86755,29,36.79166667,116.79166667,1.2915912562724137
P100000120251,Shandong Longsheng Iron and Steel Co Ltd,Shandong Longsheng Iron and Steel Co Ltd,Jinghua Rigang Holding Group Co Ltd [50.0%]; natural person(s) [30.4%]; unknown [19.7%],China,Asia Pacific,CHN,36.891189,118.187041,18.07,,0,BF; BOF,2852374041.5661826,127803991932.70581,28,36.875,118.20833333,2.6128146289321497
P100000120248,Shandong Luli Steel Co Ltd,Shandong Luli Steel Co Ltd,Luli Group Co Ltd [49.0%]; unknown [39.6%]; natural person(s) [11.4%],China,Asia Pacific,CHN,36.970875,118.955444,33.0,1400.0,1,BF; BOF,309288577.011094,35092020109.56995,31,36.95833333,118.95833333,1.418001494229779
P100000120252,Shandong Minyuan Iron and Steel Co Ltd,Shandong Minyuan Steel & Iron Co Ltd,Shandong Minyuan Steel & Iron Co Ltd [100.0%],China,Asia Pacific,CHN,36.728409,117.426582,19.7,,0,BF; BOF,5882085161.067249,57282828041.56949,27,36.70833333,117.45833333,3.6045118071468414
P100000120247,Shandong Shouguang Juneng Special Steel Co Ltd,Shandong Shouguang Juneng SPECIAL Steel Co Ltd,natural person(s) [44.4%]; unknown [15.3%]; Shouguang Zhirun Investment Co Ltd [13.4%]; Shouguang Shengda Investment Co Ltd [10.4%]; Shouguang Shanyue Qingfeng Economic and Trade Co Ltd [8.3%]; Shouguang Zhitao Trading Co Ltd [3.2%]; Shouguang Xingchen Dahai Trading Co Ltd [2.5%]; Shouguang Yunxin Economic and Trade Co Ltd [2.5%],China,Asia Pacific,CHN,36.939125,118.785598,23.21,2850.0,1,BF; BOF; EAF,1440684200.7685635,32050209982.774624,28,36.95833333,118.79166667,2.2029024582995724
P100001063638,Shandong Taigang Xinhai Stainless Steel Co Ltd,Shandong Taigang Xinhai Stainless Steel Co Ltd,Shandong Taigang Xinhai Stainless Steel Co Ltd [100.0%],China,Asia Pacific,CHN,35.228556,119.084178,10.07,1860.0,1,BF; BOF,374021532.01611346,9458763157.781727,26,35.20833333,119.125,4.33685471748012
P100000120245,Shandong Taishan Steel Group Co Ltd,Shandong Taishan Steel Group Co Ltd,Guang Yang An Tai Holdings Ltd [91.0%]; Jinan Yanshan Investment Co Ltd [9.0%],China,Asia Pacific,CHN,36.22141,117.627728,57.0,,0,BOF; BF; EAF,6228848405.062526,24084622143.53253,29,36.20833333,117.625,1.4745137008411835
P100000121146,Shandong Xinhua Special Steel Group Co Ltd,Shandong Xinhua Special Steel Group Co Ltd,Shandong Xinhua Special Steel Group Co Ltd [100.0%],China,Asia Pacific,CHN,36.256175,116.179833,18.47,,0,BF; BOF,783615313.084411,11074777483.821833,29,36.29166667,116.20833333,4.701325494286266
P100000120210,Shanghai Meishan Iron and Steel Co Ltd,Shanghai Meishan Iron & Steel Co Ltd,Baoshan Iron & Steel Co Ltd [77.0%]; China Development Bank Corp [9.1%]; The China Orient Asset Management Co Ltd [7.0%]; Nanjing State-Owned Assets Investment & Management Holding (Group) Co Ltd [6.8%],China,Asia Pacific,CHN,31.902969,118.61667,57.0,7600.0,1,BF; BOF,3051454698.510215,433566185514.9951,27,31.875,118.625,3.207913852868486
P100000120270,Shanxi Changxin Industrial Co Ltd,Shanxi Changxin Industry Co Ltd,Shanxi Changxin Industry Co Ltd [100.0%],China,Asia Pacific,CHN,36.326589,113.117181,37.0,1520.0,1,BF; BOF,2719454994.077153,57194942525.12236,29,36.29166667,113.125,3.9458893170968117
P100000121152,Shanxi Dongfang Hengliu Precision Casting Co,Shanxi Dongfang Hengliu Precision Casting Co,Shanxi Dongfang Hengliu Precision Casting Co [100.0%],China,Asia Pacific,CHN,36.080051,111.647754,16.04,,0,BF; BOF,586782703.6351858,41356599957.62777,30,36.04166667,111.625,4.732917372847866
P100000120268,Shanxi Gaoyi Steel Co Ltd,Shanxi Gaoyi Steel Co Ltd,Shanxi Gaoyi Steel Co Ltd [100.0%],China,Asia Pacific,CHN,35.586841,111.258436,29.0,2700.0,1,BF; BOF,2190467911.060826,12910462547.39323,28,35.625,111.29166667,5.198979769696239
P100000120266,Shanxi Hongda Iron and Steel Group Co Ltd,Shanxi HONGDA Iron and Steel Group Co Ltd,Shanxi HONGDA Iron and Steel Group Co Ltd [100.0%],China,Asia Pacific,CHN,35.701895,110.786826,26.81,2300.0,1,BF; BOF,250634379.58227268,11052557794.235443,30,35.70833333,110.79166667,0.8387905252837409
P100000120406,Shanxi Huaqiang Iron and Steel Co Ltd,Shanxi HUAQIANG Iron and Steel Co Ltd,Shanxi HUAQIANG Iron and Steel Co Ltd [100.0%],China,Asia Pacific,CHN,35.670848,111.378887,22.84,0.0,1,BF,402152281.1129497,13065059608.429657,30,35.70833333,111.375,4.182940322789926
P100000120267,Shanxi Huaxinyuan Steel and Iron Group Co Ltd,Hejin Huaxinyuan Steel & Iron Co Ltd,Hejin Huaxinyuan Steel & Iron Co Ltd [100.0%],China,Asia Pacific,CHN,35.605506,110.652056,23.12,1150.0,1,BF; BOF,1208145259.4777637,15237950599.103107,27,35.625,110.625,3.2680737453055553
P100000120274,Shanxi Jianlong Industrial Co Ltd,Shanxi Jianlong Industrial Co Ltd,Beijing Jianlong Investment Co Ltd [87.6%]; unknown [12.4%],China,Asia Pacific,CHN,35.417405,111.303919,25.91,4750.0,2,BF; BOF,384406160.84900844,10420441282.326838,30,35.45833333,111.29166667,4.684440246471042
P100000120316,Shanxi Jinnan Iron and Steel Group Co Ltd,Shanxi Jinnan Iron and Steel Group Co Ltd,Shanxi Jinnan Holding Group Co Ltd [100.0%],China,Asia Pacific,CHN,35.678541,111.51465,12.0,4800.0,1,BF; BOF,162446633.34105244,11181969511.28716,27,35.70833333,111.54166667,4.11424296223326
P100000120262,Shanxi Liheng Steel Co Ltd,Shanxi Liheng Iron and Steel Co Ltd,Shanxi Liheng Iron and Steel Co Ltd [100.0%],China,Asia Pacific,CHN,35.701541,111.42671,17.0,,0,BF; BOF,747390169.8949468,12388554602.370695,26,35.70833333,111.45833333,2.953599215212089
P100000120308,Shanxi Meijin Iron and Steel Co Ltd Dongyu Town,Shanxi Meijin Iron and Steel Co Ltd,Meijin Energy Group Co Ltd [50.0%]; China New Energy Group Ltd [48.0%]; unknown [2.0%],China,Asia Pacific,CHN,37.571354,112.229791,22.32,1700.0,2,BOF; BF,1679834580.032344,15890424232.047594,29,37.54166667,112.20833333,3.804592629057692
P100000121151,Shanxi Meijin Iron and Steel Co Ltd Yuanping City,Shanxi Meijin Iron and Steel Co Ltd,Meijin Energy Group Co Ltd [50.0%]; China New Energy Group Ltd [48.0%]; unknown [2.0%],China,Asia Pacific,CHN,38.7393,112.689086,,,0,BF; BOF,2498747960.66294,4813024117.569751,30,38.70833333,112.70833333,3.8268249031398325
P100000120258,Shanxi Taigang Stainless Steel Co Ltd,Shanxi Taigang Stainless Steel Co Ltd,Shanxi Taigang Stainless Steel Co Ltd [100.0%],China,Asia Pacific,CHN,37.931488,112.539321,27.69,12460.0,1,BF; BOF; EAF,24668432523.352684,350657524309.16284,29,37.95833333,112.54166667,2.992146812411448
P100000120264,Shanxi Tongcai Industry and Trade Co Ltd,ShanXi TongCai Industry and Trade Co Ltd,Shanxi Jianbang Group Co Ltd [51.4%]; natural person(s) [48.6%],China,Asia Pacific,CHN,35.694321,111.429381,24.0,2780.0,1,BF; BOF; EAF,747390169.8949468,12480281378.560802,27,35.70833333,111.45833333,3.0434308736442817
P100000121087,Shanxi Tongde Xinghua Special Steel Co Ltd,Shanxi Tongde Xinghua Special Steel Co Ltd,Shanxi State-Owned Capital Investment and Operation Co Ltd [28.7%]; Datong Qijun Trading Co Ltd [26.0%]; Tianjin Bohai Runde Steel Group Co Ltd [25.0%]; China Cinda Asset Management Co Ltd [14.8%]; Jinneng Holding Group Co Ltd [3.2%]; unknown [2.3%],China,Asia Pacific,CHN,40.183517,113.305462,20.21,2500.0,1,BF; BOF,353310074.948443,103394504652.0815,29,40.20833333,113.29166667,2.9979152823497848
P100000120261,Shanxi Xintai Iron and Steel Co Ltd,Shanxi Xintai Iron & Steel Co Ltd,Shanxi Antai Holding Group Co Ltd [100.0%],China,Asia Pacific,CHN,37.075017,111.985148,20.73,3000.0,2,BF; BOF,4334687658.950084,34995575833.858185,30,37.04166667,111.95833333,4.406116840930466
P100000120271,Shanxi Zhongsheng Iron and Steel Co Ltd,Shanxi Zhongsheng Iron and Steel Co Ltd,Shanxi Zhongsheng Iron and Steel Co Ltd [100.0%],China,Asia Pacific,CHN,35.727776,111.330122,19.32,0.0,1,BF; BOF,224177109.58702946,12388542669.833418,27,35.70833333,111.29166667,4.089836638658217
P100000120259,Shanxi Zhongyang Iron and Steel Co Ltd,Shanxi Zhongyang Iron & Steel Co Ltd,Shanxi Zhongyang Iron & Steel Co Ltd [100.0%],China,Asia Pacific,CHN,37.370796,111.161118,20.28,3600.0,1,BF; BOF,320338051.3482251,10953516151.292587,26,37.375,111.125,3.22568888794068
P100001063176,"Shengli (Qingyuan) Steel Products Co., Ltd.",Shengli (Qingyuan) Steel Products Co Ltd,Shengli (Qingyuan) Steel Products Co Ltd [100.0%],China,Asia Pacific,CHN,23.553041,113.119942,22.0,1000.0,1,EAF,1383225148.037752,108065596004.31471,23,23.54166667,113.125,1.3658245882753102
P100001063815,ShiGangJingCheng Equipment Development and Manufacturing Co Ltd,ShiGangJingCheng Equipment Development and Manufacturing Co Ltd,ShiGangJingCheng Equipment Development and Manufacturing Co Ltd [100.0%],China,Asia Pacific,CHN,40.626396,122.38884,20.0,1900.0,1,BOF; EAF,758099574.9849542,50793015085.371735,27,40.625,122.375,1.1782932526934482
P100000120246,Shiheng Special Steel Group Co Ltd,Shiheng SPECIAL Steel Group Co Ltd,Shiheng Special Steel Holding Group Co Ltd [54.7%]; Hong Kong Wing Tai Holdings [22.0%]; unknown [15.9%]; Trade Union Committee of Shiheng Special Steel Group [7.4%],China,Asia Pacific,CHN,36.229201,116.533981,25.15,4650.0,1,BF; BOF,1341653440.6361408,11922002893.391815,28,36.20833333,116.54166667,2.4206491930060996
P100001064067,Shijiazhuang Hongsen Melting & Casting Co Ltd,Shijiazhuang Hongsen Melting & Casting Co Ltd,Shijiazhuang Hongsen Melting & Casting Co Ltd [100.0%],China,Asia Pacific,CHN,38.021527,114.916959,19.47,0.0,1,BF; EAF,945492196.1136818,24891376304.058773,28,38.04166667,114.95833333,4.259907975773861
P100000120103,Shijiazhuang Iron and Steel Co Ltd,Shijiazhuang Iron and Steel Co Ltd,HBIS Group Co Ltd [74.7%]; HBIS International Holdings Ltd [24.9%]; unknown [0.4%],China,Asia Pacific,CHN,38.060735,114.560358,63.0,,0,BF; BOF; EAF,81899035074.2525,330660223500.23596,29,38.04166667,114.54166667,2.6784878482839543
P100000120322,Shijiazhuang Iron and Steel Co Ltd Special Steel Branch,Shijiazhuang Iron and Steel Co Ltd,HBIS Group Co Ltd [74.7%]; HBIS International Holdings Ltd [24.9%]; unknown [0.4%],China,Asia Pacific,CHN,38.075008,114.033043,6.0,2000.0,1,EAF,1532287958.3060682,9741885478.582943,30,38.04166667,114.04166667,3.78349364521536
P100000121073,Shiyan Fuyan Iron and Steel Co Ltd,Shiyan Fuyan Iron and Steel Co Ltd,Hubei Tiangang Recycling Industry Group Co Ltd [50.8%]; natural person(s) [49.2%],China,Asia Pacific,CHN,32.650367,110.654794,23.0,600.0,1,EAF,111115982.9373292,24465181975.880474,27,32.625,110.625,3.9672900203668853
P100000121074,Shiyan Yunyang District Rongfeng Iron and Steel Co Ltd,Yun County Rongfeng Rolling Mill Factory,Yun County Rongfeng Rolling Mill Factory [100.0%],China,Asia Pacific,CHN,32.738598,110.793269,15.0,700.0,1,EAF,2868377109.874325,25029605516.576862,28,32.70833333,110.79166667,3.3686189708091328
P100000120275,Shougang Changzhi Iron and Steel Co Ltd,Shougang Changzhi IRON& Steel Co Ltd,Beijing State-owned Capital Management Center [90.0%]; Changzhi State-owned Industry Asset Operation Co Ltd [10.0%],China,Asia Pacific,CHN,36.356404,113.060809,29.94,3600.0,1,BF; BOF,2449438562.2978115,46912539143.715645,28,36.375,113.04166667,2.6857999046295697
P100000121067,Shougang Guiyang Special Steel Co Ltd,Shougang Guiyang SPECIAL Steel Co Ltd,Beijing State-owned Capital Management Center [70.0%]; Guizhou Qiansheng State-Owned Assets Management Co Ltd [29.7%]; unknown [0.3%],China,Asia Pacific,CHN,26.873592,106.73215,68.0,600.0,1,EAF,264952407.92503846,12122176680.319387,26,26.875,106.70833333,2.3674640829413756
P100000120106,Shougang Jingtang United Iron and Steel Co Ltd,Shougang Jingtang United Iron & Steel Co Ltd,Beijing Shougang Co Ltd [100.0%],China,Asia Pacific,CHN,38.953664,118.50339,21.0,13700.0,1,BF; BOF,102371633.8710309,409257805.6214824,5,38.95833333,118.54166667,3.350204276951799
P100000120107,Shougang Qian an Iron and Steel Co Ltd,Beijing Shougang Co Ltd,Beijing Shougang Co Ltd [100.0%],China,Asia Pacific,CHN,39.976702,118.558788,24.0,8300.0,2,BF; BOF; EAF,1205952791.2560177,24484405433.029182,29,39.95833333,118.54166667,2.510136907496916
P100000120096,Shougang Shuicheng Iron and Steel Group Co Ltd,Shougang Shuicheng Iron & Steel (Group) Co Ltd,Beijing State-owned Capital Management Center [61.1%]; China Huarong Asset Management Co Ltd [16.2%]; China Cinda Asset Management Co Ltd [13.2%]; unknown [9.6%],China,Asia Pacific,CHN,26.595229,104.877413,60.0,3501.0,1,BF; BOF,2917021785.146939,15938825236.627527,25,26.625,104.875,3.3190694549273654
P100001063585,Shougang Yili Iron & Steel Co Ltd,Shougang Yili Iron & Steel Co Ltd,Shougang Yili Iron & Steel Co Ltd [100.0%],China,Asia Pacific,CHN,43.528516,83.276706,68.0,0.0,1,BF,36347068.67769812,168536163.50178665,31,43.54166667,83.29166667,1.8954472818433628
P100000121192,Shri Bajrang Power & Ispat Tilda steel plant,Shri Bajrang Power and Ispat Ltd,Banka Finance & Securities Pvt Ltd [15.9%]; Atlanta Securities Pvt Ltd [15.6%]; natural person(s) [6.3%]; Sukanya Merchandise Pvt Ltd [5.5%]; Bonus Dealcom Pvt Ltd [5.5%],India,Asia Pacific,IND,21.48619,81.771697,13.0,500.0,1,DRI; Steel other/unspecified; BF; BOF,450845929.98527956,12620353691.908892,26,21.45833333,81.79166667,3.7235361607243966
P100000121183,Shyam Metalics Jamuria steel plant,Shyam Metalics and Energy Ltd,Shyam Metalics and Energy Ltd [100.0%],India,Asia Pacific,IND,23.693749,87.122711,13.0,1144.0,1,BF; DRI; IF; EAF,753463000.0749441,38667748156.27931,23,23.70833333,87.125,1.6383666842796631
P100000121184,Shyam Metalics Sambalpur steel plant,Shyam Metalics and Energy Ltd,Shyam Metalics and Energy Ltd [100.0%],India,Asia Pacific,IND,21.680344,84.04179,20.0,1606.0,1,DRI; IF; EAF; BF,263458006.06268016,7486760474.557322,24,21.70833333,84.04166667,3.1123018798753623
P100000121182,Shyam Steel Mejia steel plant,Shyam Steel Manufacturing Ltd,Shyam Steel Industries Ltd,India,Asia Pacific,IND,23.564157,87.089552,,126.0,1,DRI; IF; EAF,675556161.7232339,41512101570.62888,26,23.54166667,87.125,4.394291185007889
P100000121181,Shyam Steel Raghunathpur steel plant,Shyam Steel Industries Ltd,Shyam Steel Industries Ltd [100.0%],India,Asia Pacific,IND,23.590212,86.724603,2.0,420.0,1,DRI; IF; BF; BOF; EAF,363171012.67553264,43308663375.96126,27,23.625,86.70833333,4.208487768584122
P100000120377,Sichuan Dazhou Iron and Steel Group Co Ltd,Sichuan Dazhou Iron & Steel Group Co Ltd,Beijing Fangda International Industrial Investment Group Co Ltd [69.3%]; unknown [24.6%]; China Cinda Asset Management Co Ltd [6.1%],China,Asia Pacific,CHN,31.18945,107.453099,28.89,2300.0,1,BF; BOF,10197981456.470524,16472287883.06964,26,31.20833333,107.45833333,2.157948078309814
P100000120075,Sichuan Desheng Group Vanadium and Titanium Co Ltd,"Sichuan De Sheng Group, Vanadium and Titanium Co Ltd",Haojun Development Group Co Ltd [49.0%]; natural person(s) [26.8%]; Yunnan Desheng Steel Co Ltd [14.0%]; Yunnan Desheng Logistics Co Ltd [10.2%],China,Asia Pacific,CHN,29.39798,103.542532,29.0,3000.0,1,BF; BOF,181895609.9521647,10461070700.557838,25,29.375,103.54166667,2.556637989366396
P100000120375,Sichuan Gangchen Stainless Steel Co Ltd,Sichuan Gangchen Stainless Steel Co Ltd,Fujian Xinsheng Investment Co Ltd [85.0%]; Pingtan Longxin Investment Co Ltd [15.0%],China,Asia Pacific,CHN,29.501044,103.607365,6.23,600.0,1,EAF,473439435.8729224,29940041899.692486,26,29.54166667,103.625,4.828588209492602
P100000121058,Sichuan Shehong Chuanzhong Construction Materials Co Ltd,Sichuan Shehong Chuanzhong Construction Materials Co Ltd,Sichuan Shehong Chuanzhong Construction Materials Co Ltd [100.0%],China,Asia Pacific,CHN,30.830726,105.367695,25.89,550.0,1,EAF,442654217.20127475,9349076971.864544,29,30.79166667,105.375,4.398877892452609
P100000120320,Sichuan Shengquan Iron and Steel Group Co Ltd,Sichuan Shengquan Iron and Steel Group Co Ltd,Sichuan Shengquan Iron and Steel Group Co Ltd [100.0%],China,Asia Pacific,CHN,31.255961,104.190612,7.46,1000.0,1,EAF,1180067619.3126886,29002625399.538162,27,31.29166667,104.20833333,4.312745107710951
P100000121059,Sichuan Yaan Anshan Iron and Steel Co Ltd,Sichuan Ya'an Anshan Iron and Steel Co Ltd,Sichuan Ya'an Anshan Iron and Steel Co Ltd [100.0%],China,Asia Pacific,CHN,30.059133,102.625907,4.91,830.0,1,EAF,388037.3015476711,446411930.7011265,25,30.04166667,102.625,1.9441309268502975
P100000120575,Sunflag Iron and Steel plant,Sunflag Iron and Steel Co Ltd,Sunflag Iron and Steel Co Ltd [100.0%],India,Asia Pacific,IND,21.232929,79.632398,37.0,525.0,1,BF; DRI; EAF; IF; Steel other/unspecified,158719364.06818208,1255507176.8616993,23,21.20833333,79.625,2.8403909260302322
P100001025670,Surjagad Ispat Gadchiroli steel plant,Surjagad Ispat Pvt Ltd,Surjagad Ispat Pvt Ltd [100.0%],India,Asia Pacific,IND,19.487201,79.968551,0.0,,0,DRI; IF; Steel other/unspecified,1744300.2223284245,38077949.28940603,24,19.45833333,79.95833333,3.3839520152840503
P100000121193,Swadesh Metallics Simga steel plant,Swadesh Metallics Pvt Ltd,Swadesh Metallics Pvt Ltd [100.0%],India,Asia Pacific,IND,21.625706,81.705254,,,0,BF; DRI; IF,194558399.93739942,4377203761.590546,21,21.625,81.70833333,0.32784335657033936
P100001063500,Taishan Baofeng Iron & Steel Co Ltd,Taishan Baofeng Iron & Steel Co Ltd,Taishan Baofeng Iron & Steel Co Ltd [100.0%],China,Asia Pacific,CHN,22.425677,112.788855,23.0,520.0,1,EAF,4190029623.921236,43885101773.978195,24,22.45833333,112.79166667,3.642702795552463
P100000120147,Tangshan Chunxing Special Steel Co Ltd,Tangshan Chunxing Special Steel Co Ltd,Tangshan Donghua Iron & Steel Enterprise Group Co Ltd [84.2%]; natural person(s) [15.8%],China,Asia Pacific,CHN,39.676326,118.427914,23.5,2400.0,1,BF; BOF,1872854078.2187674,92559277497.56479,32,39.70833333,118.45833333,4.409227861334457
P100000120122,Tangshan Delong Iron and Steel Co Ltd,Tangshan DELONG Steel Co Ltd,Qian'an City Jiujiang Wire Co Ltd [51.0%]; British Asia Pan Ruogen International Co Ltd [49.0%],China,Asia Pacific,CHN,39.19256,118.899533,23.67,,0,BF; BOF,218136816.73348233,4135555372.663854,15,39.20833333,118.875,2.7468528808700823
P100000120146,Tangshan Donghai Iron and Steel Group Co Ltd,Tangshan Donghai Iron and Steel Group Co Ltd,Tangshan Donghai Iron and Steel Group Co Ltd [100.0%],China,Asia Pacific,CHN,39.748373,118.624794,23.0,5499.0,1,BF; BOF,770999040.1643324,37003524212.31657,30,39.70833333,118.625,4.452249171530553
P100000120108,Tangshan Donghua Iron and Steel Enterprise Group Co Ltd,Tangshan Donghua Iron & Steel Enterprise Group Co Ltd,Tangshan Donghua Iron & Steel Enterprise Group Co Ltd [100.0%],China,Asia Pacific,CHN,39.468366,118.256774,17.0,4750.0,2,BF; BOF; EAF,438464931.03294915,104601089880.18478,28,39.45833333,118.29166667,3.1963951389153036
P100000120128,Tangshan Fengnan District Jing an Iron and Steel Co Ltd,Tangshan Fengnan District Jing'an Iron and Steel Co Ltd,Tangshan Fengnan District Jing'an Iron and Steel Co Ltd [100.0%],China,Asia Pacific,CHN,39.600956,118.358726,24.0,4125.0,2,BF; BOF,1597397963.2435653,141866314043.75967,29,39.625,118.375,3.015191226375028
P100000120143,Tangshan Fengnan Kaiheng Iron and Steel Co Ltd,Tangshan Fengnan Kaiheng Iron & Steel Co Ltd,Tangshan Fengnan Kaiheng Iron & Steel Co Ltd [100.0%],China,Asia Pacific,CHN,39.4632,118.247191,21.0,,0,BF; BOF,307330756.7732362,103438117699.62515,27,39.45833333,118.20833333,3.379510137960086
P100000120118,Tangshan Ganglu Iron and Steel Co Ltd,Tangshan Ganglu Iron & Steel Co Ltd,Guotao Co Ltd (Hong Kong) [76.3%]; Yushan (Beijing) Metallurgical Investment Co Ltd [23.7%],China,Asia Pacific,CHN,40.183913,118.073913,24.0,5614.0,2,BF; BOF,392661136.5966965,7991515748.939623,30,40.20833333,118.04166667,3.856786532115317
P100000120379,Tangshan Guotang Steel Co Ltd,Tangshan Guotang Steel Co Ltd,Guotao Co Ltd (Hong Kong) [61.0%]; Tangshan GUOYI SPECIAL Steel Co Ltd [20.0%]; Yushan (Beijing) Metallurgical Investment Co Ltd [19.0%],China,Asia Pacific,CHN,39.293147,119.046972,4.0,3000.0,1,BF; BOF,658638310.9064554,5582819191.222353,19,39.29166667,119.04166667,0.4853251957151912
P100000120144,Tangshan Guoyi Special Type Iron and Steel Co Ltd,Tangshan GUOYI SPECIAL Steel Co Ltd,Tangshan GUOYI SPECIAL Steel Co Ltd [100.0%],China,Asia Pacific,CHN,39.659153,118.411488,16.0,,0,BF; BOF,1597397963.2435653,125914337536.63997,31,39.625,118.375,4.917653401146054
P100000120101,Tangshan Iron and Steel Group Co Ltd,TANG Shan Iron and Steel Group Co Ltd,HBIS Group Co Ltd [100.0%],China,Asia Pacific,CHN,39.648587,118.212487,77.0,,0,BF; BOF,39795139194.13621,155462748201.50528,29,39.625,118.20833333,2.646766696178787
P100000120124,Tangshan Jianlong Special Steel Co Ltd,Tangshan Jianlong Steel SPECIAL Steel Co Ltd,Beijing Jianlong Investment Co Ltd [90.2%]; unknown [9.8%],China,Asia Pacific,CHN,40.167686,117.964004,20.0,,0,BF; BOF,3405149508.8777,6696341161.225805,31,40.20833333,117.95833333,4.545379151270477
P100000120141,Tangshan Jinma Steel Group Co Ltd,Tangshan Jinma Iron & Steel Group Co Ltd,Tangshan Jinma Iron & Steel Group Co Ltd [100.0%],China,Asia Pacific,CHN,39.700499,118.456775,12.0,,0,BF; BOF,1872854078.2187674,91786528578.4662,31,39.70833333,118.45833333,0.8812804072645121
P100000120127,Tangshan Medium Thick Plate Co Ltd,Tangshan Heavy Plate Co Ltd,HBIS Co Ltd [51.0%]; Cambodia Rongfeng Investment Co Ltd [25.1%]; Hebei Wenfeng Industrial Group Co Ltd [23.9%],China,Asia Pacific,CHN,39.268452,119.024819,20.0,4200.0,1,BF; BOF,658638310.9064554,5574342695.914176,18,39.29166667,119.04166667,2.960779944451636
P100000120109,Tangshan Ruifeng Iron and Steel Group Co Ltd,Tangshan RUIFENG Steel and Iron (GROUP) Co Ltd,Tangshan RUIFENG Steel and Iron (GROUP) Co Ltd [100.0%],China,Asia Pacific,CHN,39.497472,118.272056,24.0,4500.0,1,BF; BOF,438464931.03294915,126068925193.7959,31,39.45833333,118.29166667,4.666168414866825
P100001063916,Tangshan Shoutang Baosheng Functional Materials Co Ltd,Tangshan Shoutang Baosheng Functional Materials Co Ltd,Tangshan Shoutang Baosheng Functional Materials Co Ltd [100.0%],China,Asia Pacific,CHN,39.751793,118.490004,19.19,860.0,1,EAF,1356006637.3997142,52795312774.227554,31,39.79166667,118.45833333,5.194661251964483
P100000120112,Tangshan Songting Iron and Steel Co Ltd,Tangshan Songting IRON&STEEL Co Ltd,Tangshan Songting IRON&STEEL Co Ltd [100.0%],China,Asia Pacific,CHN,39.938866,118.576678,57.0,5000.0,1,BF; BOF,1205952791.2560177,26468652953.4664,29,39.95833333,118.54166667,3.686891987047509
P100000121141,Tangshan Stainless Steel Co Ltd,Tangshan Stainless Steel Co Ltd,HBIS Group Co Ltd [68.9%]; Metallurgical Corporation of China Ltd [23.9%]; unknown [7.2%],China,Asia Pacific,CHN,39.160401,118.429806,,,0,BF; BOF,146526011.7107865,5420460228.12082,22,39.125,118.45833333,4.641980522264962
P100000120126,Tangshan Stainless Steel Co Ltd Guye District,Tangshan Stainless Steel Co Ltd,HBIS Group Co Ltd [68.9%]; Metallurgical Corporation of China Ltd [23.9%]; unknown [7.2%],China,Asia Pacific,CHN,39.730795,118.467608,23.0,,0,BF; BOF,1872854078.2187674,51454468576.98137,29,39.70833333,118.45833333,2.6205715154098734
P100000120148,Tangshan Wenfeng Special Steel Co Ltd,Tangshan Wenfeng Special Steel Co Ltd,Cambodia Rongfeng Investment Co Ltd [62.5%]; Hebei Wenfeng Industrial Group Co Ltd [36.4%]; unknown [1.2%],China,Asia Pacific,CHN,39.146541,118.432261,18.47,2000.0,1,BF; BOF; EAF,146526011.7107865,4822170639.785444,19,39.125,118.45833333,3.2854094367669964
P100000120139,Tangshan Xinbaotai Iron and Steel Co Ltd,Tangshan Xinbaotai Iron & Steel Co Ltd,Beijing Jianlong Investment Co Ltd [43.3%]; Guotao Co Ltd (Hong Kong) [38.9%]; Yushan (Beijing) Metallurgical Investment Co Ltd [12.1%]; unknown [5.7%],China,Asia Pacific,CHN,39.861425,118.03667,19.0,,0,BF; BOF,597616844.3023248,46917457212.68396,31,39.875,118.04166667,1.5685532238982314
P100000120140,Tangshan Xinglong Iron and Steel Co Ltd,Tangshan Xinglong Steel Co Ltd,Tangshan Xinglong Steel Co Ltd [100.0%],China,Asia Pacific,CHN,39.847612,118.348448,25.0,825.0,1,EAF; BOF; BF,178134743.02966222,60926767373.43919,31,39.875,118.375,3.7961331834892307
P100000120341,Tangshan Yutian Jinzhou Industrial Co Ltd,Tangshan Yutian Jinzhou Industry Co Ltd,British Asia Pan Ruogen International Co Ltd [60.0%]; Tangshan Fengrun Jinruicheng Iron and Steel Co Ltd [40.0%],China,Asia Pacific,CHN,39.967373,117.857659,15.0,700.0,1,EAF,74159309.89730716,12222390049.413057,29,39.95833333,117.875,1.787343388727045
P100000120342,Tangshan Zhengfeng Steel Co Ltd,Tangshan Zhengfeng Steel Co Ltd,Tangshan Zhengfeng Steel Co Ltd [100.0%],China,Asia Pacific,CHN,39.85271,118.181279,22.0,2439.0,1,EAF,2256673828.2882605,55350743231.762314,30,39.875,118.20833333,3.387481560941325
P100000120546,Tata Metaliks Kharagpur steel plant,Tata Metaliks Ltd,Tata Metaliks Ltd [100.0%],India,Asia Pacific,IND,22.385611,87.287179,36.0,0.0,1,BF,2985882028.961829,14177735291.438112,23,22.375,87.29166667,1.2669061872106653
P100000120535,Tata Steel Gamharia steel plant,Tata Steel Ltd,Tata Steel Ltd [100.0%],India,Asia Pacific,IND,22.812895,86.084022,55.0,1200.0,1,BF; DRI; EAF,1938665923.5311012,20708448917.180756,26,22.79166667,86.125,4.818262013239597
P100000120529,Tata Steel Jamshedpur steel plant,Tata Steel Ltd,Tata Steel Ltd [100.0%],India,Asia Pacific,IND,22.788598,86.1996,114.0,11000.0,1,BF; BOF,4812182514.970916,20890442489.88347,24,22.79166667,86.20833333,0.95810984736061
P100000120530,Tata Steel Kalinganagar steel plant,Tata Steel Ltd,Tata Steel Ltd [100.0%],India,Asia Pacific,IND,20.970411,86.015211,10.0,8000.0,1,BF; BOF,864289310.3874147,7470038108.253656,25,20.95833333,86.04166667,3.0577167360293145
P100000120576,Tata Steel Ludhiana steel plant,Tata Steel Ltd,Tata Steel Ltd [100.0%],India,Asia Pacific,IND,30.946888,75.987521,,,0,EAF,1625924942.994734,22259605542.9267,26,30.95833333,75.95833333,3.060499113174928
P100000120511,Tata Steel Meramandali steel plant,Tata Steel Ltd,Tata Steel Ltd [100.0%],India,Asia Pacific,IND,20.796053,85.260382,19.0,5510.0,1,BF; BOF; DRI; EAF; IF; Steel other/unspecified,523384374.02003706,8055729405.64614,26,20.79166667,85.29166667,3.2884828460789124
P100000120281,Tianjin Iron and Steel Group Co Ltd,Tianjin Iron and Steel Group Co Ltd,British Asia Pan Ruogen International Co Ltd [59.2%]; unknown [40.8%],China,Asia Pacific,CHN,39.031083,117.499246,91.0,6650.0,1,BF; BOF; EAF,7120436820.791538,420171486451.82947,26,39.04166667,117.45833333,3.7244607224526023
P100000120280,Tianjin Iron Plant,Tianjin Iron PLANT Co Ltd,British Asia Pan Ruogen International Co Ltd [59.2%]; unknown [40.8%],China,Asia Pacific,CHN,36.58967,113.745792,57.0,4870.0,1,BF; BOF,1279452525.6709294,5117323771.138807,29,36.625,113.70833333,5.158769393114092
P100000120287,Tianjin Metallurgy Group Zhasan Steel Co Ltd,Tianjin Metallurgy Group Zhasan Steel Co Ltd,British Asia Pan Ruogen International Co Ltd [59.2%]; unknown [40.8%],China,Asia Pacific,CHN,38.825269,117.08849,11.3,,0,BF; BOF,805190129.0529438,66353473243.63198,30,38.79166667,117.125,4.895783256490337
P100000120284,Tianjin New Tiangang United Special Steel Co Ltd,Tianjin Tiangang UNITED SPECIAL Steel Co Ltd,British Asia Pan Ruogen International Co Ltd [59.2%]; unknown [40.8%],China,Asia Pacific,CHN,39.300258,117.800231,16.66,4500.0,1,BF; BOF,10311114379.091043,77802195078.26004,26,39.29166667,117.79166667,1.2065498976619211
P100000120282,Tianjin Pipe Corporation,Tianjin Pipe Corp,Citic Pacific Special Steel Group Co Ltd [51.0%]; Tianjin Ngs Hongda General Co [12.0%]; The China Orient Asset Management Co Ltd [9.6%]; Far East Horizon [8.9%]; Tianjin Jincheng State-Owned Capital Investment and Operations Co Ltd [8.6%]; Tianjin Guoxing Capital Operation Co Ltd [3.2%]; unknown [2.4%]; Tianjin Dongjiang Free Trade Port Area Management Committee [2.4%]; Tianjin Teda Investment Holdings Co Ltd [1.6%]; Tianjin Jinzhi State-owned Capital Investment and Operation Co Ltd [0.0%]; Tianjin STATE-OWNED CAPITAL Investment and Management Co Ltd [0.0%]; Tianjin Guoheng Investment Holding Co Ltd [0.0%]; Tianjin Port (Group) Co Ltd [0.0%],China,Asia Pacific,CHN,39.034002,117.486798,15.2,3000.0,1,BF; DRI; EAF,7120436820.791538,479048193622.63153,27,39.04166667,117.45833333,2.6019919353976313
P100000120283,Tianjin Rockcheck Steel Group Co Ltd,Rockcheck Steel Group Co Ltd,Tianjin Rongcheng Xiangtai Investment Holdings Co Ltd [77.8%]; natural person(s) [17.9%]; unknown [4.2%],China,Asia Pacific,CHN,38.970638,117.495794,23.08,4500.0,2,BF; BOF; EAF,8170303829.634859,422293657920.1426,25,38.95833333,117.45833333,3.515924277139339
P100001023535,Tianjin Rongcheng Group Tangshan Fengrun Special Steel Co Ltd,Tianjin Rongcheng Group Tangshan Special Steel Co Ltd; Tangshan Zhengfeng Steel Co Ltd,Tangshan Zhengfeng Steel Co Ltd [100.0%]; Tianjin Rongcheng Group Tangshan Special Steel Co Ltd [100.0%],China,Asia Pacific,CHN,39.85271,118.181279,2.2,,0,EAF,2256673828.2882605,55350743231.762314,30,39.875,118.20833333,3.387481560941325
P100000121081,Tianjin Rongcheng Group Tangshan Special Steel Co Ltd,Tianjin Rongcheng Group Tangshan Special Steel Co Ltd,Tianjin Rongcheng Group Tangshan Special Steel Co Ltd [100.0%],China,Asia Pacific,CHN,39.551552,118.137993,21.0,,0,BF; BOF,9710283612.501226,134035400903.13374,31,39.54166667,118.125,1.5650483162837716
P100000120285,Tianjin Tianfeng Steel Co Ltd,Tianjin Tianfeng Steel Co Ltd,Tianjin Tianfeng Steel Co Ltd [100.0%],China,Asia Pacific,CHN,38.832642,117.102765,19.12,,0,BF; BOF,805190129.0529438,136245998263.05936,32,38.79166667,117.125,4.946812639896308
P100000120288,Tianjin Tianzhong Giant Heavy Industry Co Ltd,Tianjin Tianzhong Giant Heavy Industry Co Ltd,Tianjin Jiangtian Industrial Development Co Ltd [100.0%],China,Asia Pacific,CHN,39.501442,118.719554,20.51,,0,BF; BOF,1572778754.3996863,14504012305.231407,32,39.54166667,118.70833333,4.575162136032158
P100000120668,Tokyo Steel Kyushu plant,Tokyo Steel Manufacturing Co Ltd,Tokyo Steel Manufacturing Co Ltd [100.0%],Japan,Asia Pacific,JPN,33.881431,130.755978,54.3,678.0,1,EAF,39326229999.73937,219232791699.09634,15,33.875,130.79166667,3.3713772176317347
P100000120669,Tokyo Steel Okayama plant,Tokyo Steel Manufacturing Co Ltd,Tokyo Steel Manufacturing Co Ltd [100.0%],Japan,Asia Pacific,JPN,34.515062,133.745525,63.39,708.0,1,EAF,12824930411.579533,105838208387.31323,19,34.54166667,133.70833333,4.512150691932248
P100000120670,Tokyo Steel Tahara plant,Tokyo Steel Manufacturing Co Ltd,Tokyo Steel Manufacturing Co Ltd [100.0%],Japan,Asia Pacific,JPN,34.702012,137.249114,15.72,2600.0,1,EAF,6515425440.511312,150680876883.56177,13,34.70833333,137.29166667,3.9528499672178716
P100000120671,Tokyo Steel Utsunomiya plant,Tokyo Steel Manufacturing Co Ltd,Tokyo Steel Manufacturing Co Ltd [100.0%],Japan,Asia Pacific,JPN,36.540425,139.993079,30.3,800.0,1,EAF,15052426895.150934,123308837323.74382,26,36.54166667,139.95833333,3.1071611106499617
P100000120216,Tonghua Iron and Steel Co Ltd,Tonghua Iron & Steel Co Ltd,Beijing State-owned Capital Management Center [56.2%]; unknown [16.9%]; Industrial and Commercial Bank of China Ltd [8.3%]; China Construction Bank Corp [8.1%]; Bank of China Ltd [6.5%]; BANK of Jilin Co Ltd [0.9%]; Hana Bank Co Ltd [0.9%]; Changchun Financial Holding Group Co Ltd [0.6%]; Jilin Financial Holding Group Co Ltd [0.6%]; Jilin YATAI (GROUP) Co Ltd [0.5%]; Jilin PROVINCE Inestment Group Co Ltd [0.3%]; Changchun City Development Investment Holding (Group) Co Ltd [0.1%],China,Asia Pacific,CHN,41.779125,126.022349,19.53,4590.0,1,BF; BOF,601217158.3271072,6291983075.240689,30,41.79166667,126.04166667,2.123717616120122
P100000120072,Tongling Fuxin Iron and Steel Co Ltd,Tongling Fuxin Iron & Steel Co Ltd,Tongling Fuxin Iron & Steel Co Ltd [100.0%],China,Asia Pacific,CHN,30.907561,117.772866,56.0,1350.0,1,BF; BOF,6386761084.181079,25135376136.461826,27,30.875,117.79166667,4.040704109466612
P100000120356,Tongling Xuanli Special Steel Co Ltd,Tongling City Xuanli Special Steel Co Ltd,Ma'anshan Jiatong Enterprise Management Partnership (General Partnership) [96.0%]; unknown [4.0%],China,Asia Pacific,CHN,31.062807,117.956015,17.0,2700.0,1,BF; BOF,322755495.5135918,21605735396.12543,26,31.04166667,117.95833333,2.3610519701242416
P100000121137,Tongshan Liguo Iron and Steel Co Ltd,Tongshan Liguo Iron and Steel Co Ltd,Tongshan Liguo Iron and Steel Co Ltd [100.0%],China,Asia Pacific,CHN,34.55486,117.327039,19.58,,0,BF; BOF,261090607.59518936,10876233654.99632,26,34.54166667,117.29166667,3.556288877962531
P100000120672,Topy Industries Toyohashi steel plant,Topy Industries Ltd,Topy Industries Ltd [100.0%],Japan,Asia Pacific,JPN,34.719644,137.322259,68.0,960.0,1,EAF,6515425440.511312,158685074239.12527,15,34.70833333,137.29166667,3.066052507917545
P100000121194,Uttam Galva Ferrous Bellary steel plant,Uttam Galva Ferous Ltd,Uttam Galva Ferous Ltd [100.0%],India,Asia Pacific,IND,15.184613,76.824905,,,0,BF; BOF,354990517.4078579,4519592959.189082,24,15.20833333,76.79166667,4.436012716616099
P100001054309,Vardhman Special Steels Ludhiana steel plant,Vardhman Special Steels Limited,Vardhman Special Steels Limited [100.0%],India,Asia Pacific,IND,30.890103,75.908673,,,0,EAF,2490777403.6033077,25439001955.699738,26,30.875,75.875,3.62578855630752
P100000121205,Vedanta Sesa Goa Pig Iron Plant,Vedanta Iron and Steel Ltd,Vedanta Ltd [100.0%],India,Asia Pacific,IND,15.526866,73.986671,34.0,0.0,1,BF,607137556.302787,8358368004.412622,22,15.54166667,73.95833333,3.453295222703845
P100000120244,Weifang Special Steel Group Co Ltd,Weifang SPECIAL Steel Group Co Ltd,Weiao (Shandong) Investment Co Ltd [100.0%],China,Asia Pacific,CHN,36.644469,119.238427,32.28,3000.0,1,BF; BOF,3368126297.6347632,114727029898.5694,27,36.625,119.20833333,3.449214265410661
P100001064114,Weining Hengchang Furnace Charge & Casting Co Ltd,Weining Hengchang Furnace Charge & Casting Co Ltd,Weining Hengchang Furnace Charge & Casting Co Ltd [100.0%],China,Asia Pacific,CHN,26.783556,104.394517,21.69,0.0,1,BF,21953226.651415624,1844144744.320357,25,26.79166667,104.375,2.1369324105764114
P100000120541,Welspun Metallics Anjar Steel plant,Welspun Corp Ltd,Welspun Corp Ltd [100.0%],India,Asia Pacific,IND,23.112781,70.0866885,22.0,288.0,1,BF; DRI; IF; BOF; Iron other/unspecified,786684238.6823866,5161848237.772778,25,23.125,70.125,4.146837000392898
P100000120296,WISCO Group Kunming Steel Co Ltd Anning Branch,WISCO Group Kunming Steel Co Ltd,WISCO Group Kunming Steel Co Ltd [100.0%],China,Asia Pacific,CHN,24.947687,102.367394,9.71,,0,BF; BOF,401331048.2710037,13718221618.356405,24,24.95833333,102.375,1.4104661323282355
P100000120297,WISCO Group Kunming Steel Co Ltd Honghe Iron and Steel Company,Honghe Iron and Steel Co Ltd,China Baowu Steel Group Co Ltd [48.4%]; Kunming Iron & Steel Holding Co Ltd [40.3%]; unknown [4.2%],China,Asia Pacific,CHN,23.470733,103.272784,17.92,,0,BF; BOF,1145833787.5269697,13576165467.68438,25,23.45833333,103.29166667,2.3686791348127336
P100000120299,WISCO Group Kunming Steel Co Ltd New District Branch,WISCO Group Kunming Steel Co Ltd,WISCO Group Kunming Steel Co Ltd [100.0%],China,Asia Pacific,CHN,24.953261,102.378082,13.83,2276.0,2,BF; BOF,401331048.2710037,18309452908.09807,24,24.95833333,102.375,0.6439369855610683
P100000120298,WISCO Group Kunming Steel Co Ltd Yuxi Xinxing Steel Company,Yuxi Xinxing Iron & Steel Co Ltd,China Baowu Steel Group Co Ltd [48.4%]; Kunming Iron & Steel Holding Co Ltd [40.3%]; unknown [4.2%],China,Asia Pacific,CHN,24.249024,102.521747,22.06,,0,BF; BOF,204193710.09956524,20694712598.90511,26,24.20833333,102.54166667,4.954984734609635
P100000121069,WISCO Group Xiangyang Heavy Equipment Materials Co Ltd,WISCO Group Xiangyang Heavy Equipment MATERIALS Co Ltd,China Baowu Steel Group Co Ltd [100.0%],China,Asia Pacific,CHN,32.10704,112.235621,27.0,,0,EAF,6115679576.442959,63284746767.76681,27,32.125,112.20833333,3.254660832238281
P100000120134,Wu an Mingfang Iron and Steel Co Ltd,Wuan Mingfang Iron & Steel Co Ltd,Hebei Taihang Iron and Steel Group Co Ltd [100.0%],China,Asia Pacific,CHN,36.710754,114.207855,37.0,,0,BF; BOF,6917400988.421546,69987899829.69107,31,36.70833333,114.20833333,0.27252299519448475
P100000120114,Wu an Yuhua Iron and Steel Co Ltd,Wuan Yuhua Steel Co Ltd,Jinan Iron & Steel Group Co Ltd [88.1%]; natural person(s) [11.9%],China,Asia Pacific,CHN,36.731752,114.098377,38.0,2700.0,1,BF; BOF,2791499561.2492723,23436220267.451225,28,36.70833333,114.125,3.5230318397693567
P100000121085,Wu'an Yongcheng Zhuye Co Ltd,Wu'an Yongcheng Zhuye Co Ltd,Wu'an Yongcheng Zhuye Co Ltd [100.0%],China,Asia Pacific,CHN,36.660278,113.993995,19.0,,0,BF; BOF,188809636.46592227,20162046027.316326,29,36.625,113.95833333,5.0508730852793855
P100000120357,Wugang Zhongjia Iron and Steel Co Ltd,Wugang Zhongjia Iron & Steel Co Ltd,Henan Wugang Huayu Materials Co Ltd [75.0%]; Hongxing (Hong Kong) Co Ltd [25.0%],China,Asia Pacific,CHN,33.29175,113.458011,24.0,0.0,1,BF,642394331.888709,5882609232.865211,28,33.29166667,113.45833333,0.031359608051883
P100000120340,Wuhai Baogang Wanteng Iron and Steel Co Ltd,Wuhai Baogang Wanteng Iron and Steel Co Ltd,Beijing Jianlong Investment Co Ltd [59.2%]; Inner Mongolia Yellow River Energy Technology Group Co Ltd [32.8%]; unknown [8.1%],China,Asia Pacific,CHN,39.855971,106.886647,15.0,2000.0,1,BF; BOF,111523145.34028804,4238109972.7364726,29,39.875,106.875,2.337797064478306
P100000120171,Wuhan Iron and Steel Co Ltd,Wuhan Iron and Steel Co Ltd,Baoshan Iron & Steel Co Ltd [100.0%],China,Asia Pacific,CHN,30.616222,114.444975,67.44,15907.0,1,BF; BOF,13274108766.720098,792587500359.3319,27,30.625,114.45833333,1.6083082546141025
P100000120174,Wuhan Shunle Stainless Steel Co Ltd,Wuhan Shunle Stainless Steel Co Ltd,natural person(s) [83.0%]; Hubei Jinshenglan Investment Group Co Ltd [17.0%],China,Asia Pacific,CHN,30.394434,114.257701,27.0,,0,EAF,11843724400.76606,500124516336.5328,26,30.375,114.29166667,3.9095722389973946
P100000120073,Wuhu Fuxin Iron and Steel Co Ltd,Wuhu Fuxin Iron & Steel Co Ltd,Wuhu Fuxin Iron & Steel Co Ltd [100.0%],China,Asia Pacific,CHN,31.194505,118.067833,23.0,2000.0,1,BF; BOF,203072621.1319695,14988877836.50761,26,31.20833333,118.04166667,2.925403122421522
P100000120068,Wuhu Xinxing Ductile Iron Pipes Co Ltd,Wuhu Xinxing Ductile Iron Pipes Co Ltd,Xinxing Ductile Iron Pipes Co Ltd [100.0%],China,Asia Pacific,CHN,31.229893,118.150867,23.0,2000.0,1,BF; BOF; EAF,1042494789.8844099,47168529761.85726,27,31.20833333,118.125,3.434773446657165
P100000120354,Wulanhot Steel Co Ltd,Wulanhot Iron & Steel Co Ltd,Jingye Group Co Ltd [100.0%],China,Asia Pacific,CHN,46.055685,122.063282,26.64,1350.0,1,BF; BOF,3362380016.537606,6821890942.147777,33,46.04166667,122.04166667,2.283090422016027
P100000120204,Wuxi Xinsanzhou Steel Co Ltd,Wuxi Xinsanzhou Special Steel Co Ltd,Wuxi Xinsanzhou Special Steel Co Ltd [100.0%],China,Asia Pacific,CHN,31.681005,120.251785,39.84,,0,BF; BOF,11935089663.247892,449267726416.3338,27,31.70833333,120.29166667,4.844756693067203
P100000120161,Wuyang Iron and Steel Co Ltd,Wuyang Iron and Steel Co Ltd,HBIS Group Co Ltd [53.1%]; China Baowu Steel Group Co Ltd [27.7%]; China Huarong Asset Management Co Ltd [8.3%]; HBIS Co Ltd [8.1%]; unknown [2.8%],China,Asia Pacific,CHN,33.287536,113.474328,56.0,5040.0,1,BF; BOF; EAF,642394331.888709,5845812635.478317,28,33.29166667,113.45833333,1.5560194863062915
P100000120365,Wuzhou Yongda Iron and Steel Co Ltd,Wuzhou Yongda Steel Works Co Ltd,Wuzhou Yongda Steel Works Co Ltd [100.0%],China,Asia Pacific,CHN,23.524465,111.2402,17.0,1851.0,1,EAF,607979569.3111423,17168553692.681128,26,23.54166667,111.20833333,3.7699730031851946
P100000120366,Wuzhou Yongda Special Steel Co Ltd,Wuzhou Yongda Special Steel Co Ltd,Wuzhou Yongda Steel Works Co Ltd [100.0%],China,Asia Pacific,CHN,23.520307,111.229981,15.0,1000.0,1,EAF,607979569.3111423,17160960324.747433,24,23.54166667,111.20833333,3.242171762815677
P100000120263,Xiangfen County Xingyuan Steel Group Co Ltd,Xiangfen County Xingyuan Steel Group Co Ltd,Xiangfen County Xingyuan Steel Group Co Ltd [100.0%],China,Asia Pacific,CHN,35.880324,111.387956,20.2,,0,BF; BOF,643103075.7903618,19056212538.259308,28,35.875,111.375,1.3088471126639682
P100000120272,Xiangfen County Xinjinshan Special Steel Co Ltd,Xiangfen County XinJinShan Special Steel Co Ltd,Fujian Huaya Group Co Ltd [64.1%]; natural person(s) [32.8%]; unknown [3.2%],China,Asia Pacific,CHN,35.934831,111.49707,23.06,,0,BF; BOF,517374334.2584018,35543973253.642296,28,35.95833333,111.45833333,4.357654098896396
P100000120551,Xindia Steels Koppal plant,Xindia Steels Ltd,China Minmetals Corp [14.3%]; Kelachandra Group [14.3%]; Manasara Group [14.3%]; Shanxi HONGDA Iron and Steel Group Co Ltd [14.3%]; The Joinus Venture Capital Co Ltd [14.3%]; Xinxing Cathay International Group Co Ltd [14.3%]; McWane Inc,India,Asia Pacific,IND,15.293421,76.234947,,,0,BF; BOF; DRI,185356174.34875867,2889703798.4029384,24,15.29166667,76.20833333,2.8611828997955344
P100000120116,Xingtai Iron and Steel Co Ltd,Xingtai Iron and Steel Co Ltd,Hebei Jianen Trading Co Ltd [48.1%]; Xing Steel Fine Wire Holdings Co Ltd [26.0%]; Xingtai Jinglin Trading Co Ltd [25.9%],China,Asia Pacific,CHN,37.041601,114.452352,68.0,3060.0,1,BF; BOF,22537446243.2497,74501064540.9767,31,37.04166667,114.45833333,0.530927287811463
P100000121135,Xingtai Iron and Steel Co Ltd Weixian,Xingtai Iron and Steel Co Ltd,Hebei Jianen Trading Co Ltd [48.1%]; Xing Steel Fine Wire Holdings Co Ltd [26.0%]; Xingtai Jinglin Trading Co Ltd [25.9%],China,Asia Pacific,CHN,37.032089,115.366112,,,0,EAF; Iron other/unspecified,39957715.31269484,6472006656.450387,29,37.04166667,115.375,1.3253611592335552
P100000120233,Xining Special Steel Co Ltd,Xining Special Steel Co Ltd,Xining Special Steel Co Ltd [100.0%],China,Asia Pacific,CHN,36.66856,101.671414,28.37,2040.0,1,BF; BOF; EAF,3718700727.8378444,78026869502.55952,28,36.70833333,101.70833333,5.51330439491025
P100000120155,Xinji Aosen Iron and Steel Group Co Ltd,Xinji AOSEN Steel Group Co Ltd,Xinji AOSEN Steel Group Co Ltd [100.0%],China,Asia Pacific,CHN,37.752351,115.184798,24.0,3600.0,1,BF; BOF,215529762.4241828,13574145863.527412,31,37.79166667,115.20833333,4.836431191404886
P100000120295,Xinjiang Daan Special Steel Co Ltd,Xinjiang Da'an Special Steel Co Ltd,Xinjiang Da'an Special Steel Co Ltd [100.0%],China,Asia Pacific,CHN,42.700465,93.542466,14.86,1000.0,1,BF; BOF,21656190.748155303,9838831673.420708,31,42.70833333,93.54166667,0.8773542191909773
P100001023534,Xinjiang Ka Steel Group Co,Xinjiang Ka Steel Group Co,Xinjiang Ka Steel Group Co [100.0%],China,Asia Pacific,CHN,39.142997,76.161589,4.25,1000.0,1,BF; BOF,4239302.117930701,1938076204.0944707,29,39.125,76.125,3.7368442734681095
P100000120290,Xinjiang Kingtec Steel Co Ltd,Xinjiang KingTec Steel Co Ltd,Shanghai Xuantong Technology Development Co Ltd [66.0%]; Shanghai Juhang Industrial Co Ltd [32.8%]; unknown [1.2%],China,Asia Pacific,CHN,42.674192,86.280156,22.28,1334.0,1,BF; BOF,93932.5409826021,6606673.245409169,31,42.70833333,86.29166667,3.911177382271993
P100000120292,Xinjiang Kunyu Iron and Steel Co Ltd,Xinjiang Kunyu Lron & Steel Co Ltd,Shiheng Special Steel Holding Group Co Ltd [54.7%]; Hong Kong Wing Tai Holdings [22.0%]; unknown [15.9%]; Trade Union Committee of Shiheng Special Steel Group [7.4%],China,Asia Pacific,CHN,44.404189,84.966753,14.72,,0,BF; BOF,499486217.0650745,11889550874.642717,31,44.375,84.95833333,3.313908761028726
P100000120410,Xinjiang Minxin Iron and Steel Group Minhang Special Steel Co Ltd,Xinjiang Minxin Iron and Steel (Group) Minhang Special Steel Co Ltd,Xinjiang MINXIN Steei (GROUP) Co Ltd [100.0%],China,Asia Pacific,CHN,44.080866,88.417209,14.79,1110.0,1,EAF,1337515.1727294303,59593299.33300615,34,44.04166667,88.45833333,5.458643849930466
P100000120291,Xinjiang Tianshan Iron and Steel Bazhou Co Ltd,Xinxing Ductile Iron Pipes Xinjiang Co Ltd,China Baowu Steel Group Co Ltd [79.3%]; Xinjiang Investment Development (Group) Co Ltd [5.2%]; Industrial and Commercial Bank of China Ltd [5.0%]; Bank of China Ltd [3.8%]; Agricultural Bank of China Ltd [3.6%]; unknown [3.0%],China,Asia Pacific,CHN,42.333321,86.302481,15.46,2000.0,1,BF; BOF; EAF,31013010.919899933,271826943.1926223,32,42.29166667,86.29166667,4.7163438128149835
P100000120294,Xinjiang Xinan Special Steel Co Ltd,Xinjiang Xin'an Special Steel Co Ltd,Xinjiang Xin'an Special Steel Co Ltd [100.0%],China,Asia Pacific,CHN,44.290299,86.595826,14.3,400.0,1,EAF,2447855.543441533,739642083.1246699,32,44.29166667,86.625,2.3270421941373365
P100000120293,Xinjiang Yili Iron and Steel Co Ltd,Xinjiang Yili Iron and Steel Co Ltd,Xinjiang Yili Iron and Steel Co Ltd [100.0%],China,Asia Pacific,CHN,43.526808,83.294323,68.0,1000.0,1,BF; BOF,36347068.67769812,168536163.50178665,31,43.54166667,83.29166667,1.6660294396303716
P100000120214,Xinyu Iron and Steel Group Co Ltd,Xinyu Iron & Steel Corp Ltd,Xinyu Iron & Steel Corp Ltd [100.0%],China,Asia Pacific,CHN,27.786859,114.921595,68.0,11001.0,2,BF; BOF; EAF,7022275672.93845,15455467882.228136,26,27.79166667,114.95833333,3.653302749392422
P100000120242,Xiwang Metal Science Technology Co Ltd,Xiwang METAL Science Technology Co Ltd,Xiwang Special Steel Co Ltd [99.6%]; unknown [0.4%],China,Asia Pacific,CHN,36.928208,117.694654,14.01,,0,BF; BOF; EAF,1079457394.0062003,43933464738.779526,29,36.95833333,117.70833333,3.5635633960972743
P100000120104,Xuanhua Iron and Steel Group Co Ltd,Xuanhua Iron and Steel Group Co Ltd,Xuanhua Iron and Steel Group Co Ltd [100.0%],China,Asia Pacific,CHN,40.589591,115.090889,102.0,,0,BF; BOF,1534319950.0774214,22606855032.389935,31,40.625,115.125,4.8779484263327
P100000120200,Xuzhou Baofeng Special Steel Co Ltd,Xuzhou Baofeng Special Steel Co Ltd,natural person(s) [89.6%]; Xuzhou Haijin Trading Co Ltd [10.0%]; unknown [0.5%],China,Asia Pacific,CHN,34.364872,117.322633,11.94,,0,BF; BOF,1369908468.9113462,121674889947.54335,26,34.375,117.29166667,3.0571277773324126
P100000120381,Xuzhou Jinhong Iron and Steel Group Co Ltd,Xuzhou Jinhong Iron and Steel Group Co Ltd,Xuzhou Jinhong Iron and Steel Group Co Ltd [100.0%],China,Asia Pacific,CHN,34.500122,116.908897,25.58,1000.0,1,EAF,62626478.12289046,10422400731.94734,28,34.54166667,116.875,5.566371910394502
P100000120208,Xuzhou Taifa Special Steel Group Co Ltd,Xuzhou TaiFa Special Steel Technology Co Ltd,Xuzhou TaiFa Special Steel Technology Co Ltd [100.0%],China,Asia Pacific,CHN,34.448514,117.271876,16.0,,0,BF; BOF,279149401.67212856,94087654447.62613,28,34.45833333,117.29166667,2.1177709494042802
P100000120673,Yamato Steel Himeji Plant,Yamato Steel Co Ltd,Yamato Kogyo Co Ltd [100.0%],Japan,Asia Pacific,JPN,34.783319,134.604616,65.0,700.0,1,EAF,11107163158.787853,115067025618.52832,17,34.79166667,134.625,2.0800895709983727
P100000120310,Yancheng Lianxin Iron and Steel Co Ltd,Yancheng Lianxin Steel Co Ltd,Huachuang Jiangsu Investment Co Ltd [80.4%]; natural person(s) [19.6%],China,Asia Pacific,CHN,33.211332,120.774892,68.0,3200.0,2,BF; BOF; EAF,47191425.791021824,1209931655.8535104,13,33.20833333,120.70833333,6.201165193688147
P100000120088,Yangchun New Steel Co Ltd,Yangchun New Iron & Steel Co Ltd,Hunan Valin Steel Co Ltd [51.0%]; Hunan Valin Iron & Steel Group Co Ltd [24.7%]; unknown [14.1%]; Hunan Development Investment Group Co Ltd [3.6%]; Hunan Caixin Financial Holding Group Co Ltd [3.5%]; Hunan Xingxiang Investment Holding Group Co Ltd [3.1%],China,Asia Pacific,CHN,22.084904,111.642187,19.0,2400.0,1,BF; BOF,126961940.125218,3221363170.291931,26,22.125,111.625,4.7972050811578555
P100000121048,Yangzhou Hengrun Ocean Heavy Industry Co Ltd,Yangzhou Hengrun Ocean Heavy Industry Co Ltd,Yangzhou Hengrun Ocean Heavy Industry Co Ltd [100.0%],China,Asia Pacific,CHN,32.249602,119.620438,13.36,3300.0,1,BF; BOF,1835372768.9161925,161364871737.22955,26,32.20833333,119.625,4.608892959498033
P100000120203,Yangzhou Qinyou Special Metal Materials Co Ltd,Yangzhou Qinyou Special Metal Materials Co Ltd,Yangzhou Qinyou Special Metal Materials Co Ltd [100.0%],China,Asia Pacific,CHN,32.838703,119.425236,24.7,2400.0,1,BF; BOF,361408387.5824465,12183217479.764217,28,32.875,119.45833333,5.084014459173553
P100000120253,Yantai Walsin Stainless Steel Co Ltd,Yantai Walsin Stainless Steel Co Ltd,Huaxin Special Steel Holdings Co Ltd [75.0%]; Walsin Lihwa Holdings Ltd [4.6%]; Concord Industries Ltd,China,Asia Pacific,CHN,37.548627,121.277488,18.92,1400.0,1,EAF,18963550948.945488,84855701294.55832,18,37.54166667,121.29166667,1.4702424205361957
P100000121032,Yazdani Steel and Power Kalinganagar steel plant,Yazdani Steel and Power Ltd,Serajuddin & Co,India,Asia Pacific,IND,20.928285,86.036604,23.0,110.0,1,DRI; IF; Steel other/unspecified,864289310.3874147,7776768014.566373,24,20.95833333,86.04166667,3.3823379994567673
P100000121075,Yichang Fulong Iron and Steel Co Ltd,Yichang Fulong Iron & Steel Co Ltd,Hubei Rongfu Real Estate Group Co Ltd [50.0%]; natural person(s) [50.0%],China,Asia Pacific,CHN,30.586332,111.398846,,,0,EAF,3382709142.716387,40350607236.31745,26,30.625,111.375,4.867819093337008
P100000120230,Yingkou Iron and Steel Co Ltd,Yingkou Iron & Steel Co Ltd,Liaoning Jiachen Holding Group Co Ltd [84.6%]; The China Orient Asset Management Co Ltd [14.3%]; unknown [1.2%],China,Asia Pacific,CHN,40.664651,122.415057,15.23,2800.0,1,BF; BOF,758099574.9849542,50632408986.63063,28,40.625,122.375,5.555282515827755
P100000120301,Yunnan Desheng Iron and Steel Co Ltd,Yunnan Desheng Steel Co Ltd,Haojun Development Group Co Ltd [49.0%]; natural person(s) [29.5%]; Yunnan Desheng Logistics Co Ltd [21.5%],China,Asia Pacific,CHN,25.142516,102.077727,25.47,1350.0,2,BF; BOF; EAF,179784996.6136446,661664933.6198207,26,25.125,102.04166667,4.119590170208461
P100000120353,Yunnan Jingye Steel Co Ltd,Yunnan Jingye Steel Co,Jingye Group Co Ltd [100.0%],China,Asia Pacific,CHN,25.023852,102.312086,2.5,,0,BF; BOF,59127258.8221577,9862079770.101097,24,25.04166667,102.29166667,2.8559155093578568
P100001063458,Yunnan Muguang Industry and Trade Co Ltd,Yunnan Muguang Industry and Trade Co Ltd,Yunnan Muguang Industry and Trade Co Ltd [100.0%],China,Asia Pacific,CHN,24.077079,102.771634,12.3,850.0,1,BF; BOF,106654789.90736285,4794889713.000853,27,24.04166667,102.79166667,4.431987321798264
P100001063508,Yunnan Qujing Iron & Steel Group Yue Steel Iron & Steel Co Ltd,Yunnan Qujing Iron & Steel Group Yue Steel Iron & Steel Co Ltd,Yunnan Qujing Iron & Steel Group Yue Steel Iron & Steel Co Ltd [100.0%],China,Asia Pacific,CHN,25.304544,103.889418,56.0,,0,BF; BOF,135064897.5047968,11173900847.72073,25,25.29166667,103.875,2.0374622155197417
P100000120302,Yunnan Qujing Iron and Steel Group Chenggang Iron and Steel Co Ltd,Yunnan Qujing Iron and Steel Group Chenggang Iron and Steel Co Ltd,Yunan Qujing Shuangyou Steel Co Ltd [25.0%]; Yunnan Qujing Chenggang Iron and Steel (Group) Co Ltd [25.0%]; Fujian XINPENG Investment Co Ltd [16.6%]; Xuanwei Laibin Fenghuang Steel Co Ltd [16.0%]; Qujing Julida Steel Co Ltd [8.0%]; Qujing Wuyue New Energy Technology Co Ltd [5.5%]; Yunnan Tongyanbao Trading Co Ltd [1.7%]; unknown [1.0%]; Yunnan Qujing Yaochang Trade Co Ltd [0.9%]; Qujing Botong Trading Co Ltd [0.4%],China,Asia Pacific,CHN,25.45543,103.547242,12.5,2600.0,1,BF; BOF,240153183.6302977,11180249599.132427,24,25.45833333,103.54166667,0.6461825310058172
P100000120303,Yunnan Qujing Iron and Steel Group Fenghuang Steel Co Ltd,Yunnan Qujing Iron and Steel Group Co Ltd,Yunan Qujing Shuangyou Steel Co Ltd [25.0%]; Yunnan Qujing Chenggang Iron and Steel (Group) Co Ltd [25.0%]; Fujian XINPENG Investment Co Ltd [16.6%]; Xuanwei Laibin Fenghuang Steel Co Ltd [16.0%]; Qujing Julida Steel Co Ltd [8.0%]; Qujing Wuyue New Energy Technology Co Ltd [5.5%]; Yunnan Tongyanbao Trading Co Ltd [1.7%]; unknown [1.0%]; Yunnan Qujing Yaochang Trade Co Ltd [0.9%]; Qujing Botong Trading Co Ltd [0.4%],China,Asia Pacific,CHN,26.275342,104.168311,12.55,1400.0,1,EAF,54580293.24053438,4352750659.950534,26,26.29166667,104.20833333,4.383678832628057
P100000120407,Yunnan Qujing Iron and Steel Group Yanggang Iron and Steel Co Ltd,Yunnan Qujing Iron and Steel Group Yanggang Iron and Steel Co Ltd,Yunan Qujing Shuangyou Steel Co Ltd [25.0%]; Yunnan Qujing Chenggang Iron and Steel (Group) Co Ltd [25.0%]; Fujian XINPENG Investment Co Ltd [16.6%]; Xuanwei Laibin Fenghuang Steel Co Ltd [16.0%]; Qujing Julida Steel Co Ltd [8.0%]; Qujing Wuyue New Energy Technology Co Ltd [5.5%]; Yunnan Tongyanbao Trading Co Ltd [1.7%]; unknown [1.0%]; Yunnan Qujing Yaochang Trade Co Ltd [0.9%]; Qujing Botong Trading Co Ltd [0.4%],China,Asia Pacific,CHN,25.308777,103.876391,4.89,,0,BF; BOF,135064897.5047968,11143526487.144861,23,25.29166667,103.875,1.907716446921858
P100001061536,Yunnan Qujing Shuangyou Iron and Steel Co Ltd,Yunnan Qujing Shuangyou Iron and Steel Co Ltd,Yunnan Qujing Shuangyou Iron and Steel Co Ltd [100.0%],China,Asia Pacific,CHN,25.54218,103.781041,14.0,0.0,1,BF; BOF,7472321818.171346,22671464730.300274,24,25.54166667,103.79166667,1.0675791263096006
P100000120352,Yunnan Tiangao Nickel Alloy Co Ltd,YunNan Province Tiangao Nickel Alloy Co Ltd,Sichuan Jinguang Industry (Group) Co Ltd [63.9%]; unknown [29.8%]; Sichuan Shiting Ecology Agriculture Technology Co Ltd [6.2%],China,Asia Pacific,CHN,24.80128,104.063455,16.16,500.0,1,EAF; BF; BOF,229330969.90024498,1500009317.3442175,25,24.79166667,104.04166667,2.445395556491698
P100000120300,Yunnan Yuxi Iron and Steel Group Yukun Iron and Steel Co Ltd,Yunnan Yuxi Iron and Steel Group Yukun Iron and Steel Co Ltd,Yunnan Yuxi Iron and Steel Group Yukun Iron and Steel Co Ltd [100.0%],China,Asia Pacific,CHN,24.465884,102.543682,12.09,7042.0,1,BF; BOF,932314590.9645125,19905614083.66219,23,24.45833333,102.54166667,0.8640203395375704
P100000120321,Yunnan Yuxi Xianfu Iron and Steel Group Co Ltd,Yunnan Yuxi Xianfu Iron and Steel (Group) Co Ltd,Yunnan Yuxi Xianfu Iron and Steel (Group) Co Ltd [100.0%],China,Asia Pacific,CHN,24.012309,102.186364,24.53,2980.0,1,BF; BOF; EAF,20949106.01836089,477546589.2204616,26,24.04166667,102.20833333,3.9540881664399845
P100001061571,Yuxi Huixi Metal Casting Products Co Ltd,Yuxi Huixi Metal Casting Products Co Ltd,Yuxi Huixi Metal Casting Products Co Ltd [100.0%],China,Asia Pacific,CHN,24.360481,102.481118,19.71,850.0,1,BF; BOF,1153461107.3559847,19337954883.57608,25,24.375,102.45833333,2.8164820080673367
P100001063460,Yuxi Iron and Steel Group Zhenfei Iron and Steel Co Ltd,Yuxi Iron and Steel Group Zhenfei Iron and Steel Co Ltd,Yuxi Iron and Steel Group Zhenfei Iron and Steel Co Ltd [100.0%],China,Asia Pacific,CHN,24.074756,102.765983,6.46,,0,EAF,106654789.90736285,4794889713.000853,27,24.04166667,102.79166667,4.509816646688202
P100000120193,Zenith Steel Group Co Ltd,Zenith Steel Group Co Ltd,Zenith Steel Group Co Ltd [100.0%],China,Asia Pacific,CHN,31.707656,120.079591,24.39,3700.0,1,BF; BOF; EAF,18149919723.49238,439851361202.70654,26,31.70833333,120.04166667,3.5883507675155135
P100000120332,Zenith Steel Group Nantong Co Ltd,Zenith Steel Group (Nantong) Co Ltd,Zenith Steel Group Co Ltd [100.0%],China,Asia Pacific,CHN,32.133954,121.513173,4.0,5850.0,1,BF; BOF; EAF,1230988127.1191046,5264441163.741128,14,32.04166667,121.54166667,10.607177726171766
P100000121084,Zhejiang Tsingshan Iron and Steel Co Ltd,Zhejiang TSINGSHAN IRON&STEEL Co Ltd,unknown [32.4%]; TSINGSHAN Holding Group Co Ltd [30.0%]; Shanghai Decent Investment (Group) Co Ltd [23.0%]; Zhejiang Qingshan Business Management Co Ltd [8.6%]; natural person(s) [6.0%],China,Asia Pacific,CHN,28.136096,120.380401,21.8,500.0,1,EAF,1195110580.909999,23408680120.06053,24,28.125,120.375,1.3426891439337785
P100000120408,Zhejiang Wantai Special Steel Co Ltd,Zhejiang Wantai Special Steel Co Ltd,Zhejiang Wantai Special Steel Co Ltd [100.0%],China,Asia Pacific,CHN,30.944342,120.971803,22.54,1200.0,1,EAF,3208888731.268896,182225850715.98544,26,30.95833333,120.95833333,2.017502582830679
P100000120404,Zhejiang Yuxin Industrial Co Ltd,Zhejiang Yuxin Industrial Co Ltd,Zhejiang Yuxin Industrial Co Ltd [100.0%],China,Asia Pacific,CHN,28.787202,120.248592,25.24,1100.0,1,EAF,511578477.6555888,16931017984.408175,26,28.79166667,120.20833333,3.9545280762663193
P100000121068,Zhengzhou Yongtong Special Steel Co Ltd,Zhengzhou YONGTONG SPECIAL Steel Co Ltd,Wing Fung International Ltd [100.0%],China,Asia Pacific,CHN,34.64443,112.937985,29.0,,0,EAF,349309237.1561481,28438371237.697952,28,34.625,112.95833333,2.8519628578553466
P100000121082,Zhenshi Group Eastern Special Steel Co Ltd,Zhenshi Group EASTERN SPECIAL Steel Co Ltd,Zhenshi Holding Group Co Ltd [70.3%]; Tongxiang Wushi Trading Co Ltd [23.9%]; unknown [4.5%]; Huakai Investment Co Ltd [1.3%],China,Asia Pacific,CHN,30.720411,120.898518,54.0,700.0,1,EAF,2908351559.15047,143511638411.2139,25,30.70833333,120.875,2.6188218941729096
P100000120129,Zhongpu Handan Iron and Steel Co Ltd,Zhongpu (Handan) Iron and Steel Co Ltd,Longxiang Group (Hong Kong) [66.8%]; Hebei Puyang Industrial Group Co Ltd [33.2%],China,Asia Pacific,CHN,36.721376,113.910271,23.0,2250.0,1,BF; BOF; EAF,296202759.7826058,9064068513.111492,27,36.70833333,113.875,3.462308761251003
P100000120209,Zhongxin Iron and Steel Group Co Ltd,Zhongxin Iron and Steel Group Co Ltd,Zhongxin Iron and Steel Group Co Ltd [100.0%],China,Asia Pacific,CHN,34.368618,118.31556,22.34,5400.0,1,BF; BOF,2852869883.3872247,11632354500.728123,27,34.375,118.29166667,2.30488253731779
P100000120346,Zhongye Dongfang Jiangsu Heavy Industry Co Ltd,BERIS Jiangsu Heavy Industry Co Ltd,Jiangsu Feida Co Ltd [65.0%]; Metallurgical Corporation of China Ltd [18.0%]; natural person(s) [15.0%]; unknown [2.0%],China,Asia Pacific,CHN,32.104319,119.792126,16.33,2000.0,1,EAF,178113102.28059617,67465694863.543724,22,32.125,119.79166667,2.300032316779483
P100000120086,Zhuhai Yueyufeng Iron and Steel Co Ltd,Zhuhai Yueyufeng IRON&STEEL Co Ltd,Golden Bell Enterprises Ltd [41.5%]; Xuan Gang International Trading (HK) Co Ltd [41.5%]; Yinglong Industrial Co Ltd [16.9%],China,Asia Pacific,CHN,21.96092,113.198718,24.0,3051.0,1,BF; BOF,2524762539.6796427,4503349087.958043,5,22.125,113.20833333,18.27178405273744
P100000121079,Zibo Qilin Fushan Iron and Steel Co Ltd,Zibo Qilin Fushan Steel Co Ltd,Jinghua Rigang Holding Group Co Ltd [50.4%]; Shandong Zibo Fushan Enterprise Group Co Ltd [25.0%]; natural person(s) [24.0%]; unknown [0.6%],China,Asia Pacific,CHN,36.887998,118.145416,18.33,,0,BF; BOF,5698841287.0221615,128050471588.71373,28,36.875,118.125,2.320828941348419
P100001063593,Zijin County Dongri Casting Co Ltd,Zijin County Dongri Foundry Co Ltd,Zijin County Dongri Foundry Co Ltd [100.0%],China,Asia Pacific,CHN,23.356612,114.769565,16.0,720.0,1,EAF,12925770.443472354,598060312.5693009,24,23.375,114.79166667,3.044731520234521
P100000120403,Zunyi Changling Special Steel Co Ltd,Zunyi Changling Special Steel Co Ltd,natural person(s) [45.0%]; Guizhou Jinshengan Investment Group Co Ltd [41.9%]; unknown [6.7%]; Jin Jun'an Investment Group Co Ltd [6.4%],China,Asia Pacific,CHN,27.614947,106.949752,22.0,825.0,1,EAF,3047624310.877063,43134590411.06217,24,27.625,106.95833333,1.4015644242664111
P100000120359,Zunyi Fuxin Special Steel Equipment Manufacturing Co Ltd,Zunyi County Fuxin Iron & Steel Product Co Ltd,Zunyi County Fuxin Iron & Steel Product Co Ltd [100.0%],China,Asia Pacific,CHN,27.591697,106.815453,33.0,1150.0,1,EAF,288427354.33009654,39984761441.50749,27,27.625,106.79166667,4.382509311833934
